solid Uranium STLWriter Wed 09 Oct 2024 23:13:33
facet normal 0.0 0.0 0.0
  outer loop
    vertex -9.632880210876465 5.771730899810791 2.1500000953674316
    vertex -10.221877098083496 5.834839820861816 2.1500000953674316
    vertex -9.65999984741211 5.522365093231201 2.1500000953674316
  endloop
endfacet
facet normal 0.0 0.0 0.0
  outer loop
    vertex -9.65999984741211 5.522365093231201 2.1500000953674316
    vertex -10.221877098083496 5.834839820861816 2.1500000953674316
    vertex -10.25 5.522365093231201 2.1500000953674316
  endloop
endfacet
facet normal 0.0 0.0 0.0
  outer loop
    vertex -9.65999984741211 5.522365093231201 2.1500000953674316
    vertex -10.25 5.522365093231201 2.1500000953674316
    vertex -10.221877098083496 5.209890365600586 2.1500000953674316
  endloop
endfacet
facet normal 0.0 0.0 0.0
  outer loop
    vertex -10.221877098083496 5.834839820861816 2.1500000953674316
    vertex -9.632880210876465 5.771730899810791 2.1500000953674316
    vertex -10.138410568237305 6.137270927429199 2.1500000953674316
  endloop
endfacet
facet normal 0.0 0.0 0.0
  outer loop
    vertex -10.138410568237305 6.137270927429199 2.1500000953674316
    vertex -9.632880210876465 5.771730899810791 2.1500000953674316
    vertex -9.552786827087402 6.00943660736084 2.1500000953674316
  endloop
endfacet
facet normal 0.0 0.0 0.0
  outer loop
    vertex -10.138410568237305 6.137270927429199 2.1500000953674316
    vertex -9.552786827087402 6.00943660736084 2.1500000953674316
    vertex -10.00228500366211 6.419939041137695 2.1500000953674316
  endloop
endfacet
facet normal 0.0 0.0 0.0
  outer loop
    vertex -10.00228500366211 6.419939041137695 2.1500000953674316
    vertex -9.552786827087402 6.00943660736084 2.1500000953674316
    vertex -9.423467636108398 6.224367141723633 2.1500000953674316
  endloop
endfacet
facet normal 0.0 0.0 0.0
  outer loop
    vertex -10.00228500366211 6.419939041137695 2.1500000953674316
    vertex -9.423467636108398 6.224367141723633 2.1500000953674316
    vertex -9.817874908447266 6.673758029937744 2.1500000953674316
  endloop
endfacet
facet normal 0.0 0.0 0.0
  outer loop
    vertex -9.817874908447266 6.673758029937744 2.1500000953674316
    vertex -9.423467636108398 6.224367141723633 2.1500000953674316
    vertex -9.250967979431152 6.406473159790039 2.1500000953674316
  endloop
endfacet
facet normal 0.0 0.0 0.0
  outer loop
    vertex -9.817874908447266 6.673758029937744 2.1500000953674316
    vertex -9.250967979431152 6.406473159790039 2.1500000953674316
    vertex -9.591107368469238 6.890570163726807 2.1500000953674316
  endloop
endfacet
facet normal 0.0 0.0 0.0
  outer loop
    vertex -9.591107368469238 6.890570163726807 2.1500000953674316
    vertex -9.250967979431152 6.406473159790039 2.1500000953674316
    vertex -9.043354034423828 6.547239303588867 2.1500000953674316
  endloop
endfacet
facet normal 0.0 0.0 0.0
  outer loop
    vertex -9.591107368469238 6.890570163726807 2.1500000953674316
    vertex -9.043354034423828 6.547239303588867 2.1500000953674316
    vertex -9.329270362854004 7.063406944274902 2.1500000953674316
  endloop
endfacet
facet normal 0.0 0.0 0.0
  outer loop
    vertex -9.329270362854004 7.063406944274902 2.1500000953674316
    vertex -9.043354034423828 6.547239303588867 2.1500000953674316
    vertex -9.040780067443848 7.186714172363281 2.1500000953674316
  endloop
endfacet
facet normal 0.0 0.0 0.0
  outer loop
    vertex -9.040780067443848 7.186714172363281 2.1500000953674316
    vertex -9.043354034423828 6.547239303588867 2.1500000953674316
    vertex -8.810333251953125 6.640083312988281 2.1500000953674316
  endloop
endfacet
facet normal 0.0 0.0 0.0
  outer loop
    vertex -9.040780067443848 7.186714172363281 2.1500000953674316
    vertex -8.810333251953125 6.640083312988281 2.1500000953674316
    vertex -8.734908103942871 7.256526947021484 2.1500000953674316
  endloop
endfacet
facet normal 0.0 0.0 0.0
  outer loop
    vertex -8.734908103942871 7.256526947021484 2.1500000953674316
    vertex -8.810333251953125 6.640083312988281 2.1500000953674316
    vertex -8.562801361083984 6.6806640625 2.1500000953674316
  endloop
endfacet
facet normal 0.0 0.0 0.0
  outer loop
    vertex -8.734908103942871 7.256526947021484 2.1500000953674316
    vertex -8.562801361083984 6.6806640625 2.1500000953674316
    vertex -8.421486854553223 7.270603179931641 2.1500000953674316
  endloop
endfacet
facet normal 0.0 0.0 0.0
  outer loop
    vertex -8.421486854553223 7.270603179931641 2.1500000953674316
    vertex -8.562801361083984 6.6806640625 2.1500000953674316
    vertex -8.312333106994629 6.667084217071533 2.1500000953674316
  endloop
endfacet
facet normal 0.0 0.0 0.0
  outer loop
    vertex -8.421486854553223 7.270603179931641 2.1500000953674316
    vertex -8.312333106994629 6.667084217071533 2.1500000953674316
    vertex -8.110588073730469 7.228488922119141 2.1500000953674316
  endloop
endfacet
facet normal 0.0 0.0 0.0
  outer loop
    vertex -8.110588073730469 7.228488922119141 2.1500000953674316
    vertex -8.312333106994629 6.667084217071533 2.1500000953674316
    vertex -8.070639610290527 6.599977970123291 2.1500000953674316
  endloop
endfacet
facet normal 0.0 0.0 0.0
  outer loop
    vertex -8.110588073730469 7.228488922119141 2.1500000953674316
    vertex -8.070639610290527 6.599977970123291 2.1500000953674316
    vertex -7.812206268310547 7.131539344787598 2.1500000953674316
  endloop
endfacet
facet normal 0.0 0.0 0.0
  outer loop
    vertex -7.812206268310547 7.131539344787598 2.1500000953674316
    vertex -8.070639610290527 6.599977970123291 2.1500000953674316
    vertex -7.84902286529541 6.482484340667725 2.1500000953674316
  endloop
endfacet
facet normal 0.0 0.0 0.0
  outer loop
    vertex -7.812206268310547 7.131539344787598 2.1500000953674316
    vertex -7.84902286529541 6.482484340667725 2.1500000953674316
    vertex -7.535930156707764 6.982868194580078 2.1500000953674316
  endloop
endfacet
facet normal 0.0 0.0 0.0
  outer loop
    vertex -7.535930156707764 6.982868194580078 2.1500000953674316
    vertex -7.84902286529541 6.482484340667725 2.1500000953674316
    vertex -7.290639877319336 6.787256240844727 2.1500000953674316
  endloop
endfacet
facet normal 0.0 0.0 0.0
  outer loop
    vertex -7.290639877319336 6.787256240844727 2.1500000953674316
    vertex -7.84902286529541 6.482484340667725 2.1500000953674316
    vertex -7.6578450202941895 6.320096492767334 2.1500000953674316
  endloop
endfacet
facet normal 0.0 0.0 0.0
  outer loop
    vertex -7.290639877319336 6.787256240844727 2.1500000953674316
    vertex -7.6578450202941895 6.320096492767334 2.1500000953674316
    vertex -7.084219932556152 6.550989151000977 2.1500000953674316
  endloop
endfacet
facet normal 0.0 0.0 0.0
  outer loop
    vertex -7.084219932556152 6.550989151000977 2.1500000953674316
    vertex -7.6578450202941895 6.320096492767334 2.1500000953674316
    vertex -7.506045818328857 6.120407581329346 2.1500000953674316
  endloop
endfacet
facet normal 0.0 0.0 0.0
  outer loop
    vertex -7.084219932556152 6.550989151000977 2.1500000953674316
    vertex -7.506045818328857 6.120407581329346 2.1500000953674316
    vertex -6.923304080963135 6.281661510467529 2.1500000953674316
  endloop
endfacet
facet normal 0.0 0.0 0.0
  outer loop
    vertex -6.923304080963135 6.281661510467529 2.1500000953674316
    vertex -7.506045818328857 6.120407581329346 2.1500000953674316
    vertex -7.400722026824951 5.892755031585693 2.1500000953674316
  endloop
endfacet
facet normal 0.0 0.0 0.0
  outer loop
    vertex -6.923304080963135 6.281661510467529 2.1500000953674316
    vertex -7.400722026824951 5.892755031585693 2.1500000953674316
    vertex -6.813065052032471 5.987929344177246 2.1500000953674316
  endloop
endfacet
facet normal 0.0 0.0 0.0
  outer loop
    vertex -6.813065052032471 5.987929344177246 2.1500000953674316
    vertex -7.400722026824951 5.892755031585693 2.1500000953674316
    vertex -7.346799850463867 5.647783279418945 2.1500000953674316
  endloop
endfacet
facet normal 0.0 0.0 0.0
  outer loop
    vertex -6.813065052032471 5.987929344177246 2.1500000953674316
    vertex -7.346799850463867 5.647783279418945 2.1500000953674316
    vertex -6.757044792175293 5.679234027862549 2.1500000953674316
  endloop
endfacet
facet normal 0.0 0.0 0.0
  outer loop
    vertex -6.757044792175293 5.679234027862549 2.1500000953674316
    vertex -7.346799850463867 5.647783279418945 2.1500000953674316
    vertex -6.757044792175293 5.3654961585998535 2.1500000953674316
  endloop
endfacet
facet normal 0.0 0.0 0.0
  outer loop
    vertex -6.757044792175293 5.3654961585998535 2.1500000953674316
    vertex -7.346799850463867 5.647783279418945 2.1500000953674316
    vertex -7.346799850463867 5.396946907043457 2.1500000953674316
  endloop
endfacet
facet normal 0.0 0.0 0.0
  outer loop
    vertex -6.757044792175293 5.3654961585998535 2.1500000953674316
    vertex -7.346799850463867 5.396946907043457 2.1500000953674316
    vertex -6.813065052032471 5.056800842285156 2.1500000953674316
  endloop
endfacet
facet normal 0.0 0.0 0.0
  outer loop
    vertex -6.813065052032471 5.056800842285156 2.1500000953674316
    vertex -7.346799850463867 5.396946907043457 2.1500000953674316
    vertex -7.400722026824951 5.151975154876709 2.1500000953674316
  endloop
endfacet
facet normal 0.0 0.0 0.0
  outer loop
    vertex -6.813065052032471 5.056800842285156 2.1500000953674316
    vertex -7.400722026824951 5.151975154876709 2.1500000953674316
    vertex -6.923304080963135 4.763068675994873 2.1500000953674316
  endloop
endfacet
facet normal 0.0 0.0 0.0
  outer loop
    vertex -6.923304080963135 4.763068675994873 2.1500000953674316
    vertex -7.400722026824951 5.151975154876709 2.1500000953674316
    vertex -7.506045818328857 4.924322605133057 2.1500000953674316
  endloop
endfacet
facet normal 0.0 0.0 0.0
  outer loop
    vertex -6.923304080963135 4.763068675994873 2.1500000953674316
    vertex -7.506045818328857 4.924322605133057 2.1500000953674316
    vertex -7.084219932556152 4.493741035461426 2.1500000953674316
  endloop
endfacet
facet normal 0.0 0.0 0.0
  outer loop
    vertex -7.084219932556152 4.493741035461426 2.1500000953674316
    vertex -7.506045818328857 4.924322605133057 2.1500000953674316
    vertex -7.6578450202941895 4.724633693695068 2.1500000953674316
  endloop
endfacet
facet normal 0.0 0.0 0.0
  outer loop
    vertex -7.084219932556152 4.493741035461426 2.1500000953674316
    vertex -7.6578450202941895 4.724633693695068 2.1500000953674316
    vertex -7.290639877319336 4.257473945617676 2.1500000953674316
  endloop
endfacet
facet normal 0.0 0.0 0.0
  outer loop
    vertex -7.290639877319336 4.257473945617676 2.1500000953674316
    vertex -7.6578450202941895 4.724633693695068 2.1500000953674316
    vertex -7.84902286529541 4.562245845794678 2.1500000953674316
  endloop
endfacet
facet normal 0.0 0.0 0.0
  outer loop
    vertex -7.290639877319336 4.257473945617676 2.1500000953674316
    vertex -7.84902286529541 4.562245845794678 2.1500000953674316
    vertex -7.535930156707764 4.061861991882324 2.1500000953674316
  endloop
endfacet
facet normal 0.0 0.0 0.0
  outer loop
    vertex -7.535930156707764 4.061861991882324 2.1500000953674316
    vertex -7.84902286529541 4.562245845794678 2.1500000953674316
    vertex -7.812206268310547 3.913191080093384 2.1500000953674316
  endloop
endfacet
facet normal 0.0 0.0 0.0
  outer loop
    vertex -7.812206268310547 3.913191080093384 2.1500000953674316
    vertex -7.84902286529541 4.562245845794678 2.1500000953674316
    vertex -8.070639610290527 4.444752216339111 2.1500000953674316
  endloop
endfacet
facet normal 0.0 0.0 0.0
  outer loop
    vertex -7.812206268310547 3.913191080093384 2.1500000953674316
    vertex -8.070639610290527 4.444752216339111 2.1500000953674316
    vertex -8.110588073730469 3.8162412643432617 2.1500000953674316
  endloop
endfacet
facet normal 0.0 0.0 0.0
  outer loop
    vertex -8.110588073730469 3.8162412643432617 2.1500000953674316
    vertex -8.070639610290527 4.444752216339111 2.1500000953674316
    vertex -8.312333106994629 4.377645969390869 2.1500000953674316
  endloop
endfacet
facet normal 0.0 0.0 0.0
  outer loop
    vertex -8.110588073730469 3.8162412643432617 2.1500000953674316
    vertex -8.312333106994629 4.377645969390869 2.1500000953674316
    vertex -8.421486854553223 3.7741270065307617 2.1500000953674316
  endloop
endfacet
facet normal 0.0 0.0 0.0
  outer loop
    vertex -8.421486854553223 3.7741270065307617 2.1500000953674316
    vertex -8.312333106994629 4.377645969390869 2.1500000953674316
    vertex -8.562801361083984 4.364066123962402 2.1500000953674316
  endloop
endfacet
facet normal 0.0 0.0 0.0
  outer loop
    vertex -8.421486854553223 3.7741270065307617 2.1500000953674316
    vertex -8.562801361083984 4.364066123962402 2.1500000953674316
    vertex -8.734908103942871 3.788203239440918 2.1500000953674316
  endloop
endfacet
facet normal 0.0 0.0 0.0
  outer loop
    vertex -8.734908103942871 3.788203239440918 2.1500000953674316
    vertex -8.562801361083984 4.364066123962402 2.1500000953674316
    vertex -8.810333251953125 4.404646873474121 2.1500000953674316
  endloop
endfacet
facet normal 0.0 0.0 0.0
  outer loop
    vertex -8.734908103942871 3.788203239440918 2.1500000953674316
    vertex -8.810333251953125 4.404646873474121 2.1500000953674316
    vertex -9.040780067443848 3.858016014099121 2.1500000953674316
  endloop
endfacet
facet normal 0.0 0.0 0.0
  outer loop
    vertex -9.040780067443848 3.858016014099121 2.1500000953674316
    vertex -8.810333251953125 4.404646873474121 2.1500000953674316
    vertex -9.043354034423828 4.497490882873535 2.1500000953674316
  endloop
endfacet
facet normal 0.0 0.0 0.0
  outer loop
    vertex -9.040780067443848 3.858016014099121 2.1500000953674316
    vertex -9.043354034423828 4.497490882873535 2.1500000953674316
    vertex -9.329270362854004 3.9813232421875 2.1500000953674316
  endloop
endfacet
facet normal 0.0 0.0 0.0
  outer loop
    vertex -9.329270362854004 3.9813232421875 2.1500000953674316
    vertex -9.043354034423828 4.497490882873535 2.1500000953674316
    vertex -9.591107368469238 4.154160022735596 2.1500000953674316
  endloop
endfacet
facet normal 0.0 0.0 0.0
  outer loop
    vertex -9.591107368469238 4.154160022735596 2.1500000953674316
    vertex -9.043354034423828 4.497490882873535 2.1500000953674316
    vertex -9.250967979431152 4.638257026672363 2.1500000953674316
  endloop
endfacet
facet normal 0.0 0.0 0.0
  outer loop
    vertex -9.591107368469238 4.154160022735596 2.1500000953674316
    vertex -9.250967979431152 4.638257026672363 2.1500000953674316
    vertex -9.817874908447266 4.370972156524658 2.1500000953674316
  endloop
endfacet
facet normal 0.0 0.0 0.0
  outer loop
    vertex -9.817874908447266 4.370972156524658 2.1500000953674316
    vertex -9.250967979431152 4.638257026672363 2.1500000953674316
    vertex -9.423467636108398 4.8203630447387695 2.1500000953674316
  endloop
endfacet
facet normal 0.0 0.0 0.0
  outer loop
    vertex -9.817874908447266 4.370972156524658 2.1500000953674316
    vertex -9.423467636108398 4.8203630447387695 2.1500000953674316
    vertex -10.00228500366211 4.624791145324707 2.1500000953674316
  endloop
endfacet
facet normal 0.0 0.0 0.0
  outer loop
    vertex -10.00228500366211 4.624791145324707 2.1500000953674316
    vertex -9.423467636108398 4.8203630447387695 2.1500000953674316
    vertex -9.552786827087402 5.0352935791015625 2.1500000953674316
  endloop
endfacet
facet normal 0.0 0.0 0.0
  outer loop
    vertex -10.00228500366211 4.624791145324707 2.1500000953674316
    vertex -9.552786827087402 5.0352935791015625 2.1500000953674316
    vertex -10.138410568237305 4.907459259033203 2.1500000953674316
  endloop
endfacet
facet normal 0.0 0.0 0.0
  outer loop
    vertex -10.138410568237305 4.907459259033203 2.1500000953674316
    vertex -9.552786827087402 5.0352935791015625 2.1500000953674316
    vertex -9.632880210876465 5.272999286651611 2.1500000953674316
  endloop
endfacet
facet normal 0.0 0.0 0.0
  outer loop
    vertex -10.138410568237305 4.907459259033203 2.1500000953674316
    vertex -9.632880210876465 5.272999286651611 2.1500000953674316
    vertex -10.221877098083496 5.209890365600586 2.1500000953674316
  endloop
endfacet
facet normal 0.0 0.0 0.0
  outer loop
    vertex -10.221877098083496 5.209890365600586 2.1500000953674316
    vertex -9.632880210876465 5.272999286651611 2.1500000953674316
    vertex -9.65999984741211 5.522365093231201 2.1500000953674316
  endloop
endfacet
facet normal 0.0 0.0 0.0
  outer loop
    vertex -12.471923828125 5.995457649230957 1.0
    vertex -12.471923828125 5.995457649230957 0.0
    vertex -12.5 5.522365093231201 1.0
  endloop
endfacet
facet normal 0.0 0.0 0.0
  outer loop
    vertex -12.5 5.522365093231201 1.0
    vertex -12.471923828125 5.995457649230957 0.0
    vertex -12.5 5.522365093231201 0.0
  endloop
endfacet
facet normal 0.0 0.0 0.0
  outer loop
    vertex -12.5 5.522365093231201 1.0
    vertex -12.5 5.522365093231201 0.0
    vertex -12.471923828125 5.049272537231445 1.0
  endloop
endfacet
facet normal 0.0 0.0 0.0
  outer loop
    vertex -12.471923828125 5.049272537231445 1.0
    vertex -12.5 5.522365093231201 0.0
    vertex -12.471923828125 5.049272537231445 0.0
  endloop
endfacet
facet normal 0.0 0.0 0.0
  outer loop
    vertex -12.471923828125 5.049272537231445 1.0
    vertex -12.471923828125 5.049272537231445 0.0
    vertex -12.388092041015625 4.582820892333984 0.0
  endloop
endfacet
facet normal 0.0 0.0 0.0
  outer loop
    vertex -12.471923828125 5.995457649230957 1.0
    vertex -12.388092041015625 6.461909294128418 1.0
    vertex -12.471923828125 5.995457649230957 0.0
  endloop
endfacet
facet normal 0.0 0.0 0.0
  outer loop
    vertex -12.471923828125 5.995457649230957 0.0
    vertex -12.388092041015625 6.461909294128418 1.0
    vertex -12.388092041015625 6.461909294128418 0.0
  endloop
endfacet
facet normal 0.0 0.0 0.0
  outer loop
    vertex -12.388092041015625 6.461909294128418 0.0
    vertex -12.388092041015625 6.461909294128418 1.0
    vertex -12.249679565429688 6.915172100067139 1.0
  endloop
endfacet
facet normal 0.0 0.0 0.0
  outer loop
    vertex -12.388092041015625 6.461909294128418 0.0
    vertex -12.249679565429688 6.915172100067139 1.0
    vertex -12.249679565429688 6.915172100067139 0.0
  endloop
endfacet
facet normal 0.0 0.0 0.0
  outer loop
    vertex -12.249679565429688 6.915172100067139 0.0
    vertex -12.249679565429688 6.915172100067139 1.0
    vertex -12.05862808227539 7.34888219833374 1.0
  endloop
endfacet
facet normal 0.0 0.0 0.0
  outer loop
    vertex -12.249679565429688 6.915172100067139 0.0
    vertex -12.05862808227539 7.34888219833374 1.0
    vertex -12.05862808227539 7.34888219833374 0.0
  endloop
endfacet
facet normal 0.0 0.0 0.0
  outer loop
    vertex -12.05862808227539 7.34888219833374 0.0
    vertex -12.05862808227539 7.34888219833374 1.0
    vertex -11.817623138427734 7.756952285766602 1.0
  endloop
endfacet
facet normal 0.0 0.0 0.0
  outer loop
    vertex -12.05862808227539 7.34888219833374 0.0
    vertex -11.817623138427734 7.756952285766602 1.0
    vertex -11.817623138427734 7.756952285766602 0.0
  endloop
endfacet
facet normal 0.0 0.0 0.0
  outer loop
    vertex -11.817623138427734 7.756952285766602 0.0
    vertex -11.817623138427734 7.756952285766602 1.0
    vertex -11.530044555664062 8.13365364074707 1.0
  endloop
endfacet
facet normal 0.0 0.0 0.0
  outer loop
    vertex -11.817623138427734 7.756952285766602 0.0
    vertex -11.530044555664062 8.13365364074707 1.0
    vertex -11.530044555664062 8.13365364074707 0.0
  endloop
endfacet
facet normal 0.0 0.0 0.0
  outer loop
    vertex -11.530044555664062 8.13365364074707 0.0
    vertex -11.530044555664062 8.13365364074707 1.0
    vertex -11.199932098388672 8.473697662353516 1.0
  endloop
endfacet
facet normal 0.0 0.0 0.0
  outer loop
    vertex -11.530044555664062 8.13365364074707 0.0
    vertex -11.199932098388672 8.473697662353516 1.0
    vertex -11.199932098388672 8.473697662353516 0.0
  endloop
endfacet
facet normal 0.0 0.0 0.0
  outer loop
    vertex -11.199932098388672 8.473697662353516 0.0
    vertex -11.199932098388672 8.473697662353516 1.0
    vertex -10.831917762756348 8.772313117980957 1.0
  endloop
endfacet
facet normal 0.0 0.0 0.0
  outer loop
    vertex -11.199932098388672 8.473697662353516 0.0
    vertex -10.831917762756348 8.772313117980957 1.0
    vertex -10.831917762756348 8.772313117980957 0.0
  endloop
endfacet
facet normal 0.0 0.0 0.0
  outer loop
    vertex -10.831917762756348 8.772313117980957 0.0
    vertex -10.831917762756348 8.772313117980957 1.0
    vertex -10.431169509887695 9.025304794311523 1.0
  endloop
endfacet
facet normal 0.0 0.0 0.0
  outer loop
    vertex -10.831917762756348 8.772313117980957 0.0
    vertex -10.431169509887695 9.025304794311523 1.0
    vertex -10.431169509887695 9.025304794311523 0.0
  endloop
endfacet
facet normal 0.0 0.0 0.0
  outer loop
    vertex -10.431169509887695 9.025304794311523 0.0
    vertex -10.431169509887695 9.025304794311523 1.0
    vertex -10.003310203552246 9.22912311553955 1.0
  endloop
endfacet
facet normal 0.0 0.0 0.0
  outer loop
    vertex -10.431169509887695 9.025304794311523 0.0
    vertex -10.003310203552246 9.22912311553955 1.0
    vertex -10.003310203552246 9.22912311553955 0.0
  endloop
endfacet
facet normal 0.0 0.0 0.0
  outer loop
    vertex -10.003310203552246 9.22912311553955 0.0
    vertex -10.003310203552246 9.22912311553955 1.0
    vertex -9.554348945617676 9.38090705871582 1.0
  endloop
endfacet
facet normal 0.0 0.0 0.0
  outer loop
    vertex -10.003310203552246 9.22912311553955 0.0
    vertex -9.554348945617676 9.38090705871582 1.0
    vertex -9.554348945617676 9.38090705871582 0.0
  endloop
endfacet
facet normal 0.0 0.0 0.0
  outer loop
    vertex -9.554348945617676 9.38090705871582 0.0
    vertex -9.554348945617676 9.38090705871582 1.0
    vertex -9.09058666229248 9.47852611541748 1.0
  endloop
endfacet
facet normal 0.0 0.0 0.0
  outer loop
    vertex -9.554348945617676 9.38090705871582 0.0
    vertex -9.09058666229248 9.47852611541748 1.0
    vertex -9.09058666229248 9.47852611541748 0.0
  endloop
endfacet
facet normal 0.0 0.0 0.0
  outer loop
    vertex -9.09058666229248 9.47852611541748 0.0
    vertex -9.09058666229248 9.47852611541748 1.0
    vertex -8.61853313446045 9.520607948303223 1.0
  endloop
endfacet
facet normal 0.0 0.0 0.0
  outer loop
    vertex -9.09058666229248 9.47852611541748 0.0
    vertex -8.61853313446045 9.520607948303223 1.0
    vertex -8.61853313446045 9.520607948303223 0.0
  endloop
endfacet
facet normal 0.0 0.0 0.0
  outer loop
    vertex -8.61853313446045 9.520607948303223 0.0
    vertex -8.61853313446045 9.520607948303223 1.0
    vertex -8.144816398620605 9.506564140319824 1.0
  endloop
endfacet
facet normal 0.0 0.0 0.0
  outer loop
    vertex -8.61853313446045 9.520607948303223 0.0
    vertex -8.144816398620605 9.506564140319824 1.0
    vertex -8.144816398620605 9.506564140319824 0.0
  endloop
endfacet
facet normal 0.0 0.0 0.0
  outer loop
    vertex -8.144816398620605 9.506564140319824 0.0
    vertex -8.144816398620605 9.506564140319824 1.0
    vertex -7.676085472106934 9.436591148376465 1.0
  endloop
endfacet
facet normal 0.0 0.0 0.0
  outer loop
    vertex -8.144816398620605 9.506564140319824 0.0
    vertex -7.676085472106934 9.436591148376465 1.0
    vertex -7.676085472106934 9.436591148376465 0.0
  endloop
endfacet
facet normal 0.0 0.0 0.0
  outer loop
    vertex -7.676085472106934 9.436591148376465 0.0
    vertex -7.676085472106934 9.436591148376465 1.0
    vertex -7.218920707702637 9.311670303344727 1.0
  endloop
endfacet
facet normal 0.0 0.0 0.0
  outer loop
    vertex -7.676085472106934 9.436591148376465 0.0
    vertex -7.218920707702637 9.311670303344727 1.0
    vertex -7.218920707702637 9.311670303344727 0.0
  endloop
endfacet
facet normal 0.0 0.0 0.0
  outer loop
    vertex -7.218920707702637 9.311670303344727 0.0
    vertex -7.218920707702637 9.311670303344727 1.0
    vertex -6.779738903045654 9.133556365966797 1.0
  endloop
endfacet
facet normal 0.0 0.0 0.0
  outer loop
    vertex -7.218920707702637 9.311670303344727 0.0
    vertex -6.779738903045654 9.133556365966797 1.0
    vertex -6.779738903045654 9.133556365966797 0.0
  endloop
endfacet
facet normal 0.0 0.0 0.0
  outer loop
    vertex -6.779738903045654 9.133556365966797 0.0
    vertex -6.779738903045654 9.133556365966797 1.0
    vertex -6.364706039428711 8.904748916625977 1.0
  endloop
endfacet
facet normal 0.0 0.0 0.0
  outer loop
    vertex -6.779738903045654 9.133556365966797 0.0
    vertex -6.364706039428711 8.904748916625977 1.0
    vertex -6.364706039428711 8.904748916625977 0.0
  endloop
endfacet
facet normal 0.0 0.0 0.0
  outer loop
    vertex -6.364706039428711 8.904748916625977 0.0
    vertex -6.364706039428711 8.904748916625977 1.0
    vertex -5.979649066925049 8.628459930419922 1.0
  endloop
endfacet
facet normal 0.0 0.0 0.0
  outer loop
    vertex -6.364706039428711 8.904748916625977 0.0
    vertex -5.979649066925049 8.628459930419922 1.0
    vertex -5.979649066925049 8.628459930419922 0.0
  endloop
endfacet
facet normal 0.0 0.0 0.0
  outer loop
    vertex -5.979649066925049 8.628459930419922 0.0
    vertex -5.979649066925049 8.628459930419922 1.0
    vertex -5.629971027374268 8.308568954467773 1.0
  endloop
endfacet
facet normal 0.0 0.0 0.0
  outer loop
    vertex -5.979649066925049 8.628459930419922 0.0
    vertex -5.629971027374268 8.308568954467773 1.0
    vertex -5.629971027374268 8.308568954467773 0.0
  endloop
endfacet
facet normal 0.0 0.0 0.0
  outer loop
    vertex -5.629971027374268 8.308568954467773 0.0
    vertex -5.629971027374268 8.308568954467773 1.0
    vertex -5.320581912994385 7.949565887451172 1.0
  endloop
endfacet
facet normal 0.0 0.0 0.0
  outer loop
    vertex -5.629971027374268 8.308568954467773 0.0
    vertex -5.320581912994385 7.949565887451172 1.0
    vertex -5.320581912994385 7.949565887451172 0.0
  endloop
endfacet
facet normal 0.0 0.0 0.0
  outer loop
    vertex -5.320581912994385 7.949565887451172 0.0
    vertex -5.320581912994385 7.949565887451172 1.0
    vertex -5.055826187133789 7.556488990783691 1.0
  endloop
endfacet
facet normal 0.0 0.0 0.0
  outer loop
    vertex -5.320581912994385 7.949565887451172 0.0
    vertex -5.055826187133789 7.556488990783691 1.0
    vertex -5.055826187133789 7.556488990783691 0.0
  endloop
endfacet
facet normal 0.0 0.0 0.0
  outer loop
    vertex -5.055826187133789 7.556488990783691 0.0
    vertex -5.055826187133789 7.556488990783691 1.0
    vertex -4.839417934417725 7.134859085083008 1.0
  endloop
endfacet
facet normal 0.0 0.0 0.0
  outer loop
    vertex -5.055826187133789 7.556488990783691 0.0
    vertex -4.839417934417725 7.134859085083008 1.0
    vertex -4.839417934417725 7.134859085083008 0.0
  endloop
endfacet
facet normal 0.0 0.0 0.0
  outer loop
    vertex -4.839417934417725 7.134859085083008 0.0
    vertex -4.839417934417725 7.134859085083008 1.0
    vertex -4.67439603805542 6.690591812133789 1.0
  endloop
endfacet
facet normal 0.0 0.0 0.0
  outer loop
    vertex -4.839417934417725 7.134859085083008 0.0
    vertex -4.67439603805542 6.690591812133789 1.0
    vertex -4.67439603805542 6.690591812133789 0.0
  endloop
endfacet
facet normal 0.0 0.0 0.0
  outer loop
    vertex -4.67439603805542 6.690591812133789 0.0
    vertex -4.67439603805542 6.690591812133789 1.0
    vertex -4.563077926635742 6.229926109313965 1.0
  endloop
endfacet
facet normal 0.0 0.0 0.0
  outer loop
    vertex -4.67439603805542 6.690591812133789 0.0
    vertex -4.563077926635742 6.229926109313965 1.0
    vertex -4.563077926635742 6.229926109313965 0.0
  endloop
endfacet
facet normal 0.0 0.0 0.0
  outer loop
    vertex -4.563077926635742 6.229926109313965 0.0
    vertex -4.563077926635742 6.229926109313965 1.0
    vertex -4.507024765014648 5.759327411651611 1.0
  endloop
endfacet
facet normal 0.0 0.0 0.0
  outer loop
    vertex -4.563077926635742 6.229926109313965 0.0
    vertex -4.507024765014648 5.759327411651611 1.0
    vertex -4.507024765014648 5.759327411651611 0.0
  endloop
endfacet
facet normal 0.0 0.0 0.0
  outer loop
    vertex -4.507024765014648 5.759327411651611 0.0
    vertex -4.507024765014648 5.759327411651611 1.0
    vertex -4.507024765014648 5.285402774810791 1.0
  endloop
endfacet
facet normal 0.0 0.0 0.0
  outer loop
    vertex -4.507024765014648 5.759327411651611 0.0
    vertex -4.507024765014648 5.285402774810791 1.0
    vertex -4.507024765014648 5.285402774810791 0.0
  endloop
endfacet
facet normal 0.0 0.0 0.0
  outer loop
    vertex -4.507024765014648 5.285402774810791 0.0
    vertex -4.507024765014648 5.285402774810791 1.0
    vertex -4.563077926635742 4.8148040771484375 1.0
  endloop
endfacet
facet normal 0.0 0.0 0.0
  outer loop
    vertex -4.507024765014648 5.285402774810791 0.0
    vertex -4.563077926635742 4.8148040771484375 1.0
    vertex -4.563077926635742 4.8148040771484375 0.0
  endloop
endfacet
facet normal 0.0 0.0 0.0
  outer loop
    vertex -4.563077926635742 4.8148040771484375 0.0
    vertex -4.563077926635742 4.8148040771484375 1.0
    vertex -4.67439603805542 4.354138374328613 1.0
  endloop
endfacet
facet normal 0.0 0.0 0.0
  outer loop
    vertex -4.563077926635742 4.8148040771484375 0.0
    vertex -4.67439603805542 4.354138374328613 1.0
    vertex -4.67439603805542 4.354138374328613 0.0
  endloop
endfacet
facet normal 0.0 0.0 0.0
  outer loop
    vertex -4.67439603805542 4.354138374328613 0.0
    vertex -4.67439603805542 4.354138374328613 1.0
    vertex -4.839417934417725 3.9098711013793945 1.0
  endloop
endfacet
facet normal 0.0 0.0 0.0
  outer loop
    vertex -4.67439603805542 4.354138374328613 0.0
    vertex -4.839417934417725 3.9098711013793945 1.0
    vertex -4.839417934417725 3.9098711013793945 0.0
  endloop
endfacet
facet normal 0.0 0.0 0.0
  outer loop
    vertex -4.839417934417725 3.9098711013793945 0.0
    vertex -4.839417934417725 3.9098711013793945 1.0
    vertex -5.055826187133789 3.488241195678711 1.0
  endloop
endfacet
facet normal 0.0 0.0 0.0
  outer loop
    vertex -4.839417934417725 3.9098711013793945 0.0
    vertex -5.055826187133789 3.488241195678711 1.0
    vertex -5.055826187133789 3.488241195678711 0.0
  endloop
endfacet
facet normal 0.0 0.0 0.0
  outer loop
    vertex -5.055826187133789 3.488241195678711 0.0
    vertex -5.055826187133789 3.488241195678711 1.0
    vertex -5.320581912994385 3.0951640605926514 1.0
  endloop
endfacet
facet normal 0.0 0.0 0.0
  outer loop
    vertex -5.055826187133789 3.488241195678711 0.0
    vertex -5.320581912994385 3.0951640605926514 1.0
    vertex -5.320581912994385 3.0951640605926514 0.0
  endloop
endfacet
facet normal 0.0 0.0 0.0
  outer loop
    vertex -5.320581912994385 3.0951640605926514 0.0
    vertex -5.320581912994385 3.0951640605926514 1.0
    vertex -5.629971027374268 2.73616099357605 1.0
  endloop
endfacet
facet normal 0.0 0.0 0.0
  outer loop
    vertex -5.320581912994385 3.0951640605926514 0.0
    vertex -5.629971027374268 2.73616099357605 1.0
    vertex -5.629971027374268 2.73616099357605 0.0
  endloop
endfacet
facet normal 0.0 0.0 0.0
  outer loop
    vertex -5.629971027374268 2.73616099357605 0.0
    vertex -5.629971027374268 2.73616099357605 1.0
    vertex -5.979649066925049 2.4162700176239014 1.0
  endloop
endfacet
facet normal 0.0 0.0 0.0
  outer loop
    vertex -5.629971027374268 2.73616099357605 0.0
    vertex -5.979649066925049 2.4162700176239014 1.0
    vertex -5.979649066925049 2.4162700176239014 0.0
  endloop
endfacet
facet normal 0.0 0.0 0.0
  outer loop
    vertex -5.979649066925049 2.4162700176239014 0.0
    vertex -5.979649066925049 2.4162700176239014 1.0
    vertex -6.364706039428711 2.1399810314178467 1.0
  endloop
endfacet
facet normal 0.0 0.0 0.0
  outer loop
    vertex -5.979649066925049 2.4162700176239014 0.0
    vertex -6.364706039428711 2.1399810314178467 1.0
    vertex -6.364706039428711 2.1399810314178467 0.0
  endloop
endfacet
facet normal 0.0 0.0 0.0
  outer loop
    vertex -6.364706039428711 2.1399810314178467 0.0
    vertex -6.364706039428711 2.1399810314178467 1.0
    vertex -6.779738903045654 1.9111740589141846 1.0
  endloop
endfacet
facet normal 0.0 0.0 0.0
  outer loop
    vertex -6.364706039428711 2.1399810314178467 0.0
    vertex -6.779738903045654 1.9111740589141846 1.0
    vertex -6.779738903045654 1.9111740589141846 0.0
  endloop
endfacet
facet normal 0.0 0.0 0.0
  outer loop
    vertex -6.779738903045654 1.9111740589141846 0.0
    vertex -6.779738903045654 1.9111740589141846 1.0
    vertex -7.218920707702637 1.7330601215362549 1.0
  endloop
endfacet
facet normal 0.0 0.0 0.0
  outer loop
    vertex -6.779738903045654 1.9111740589141846 0.0
    vertex -7.218920707702637 1.7330601215362549 1.0
    vertex -7.218920707702637 1.7330601215362549 0.0
  endloop
endfacet
facet normal 0.0 0.0 0.0
  outer loop
    vertex -7.218920707702637 1.7330601215362549 0.0
    vertex -7.218920707702637 1.7330601215362549 1.0
    vertex -7.676085472106934 1.6081390380859375 1.0
  endloop
endfacet
facet normal 0.0 0.0 0.0
  outer loop
    vertex -7.218920707702637 1.7330601215362549 0.0
    vertex -7.676085472106934 1.6081390380859375 1.0
    vertex -7.676085472106934 1.6081390380859375 0.0
  endloop
endfacet
facet normal 0.0 0.0 0.0
  outer loop
    vertex -7.676085472106934 1.6081390380859375 0.0
    vertex -7.676085472106934 1.6081390380859375 1.0
    vertex -8.144816398620605 1.5381660461425781 1.0
  endloop
endfacet
facet normal 0.0 0.0 0.0
  outer loop
    vertex -7.676085472106934 1.6081390380859375 0.0
    vertex -8.144816398620605 1.5381660461425781 1.0
    vertex -8.144816398620605 1.5381660461425781 0.0
  endloop
endfacet
facet normal 0.0 0.0 0.0
  outer loop
    vertex -8.144816398620605 1.5381660461425781 0.0
    vertex -8.144816398620605 1.5381660461425781 1.0
    vertex -8.61853313446045 1.5241219997406006 1.0
  endloop
endfacet
facet normal 0.0 0.0 0.0
  outer loop
    vertex -8.144816398620605 1.5381660461425781 0.0
    vertex -8.61853313446045 1.5241219997406006 1.0
    vertex -8.61853313446045 1.5241219997406006 0.0
  endloop
endfacet
facet normal 0.0 0.0 0.0
  outer loop
    vertex -8.61853313446045 1.5241219997406006 0.0
    vertex -8.61853313446045 1.5241219997406006 1.0
    vertex -9.09058666229248 1.5662040710449219 1.0
  endloop
endfacet
facet normal 0.0 0.0 0.0
  outer loop
    vertex -8.61853313446045 1.5241219997406006 0.0
    vertex -9.09058666229248 1.5662040710449219 1.0
    vertex -9.09058666229248 1.5662040710449219 0.0
  endloop
endfacet
facet normal 0.0 0.0 0.0
  outer loop
    vertex -9.09058666229248 1.5662040710449219 0.0
    vertex -9.09058666229248 1.5662040710449219 1.0
    vertex -9.554348945617676 1.663823127746582 1.0
  endloop
endfacet
facet normal 0.0 0.0 0.0
  outer loop
    vertex -9.09058666229248 1.5662040710449219 0.0
    vertex -9.554348945617676 1.663823127746582 1.0
    vertex -9.554348945617676 1.663823127746582 0.0
  endloop
endfacet
facet normal 0.0 0.0 0.0
  outer loop
    vertex -9.554348945617676 1.663823127746582 0.0
    vertex -9.554348945617676 1.663823127746582 1.0
    vertex -10.003310203552246 1.8156070709228516 1.0
  endloop
endfacet
facet normal 0.0 0.0 0.0
  outer loop
    vertex -9.554348945617676 1.663823127746582 0.0
    vertex -10.003310203552246 1.8156070709228516 1.0
    vertex -10.003310203552246 1.8156070709228516 0.0
  endloop
endfacet
facet normal 0.0 0.0 0.0
  outer loop
    vertex -10.003310203552246 1.8156070709228516 0.0
    vertex -10.003310203552246 1.8156070709228516 1.0
    vertex -10.431169509887695 2.0194251537323 1.0
  endloop
endfacet
facet normal 0.0 0.0 0.0
  outer loop
    vertex -10.003310203552246 1.8156070709228516 0.0
    vertex -10.431169509887695 2.0194251537323 1.0
    vertex -10.431169509887695 2.0194251537323 0.0
  endloop
endfacet
facet normal 0.0 0.0 0.0
  outer loop
    vertex -10.431169509887695 2.0194251537323 0.0
    vertex -10.431169509887695 2.0194251537323 1.0
    vertex -10.831917762756348 2.2724170684814453 1.0
  endloop
endfacet
facet normal 0.0 0.0 0.0
  outer loop
    vertex -10.431169509887695 2.0194251537323 0.0
    vertex -10.831917762756348 2.2724170684814453 1.0
    vertex -10.831917762756348 2.2724170684814453 0.0
  endloop
endfacet
facet normal 0.0 0.0 0.0
  outer loop
    vertex -10.831917762756348 2.2724170684814453 0.0
    vertex -10.831917762756348 2.2724170684814453 1.0
    vertex -11.199932098388672 2.5710320472717285 1.0
  endloop
endfacet
facet normal 0.0 0.0 0.0
  outer loop
    vertex -10.831917762756348 2.2724170684814453 0.0
    vertex -11.199932098388672 2.5710320472717285 1.0
    vertex -11.199932098388672 2.5710320472717285 0.0
  endloop
endfacet
facet normal 0.0 0.0 0.0
  outer loop
    vertex -11.199932098388672 2.5710320472717285 0.0
    vertex -11.199932098388672 2.5710320472717285 1.0
    vertex -11.530044555664062 2.9110770225524902 1.0
  endloop
endfacet
facet normal 0.0 0.0 0.0
  outer loop
    vertex -11.199932098388672 2.5710320472717285 0.0
    vertex -11.530044555664062 2.9110770225524902 1.0
    vertex -11.530044555664062 2.9110770225524902 0.0
  endloop
endfacet
facet normal 0.0 0.0 0.0
  outer loop
    vertex -11.530044555664062 2.9110770225524902 0.0
    vertex -11.530044555664062 2.9110770225524902 1.0
    vertex -11.817623138427734 3.28777813911438 1.0
  endloop
endfacet
facet normal 0.0 0.0 0.0
  outer loop
    vertex -11.530044555664062 2.9110770225524902 0.0
    vertex -11.817623138427734 3.28777813911438 1.0
    vertex -11.817623138427734 3.28777813911438 0.0
  endloop
endfacet
facet normal 0.0 0.0 0.0
  outer loop
    vertex -11.817623138427734 3.28777813911438 0.0
    vertex -11.817623138427734 3.28777813911438 1.0
    vertex -12.05862808227539 3.695847988128662 1.0
  endloop
endfacet
facet normal 0.0 0.0 0.0
  outer loop
    vertex -11.817623138427734 3.28777813911438 0.0
    vertex -12.05862808227539 3.695847988128662 1.0
    vertex -12.05862808227539 3.695847988128662 0.0
  endloop
endfacet
facet normal 0.0 0.0 0.0
  outer loop
    vertex -12.05862808227539 3.695847988128662 0.0
    vertex -12.05862808227539 3.695847988128662 1.0
    vertex -12.249679565429688 4.129558086395264 1.0
  endloop
endfacet
facet normal 0.0 0.0 0.0
  outer loop
    vertex -12.05862808227539 3.695847988128662 0.0
    vertex -12.249679565429688 4.129558086395264 1.0
    vertex -12.249679565429688 4.129558086395264 0.0
  endloop
endfacet
facet normal 0.0 0.0 0.0
  outer loop
    vertex -12.249679565429688 4.129558086395264 0.0
    vertex -12.249679565429688 4.129558086395264 1.0
    vertex -12.388092041015625 4.582820892333984 1.0
  endloop
endfacet
facet normal 0.0 0.0 0.0
  outer loop
    vertex -12.249679565429688 4.129558086395264 0.0
    vertex -12.388092041015625 4.582820892333984 1.0
    vertex -12.388092041015625 4.582820892333984 0.0
  endloop
endfacet
facet normal 0.0 0.0 0.0
  outer loop
    vertex -12.388092041015625 4.582820892333984 0.0
    vertex -12.388092041015625 4.582820892333984 1.0
    vertex -12.471923828125 5.049272537231445 1.0
  endloop
endfacet
facet normal 0.0 0.0 0.0
  outer loop
    vertex -10.221877098083496 5.834839820861816 1.0
    vertex -12.471923828125 5.995457649230957 1.0
    vertex -10.25 5.522365093231201 1.0
  endloop
endfacet
facet normal 0.0 0.0 0.0
  outer loop
    vertex -10.25 5.522365093231201 1.0
    vertex -12.471923828125 5.995457649230957 1.0
    vertex -12.5 5.522365093231201 1.0
  endloop
endfacet
facet normal 0.0 0.0 0.0
  outer loop
    vertex -10.25 5.522365093231201 1.0
    vertex -12.5 5.522365093231201 1.0
    vertex -12.471923828125 5.049272537231445 1.0
  endloop
endfacet
facet normal 0.0 0.0 0.0
  outer loop
    vertex -12.471923828125 5.995457649230957 1.0
    vertex -10.221877098083496 5.834839820861816 1.0
    vertex -12.388092041015625 6.461909294128418 1.0
  endloop
endfacet
facet normal 0.0 0.0 0.0
  outer loop
    vertex -12.388092041015625 6.461909294128418 1.0
    vertex -10.221877098083496 5.834839820861816 1.0
    vertex -10.138410568237305 6.137270927429199 1.0
  endloop
endfacet
facet normal 0.0 0.0 0.0
  outer loop
    vertex -12.388092041015625 6.461909294128418 1.0
    vertex -10.138410568237305 6.137270927429199 1.0
    vertex -12.249679565429688 6.915172100067139 1.0
  endloop
endfacet
facet normal 0.0 0.0 0.0
  outer loop
    vertex -12.249679565429688 6.915172100067139 1.0
    vertex -10.138410568237305 6.137270927429199 1.0
    vertex -12.05862808227539 7.34888219833374 1.0
  endloop
endfacet
facet normal 0.0 0.0 0.0
  outer loop
    vertex -12.05862808227539 7.34888219833374 1.0
    vertex -10.138410568237305 6.137270927429199 1.0
    vertex -10.00228500366211 6.419939041137695 1.0
  endloop
endfacet
facet normal 0.0 0.0 0.0
  outer loop
    vertex -12.05862808227539 7.34888219833374 1.0
    vertex -10.00228500366211 6.419939041137695 1.0
    vertex -11.817623138427734 7.756952285766602 1.0
  endloop
endfacet
facet normal 0.0 0.0 0.0
  outer loop
    vertex -11.817623138427734 7.756952285766602 1.0
    vertex -10.00228500366211 6.419939041137695 1.0
    vertex -9.817874908447266 6.673758029937744 1.0
  endloop
endfacet
facet normal 0.0 0.0 0.0
  outer loop
    vertex -11.817623138427734 7.756952285766602 1.0
    vertex -9.817874908447266 6.673758029937744 1.0
    vertex -11.530044555664062 8.13365364074707 1.0
  endloop
endfacet
facet normal 0.0 0.0 0.0
  outer loop
    vertex -11.530044555664062 8.13365364074707 1.0
    vertex -9.817874908447266 6.673758029937744 1.0
    vertex -11.199932098388672 8.473697662353516 1.0
  endloop
endfacet
facet normal 0.0 0.0 0.0
  outer loop
    vertex -11.199932098388672 8.473697662353516 1.0
    vertex -9.817874908447266 6.673758029937744 1.0
    vertex -9.591107368469238 6.890570163726807 1.0
  endloop
endfacet
facet normal 0.0 0.0 0.0
  outer loop
    vertex -11.199932098388672 8.473697662353516 1.0
    vertex -9.591107368469238 6.890570163726807 1.0
    vertex -10.831917762756348 8.772313117980957 1.0
  endloop
endfacet
facet normal 0.0 0.0 0.0
  outer loop
    vertex -10.831917762756348 8.772313117980957 1.0
    vertex -9.591107368469238 6.890570163726807 1.0
    vertex -9.329270362854004 7.063406944274902 1.0
  endloop
endfacet
facet normal 0.0 0.0 0.0
  outer loop
    vertex -10.831917762756348 8.772313117980957 1.0
    vertex -9.329270362854004 7.063406944274902 1.0
    vertex -10.431169509887695 9.025304794311523 1.0
  endloop
endfacet
facet normal 0.0 0.0 0.0
  outer loop
    vertex -10.431169509887695 9.025304794311523 1.0
    vertex -9.329270362854004 7.063406944274902 1.0
    vertex -10.003310203552246 9.22912311553955 1.0
  endloop
endfacet
facet normal 0.0 0.0 0.0
  outer loop
    vertex -10.003310203552246 9.22912311553955 1.0
    vertex -9.329270362854004 7.063406944274902 1.0
    vertex -9.040780067443848 7.186714172363281 1.0
  endloop
endfacet
facet normal 0.0 0.0 0.0
  outer loop
    vertex -10.003310203552246 9.22912311553955 1.0
    vertex -9.040780067443848 7.186714172363281 1.0
    vertex -9.554348945617676 9.38090705871582 1.0
  endloop
endfacet
facet normal 0.0 0.0 0.0
  outer loop
    vertex -9.554348945617676 9.38090705871582 1.0
    vertex -9.040780067443848 7.186714172363281 1.0
    vertex -8.734908103942871 7.256526947021484 1.0
  endloop
endfacet
facet normal 0.0 0.0 0.0
  outer loop
    vertex -9.554348945617676 9.38090705871582 1.0
    vertex -8.734908103942871 7.256526947021484 1.0
    vertex -9.09058666229248 9.47852611541748 1.0
  endloop
endfacet
facet normal 0.0 0.0 0.0
  outer loop
    vertex -9.09058666229248 9.47852611541748 1.0
    vertex -8.734908103942871 7.256526947021484 1.0
    vertex -8.61853313446045 9.520607948303223 1.0
  endloop
endfacet
facet normal 0.0 0.0 0.0
  outer loop
    vertex -8.61853313446045 9.520607948303223 1.0
    vertex -8.734908103942871 7.256526947021484 1.0
    vertex -8.421486854553223 7.270603179931641 1.0
  endloop
endfacet
facet normal 0.0 0.0 0.0
  outer loop
    vertex -8.61853313446045 9.520607948303223 1.0
    vertex -8.421486854553223 7.270603179931641 1.0
    vertex -8.144816398620605 9.506564140319824 1.0
  endloop
endfacet
facet normal 0.0 0.0 0.0
  outer loop
    vertex -8.144816398620605 9.506564140319824 1.0
    vertex -8.421486854553223 7.270603179931641 1.0
    vertex -8.110588073730469 7.228488922119141 1.0
  endloop
endfacet
facet normal 0.0 0.0 0.0
  outer loop
    vertex -8.144816398620605 9.506564140319824 1.0
    vertex -8.110588073730469 7.228488922119141 1.0
    vertex -7.676085472106934 9.436591148376465 1.0
  endloop
endfacet
facet normal 0.0 0.0 0.0
  outer loop
    vertex -7.676085472106934 9.436591148376465 1.0
    vertex -8.110588073730469 7.228488922119141 1.0
    vertex -7.218920707702637 9.311670303344727 1.0
  endloop
endfacet
facet normal 0.0 0.0 0.0
  outer loop
    vertex -7.218920707702637 9.311670303344727 1.0
    vertex -8.110588073730469 7.228488922119141 1.0
    vertex -7.812206268310547 7.131539344787598 1.0
  endloop
endfacet
facet normal 0.0 0.0 0.0
  outer loop
    vertex -7.218920707702637 9.311670303344727 1.0
    vertex -7.812206268310547 7.131539344787598 1.0
    vertex -6.779738903045654 9.133556365966797 1.0
  endloop
endfacet
facet normal 0.0 0.0 0.0
  outer loop
    vertex -6.779738903045654 9.133556365966797 1.0
    vertex -7.812206268310547 7.131539344787598 1.0
    vertex -7.535930156707764 6.982868194580078 1.0
  endloop
endfacet
facet normal 0.0 0.0 0.0
  outer loop
    vertex -6.779738903045654 9.133556365966797 1.0
    vertex -7.535930156707764 6.982868194580078 1.0
    vertex -6.364706039428711 8.904748916625977 1.0
  endloop
endfacet
facet normal 0.0 0.0 0.0
  outer loop
    vertex -6.364706039428711 8.904748916625977 1.0
    vertex -7.535930156707764 6.982868194580078 1.0
    vertex -5.979649066925049 8.628459930419922 1.0
  endloop
endfacet
facet normal 0.0 0.0 0.0
  outer loop
    vertex -5.979649066925049 8.628459930419922 1.0
    vertex -7.535930156707764 6.982868194580078 1.0
    vertex -7.290639877319336 6.787256240844727 1.0
  endloop
endfacet
facet normal 0.0 0.0 0.0
  outer loop
    vertex -5.979649066925049 8.628459930419922 1.0
    vertex -7.290639877319336 6.787256240844727 1.0
    vertex -5.629971027374268 8.308568954467773 1.0
  endloop
endfacet
facet normal 0.0 0.0 0.0
  outer loop
    vertex -5.629971027374268 8.308568954467773 1.0
    vertex -7.290639877319336 6.787256240844727 1.0
    vertex -7.084219932556152 6.550989151000977 1.0
  endloop
endfacet
facet normal 0.0 0.0 0.0
  outer loop
    vertex -5.629971027374268 8.308568954467773 1.0
    vertex -7.084219932556152 6.550989151000977 1.0
    vertex -5.320581912994385 7.949565887451172 1.0
  endloop
endfacet
facet normal 0.0 0.0 0.0
  outer loop
    vertex -5.320581912994385 7.949565887451172 1.0
    vertex -7.084219932556152 6.550989151000977 1.0
    vertex -5.055826187133789 7.556488990783691 1.0
  endloop
endfacet
facet normal 0.0 0.0 0.0
  outer loop
    vertex -5.055826187133789 7.556488990783691 1.0
    vertex -7.084219932556152 6.550989151000977 1.0
    vertex -6.923304080963135 6.281661510467529 1.0
  endloop
endfacet
facet normal 0.0 0.0 0.0
  outer loop
    vertex -5.055826187133789 7.556488990783691 1.0
    vertex -6.923304080963135 6.281661510467529 1.0
    vertex -4.839417934417725 7.134859085083008 1.0
  endloop
endfacet
facet normal 0.0 0.0 0.0
  outer loop
    vertex -4.839417934417725 7.134859085083008 1.0
    vertex -6.923304080963135 6.281661510467529 1.0
    vertex -6.813065052032471 5.987929344177246 1.0
  endloop
endfacet
facet normal 0.0 0.0 0.0
  outer loop
    vertex -4.839417934417725 7.134859085083008 1.0
    vertex -6.813065052032471 5.987929344177246 1.0
    vertex -4.67439603805542 6.690591812133789 1.0
  endloop
endfacet
facet normal 0.0 0.0 0.0
  outer loop
    vertex -4.67439603805542 6.690591812133789 1.0
    vertex -6.813065052032471 5.987929344177246 1.0
    vertex -4.563077926635742 6.229926109313965 1.0
  endloop
endfacet
facet normal 0.0 0.0 0.0
  outer loop
    vertex -4.563077926635742 6.229926109313965 1.0
    vertex -6.813065052032471 5.987929344177246 1.0
    vertex -6.757044792175293 5.679234027862549 1.0
  endloop
endfacet
facet normal 0.0 0.0 0.0
  outer loop
    vertex -4.563077926635742 6.229926109313965 1.0
    vertex -6.757044792175293 5.679234027862549 1.0
    vertex -4.507024765014648 5.759327411651611 1.0
  endloop
endfacet
facet normal 0.0 0.0 0.0
  outer loop
    vertex -4.507024765014648 5.759327411651611 1.0
    vertex -6.757044792175293 5.679234027862549 1.0
    vertex -4.507024765014648 5.285402774810791 1.0
  endloop
endfacet
facet normal 0.0 0.0 0.0
  outer loop
    vertex -4.507024765014648 5.285402774810791 1.0
    vertex -6.757044792175293 5.679234027862549 1.0
    vertex -6.757044792175293 5.3654961585998535 1.0
  endloop
endfacet
facet normal 0.0 0.0 0.0
  outer loop
    vertex -4.507024765014648 5.285402774810791 1.0
    vertex -6.757044792175293 5.3654961585998535 1.0
    vertex -4.563077926635742 4.8148040771484375 1.0
  endloop
endfacet
facet normal 0.0 0.0 0.0
  outer loop
    vertex -4.563077926635742 4.8148040771484375 1.0
    vertex -6.757044792175293 5.3654961585998535 1.0
    vertex -6.813065052032471 5.056800842285156 1.0
  endloop
endfacet
facet normal 0.0 0.0 0.0
  outer loop
    vertex -4.563077926635742 4.8148040771484375 1.0
    vertex -6.813065052032471 5.056800842285156 1.0
    vertex -4.67439603805542 4.354138374328613 1.0
  endloop
endfacet
facet normal 0.0 0.0 0.0
  outer loop
    vertex -4.67439603805542 4.354138374328613 1.0
    vertex -6.813065052032471 5.056800842285156 1.0
    vertex -4.839417934417725 3.9098711013793945 1.0
  endloop
endfacet
facet normal 0.0 0.0 0.0
  outer loop
    vertex -4.839417934417725 3.9098711013793945 1.0
    vertex -6.813065052032471 5.056800842285156 1.0
    vertex -6.923304080963135 4.763068675994873 1.0
  endloop
endfacet
facet normal 0.0 0.0 0.0
  outer loop
    vertex -4.839417934417725 3.9098711013793945 1.0
    vertex -6.923304080963135 4.763068675994873 1.0
    vertex -5.055826187133789 3.488241195678711 1.0
  endloop
endfacet
facet normal 0.0 0.0 0.0
  outer loop
    vertex -5.055826187133789 3.488241195678711 1.0
    vertex -6.923304080963135 4.763068675994873 1.0
    vertex -7.084219932556152 4.493741035461426 1.0
  endloop
endfacet
facet normal 0.0 0.0 0.0
  outer loop
    vertex -5.055826187133789 3.488241195678711 1.0
    vertex -7.084219932556152 4.493741035461426 1.0
    vertex -5.320581912994385 3.0951640605926514 1.0
  endloop
endfacet
facet normal 0.0 0.0 0.0
  outer loop
    vertex -5.320581912994385 3.0951640605926514 1.0
    vertex -7.084219932556152 4.493741035461426 1.0
    vertex -5.629971027374268 2.73616099357605 1.0
  endloop
endfacet
facet normal 0.0 0.0 0.0
  outer loop
    vertex -5.629971027374268 2.73616099357605 1.0
    vertex -7.084219932556152 4.493741035461426 1.0
    vertex -7.290639877319336 4.257473945617676 1.0
  endloop
endfacet
facet normal 0.0 0.0 0.0
  outer loop
    vertex -5.629971027374268 2.73616099357605 1.0
    vertex -7.290639877319336 4.257473945617676 1.0
    vertex -5.979649066925049 2.4162700176239014 1.0
  endloop
endfacet
facet normal 0.0 0.0 0.0
  outer loop
    vertex -5.979649066925049 2.4162700176239014 1.0
    vertex -7.290639877319336 4.257473945617676 1.0
    vertex -7.535930156707764 4.061861991882324 1.0
  endloop
endfacet
facet normal 0.0 0.0 0.0
  outer loop
    vertex -5.979649066925049 2.4162700176239014 1.0
    vertex -7.535930156707764 4.061861991882324 1.0
    vertex -6.364706039428711 2.1399810314178467 1.0
  endloop
endfacet
facet normal 0.0 0.0 0.0
  outer loop
    vertex -6.364706039428711 2.1399810314178467 1.0
    vertex -7.535930156707764 4.061861991882324 1.0
    vertex -6.779738903045654 1.9111740589141846 1.0
  endloop
endfacet
facet normal 0.0 0.0 0.0
  outer loop
    vertex -6.779738903045654 1.9111740589141846 1.0
    vertex -7.535930156707764 4.061861991882324 1.0
    vertex -7.812206268310547 3.913191080093384 1.0
  endloop
endfacet
facet normal 0.0 0.0 0.0
  outer loop
    vertex -6.779738903045654 1.9111740589141846 1.0
    vertex -7.812206268310547 3.913191080093384 1.0
    vertex -7.218920707702637 1.7330601215362549 1.0
  endloop
endfacet
facet normal 0.0 0.0 0.0
  outer loop
    vertex -7.218920707702637 1.7330601215362549 1.0
    vertex -7.812206268310547 3.913191080093384 1.0
    vertex -8.110588073730469 3.8162412643432617 1.0
  endloop
endfacet
facet normal 0.0 0.0 0.0
  outer loop
    vertex -7.218920707702637 1.7330601215362549 1.0
    vertex -8.110588073730469 3.8162412643432617 1.0
    vertex -7.676085472106934 1.6081390380859375 1.0
  endloop
endfacet
facet normal 0.0 0.0 0.0
  outer loop
    vertex -7.676085472106934 1.6081390380859375 1.0
    vertex -8.110588073730469 3.8162412643432617 1.0
    vertex -8.144816398620605 1.5381660461425781 1.0
  endloop
endfacet
facet normal 0.0 0.0 0.0
  outer loop
    vertex -8.144816398620605 1.5381660461425781 1.0
    vertex -8.110588073730469 3.8162412643432617 1.0
    vertex -8.421486854553223 3.7741270065307617 1.0
  endloop
endfacet
facet normal 0.0 0.0 0.0
  outer loop
    vertex -8.144816398620605 1.5381660461425781 1.0
    vertex -8.421486854553223 3.7741270065307617 1.0
    vertex -8.61853313446045 1.5241219997406006 1.0
  endloop
endfacet
facet normal 0.0 0.0 0.0
  outer loop
    vertex -8.61853313446045 1.5241219997406006 1.0
    vertex -8.421486854553223 3.7741270065307617 1.0
    vertex -8.734908103942871 3.788203239440918 1.0
  endloop
endfacet
facet normal 0.0 0.0 0.0
  outer loop
    vertex -8.61853313446045 1.5241219997406006 1.0
    vertex -8.734908103942871 3.788203239440918 1.0
    vertex -9.09058666229248 1.5662040710449219 1.0
  endloop
endfacet
facet normal 0.0 0.0 0.0
  outer loop
    vertex -9.09058666229248 1.5662040710449219 1.0
    vertex -8.734908103942871 3.788203239440918 1.0
    vertex -9.554348945617676 1.663823127746582 1.0
  endloop
endfacet
facet normal 0.0 0.0 0.0
  outer loop
    vertex -9.554348945617676 1.663823127746582 1.0
    vertex -8.734908103942871 3.788203239440918 1.0
    vertex -9.040780067443848 3.858016014099121 1.0
  endloop
endfacet
facet normal 0.0 0.0 0.0
  outer loop
    vertex -9.554348945617676 1.663823127746582 1.0
    vertex -9.040780067443848 3.858016014099121 1.0
    vertex -10.003310203552246 1.8156070709228516 1.0
  endloop
endfacet
facet normal 0.0 0.0 0.0
  outer loop
    vertex -10.003310203552246 1.8156070709228516 1.0
    vertex -9.040780067443848 3.858016014099121 1.0
    vertex -9.329270362854004 3.9813232421875 1.0
  endloop
endfacet
facet normal 0.0 0.0 0.0
  outer loop
    vertex -10.003310203552246 1.8156070709228516 1.0
    vertex -9.329270362854004 3.9813232421875 1.0
    vertex -10.431169509887695 2.0194251537323 1.0
  endloop
endfacet
facet normal 0.0 0.0 0.0
  outer loop
    vertex -10.431169509887695 2.0194251537323 1.0
    vertex -9.329270362854004 3.9813232421875 1.0
    vertex -10.831917762756348 2.2724170684814453 1.0
  endloop
endfacet
facet normal 0.0 0.0 0.0
  outer loop
    vertex -10.831917762756348 2.2724170684814453 1.0
    vertex -9.329270362854004 3.9813232421875 1.0
    vertex -9.591107368469238 4.154160022735596 1.0
  endloop
endfacet
facet normal 0.0 0.0 0.0
  outer loop
    vertex -10.831917762756348 2.2724170684814453 1.0
    vertex -9.591107368469238 4.154160022735596 1.0
    vertex -11.199932098388672 2.5710320472717285 1.0
  endloop
endfacet
facet normal 0.0 0.0 0.0
  outer loop
    vertex -11.199932098388672 2.5710320472717285 1.0
    vertex -9.591107368469238 4.154160022735596 1.0
    vertex -9.817874908447266 4.370972156524658 1.0
  endloop
endfacet
facet normal 0.0 0.0 0.0
  outer loop
    vertex -11.199932098388672 2.5710320472717285 1.0
    vertex -9.817874908447266 4.370972156524658 1.0
    vertex -11.530044555664062 2.9110770225524902 1.0
  endloop
endfacet
facet normal 0.0 0.0 0.0
  outer loop
    vertex -11.530044555664062 2.9110770225524902 1.0
    vertex -9.817874908447266 4.370972156524658 1.0
    vertex -11.817623138427734 3.28777813911438 1.0
  endloop
endfacet
facet normal 0.0 0.0 0.0
  outer loop
    vertex -11.817623138427734 3.28777813911438 1.0
    vertex -9.817874908447266 4.370972156524658 1.0
    vertex -10.00228500366211 4.624791145324707 1.0
  endloop
endfacet
facet normal 0.0 0.0 0.0
  outer loop
    vertex -11.817623138427734 3.28777813911438 1.0
    vertex -10.00228500366211 4.624791145324707 1.0
    vertex -12.05862808227539 3.695847988128662 1.0
  endloop
endfacet
facet normal 0.0 0.0 0.0
  outer loop
    vertex -12.05862808227539 3.695847988128662 1.0
    vertex -10.00228500366211 4.624791145324707 1.0
    vertex -10.138410568237305 4.907459259033203 1.0
  endloop
endfacet
facet normal 0.0 0.0 0.0
  outer loop
    vertex -12.05862808227539 3.695847988128662 1.0
    vertex -10.138410568237305 4.907459259033203 1.0
    vertex -12.249679565429688 4.129558086395264 1.0
  endloop
endfacet
facet normal 0.0 0.0 0.0
  outer loop
    vertex -12.249679565429688 4.129558086395264 1.0
    vertex -10.138410568237305 4.907459259033203 1.0
    vertex -12.388092041015625 4.582820892333984 1.0
  endloop
endfacet
facet normal 0.0 0.0 0.0
  outer loop
    vertex -12.388092041015625 4.582820892333984 1.0
    vertex -10.138410568237305 4.907459259033203 1.0
    vertex -10.221877098083496 5.209890365600586 1.0
  endloop
endfacet
facet normal 0.0 0.0 0.0
  outer loop
    vertex -12.388092041015625 4.582820892333984 1.0
    vertex -10.221877098083496 5.209890365600586 1.0
    vertex -12.471923828125 5.049272537231445 1.0
  endloop
endfacet
facet normal 0.0 0.0 0.0
  outer loop
    vertex -12.471923828125 5.049272537231445 1.0
    vertex -10.221877098083496 5.209890365600586 1.0
    vertex -10.25 5.522365093231201 1.0
  endloop
endfacet
facet normal 0.0 0.0 0.0
  outer loop
    vertex -9.632880210876465 5.272999286651611 2.1500000953674316
    vertex -9.632880210876465 5.272999286651611 0.0
    vertex -9.65999984741211 5.522365093231201 2.1500000953674316
  endloop
endfacet
facet normal 0.0 0.0 0.0
  outer loop
    vertex -9.65999984741211 5.522365093231201 2.1500000953674316
    vertex -9.632880210876465 5.272999286651611 0.0
    vertex -9.65999984741211 5.522365093231201 0.0
  endloop
endfacet
facet normal 0.0 0.0 0.0
  outer loop
    vertex -9.65999984741211 5.522365093231201 2.1500000953674316
    vertex -9.65999984741211 5.522365093231201 0.0
    vertex -9.632880210876465 5.771730899810791 2.1500000953674316
  endloop
endfacet
facet normal 0.0 0.0 0.0
  outer loop
    vertex -9.632880210876465 5.771730899810791 2.1500000953674316
    vertex -9.65999984741211 5.522365093231201 0.0
    vertex -9.632880210876465 5.771730899810791 0.0
  endloop
endfacet
facet normal 0.0 0.0 0.0
  outer loop
    vertex -9.632880210876465 5.771730899810791 2.1500000953674316
    vertex -9.632880210876465 5.771730899810791 0.0
    vertex -9.552786827087402 6.00943660736084 0.0
  endloop
endfacet
facet normal 0.0 0.0 0.0
  outer loop
    vertex -9.632880210876465 5.272999286651611 2.1500000953674316
    vertex -9.552786827087402 5.0352935791015625 2.1500000953674316
    vertex -9.632880210876465 5.272999286651611 0.0
  endloop
endfacet
facet normal 0.0 0.0 0.0
  outer loop
    vertex -9.632880210876465 5.272999286651611 0.0
    vertex -9.552786827087402 5.0352935791015625 2.1500000953674316
    vertex -9.552786827087402 5.0352935791015625 0.0
  endloop
endfacet
facet normal 0.0 0.0 0.0
  outer loop
    vertex -9.552786827087402 5.0352935791015625 0.0
    vertex -9.552786827087402 5.0352935791015625 2.1500000953674316
    vertex -9.423467636108398 4.8203630447387695 2.1500000953674316
  endloop
endfacet
facet normal 0.0 0.0 0.0
  outer loop
    vertex -9.552786827087402 5.0352935791015625 0.0
    vertex -9.423467636108398 4.8203630447387695 2.1500000953674316
    vertex -9.423467636108398 4.8203630447387695 0.0
  endloop
endfacet
facet normal 0.0 0.0 0.0
  outer loop
    vertex -9.423467636108398 4.8203630447387695 0.0
    vertex -9.423467636108398 4.8203630447387695 2.1500000953674316
    vertex -9.250967979431152 4.638257026672363 2.1500000953674316
  endloop
endfacet
facet normal 0.0 0.0 0.0
  outer loop
    vertex -9.423467636108398 4.8203630447387695 0.0
    vertex -9.250967979431152 4.638257026672363 2.1500000953674316
    vertex -9.250967979431152 4.638257026672363 0.0
  endloop
endfacet
facet normal 0.0 0.0 0.0
  outer loop
    vertex -9.250967979431152 4.638257026672363 0.0
    vertex -9.250967979431152 4.638257026672363 2.1500000953674316
    vertex -9.043354034423828 4.497490882873535 2.1500000953674316
  endloop
endfacet
facet normal 0.0 0.0 0.0
  outer loop
    vertex -9.250967979431152 4.638257026672363 0.0
    vertex -9.043354034423828 4.497490882873535 2.1500000953674316
    vertex -9.043354034423828 4.497490882873535 0.0
  endloop
endfacet
facet normal 0.0 0.0 0.0
  outer loop
    vertex -9.043354034423828 4.497490882873535 0.0
    vertex -9.043354034423828 4.497490882873535 2.1500000953674316
    vertex -8.810333251953125 4.404646873474121 2.1500000953674316
  endloop
endfacet
facet normal 0.0 0.0 0.0
  outer loop
    vertex -9.043354034423828 4.497490882873535 0.0
    vertex -8.810333251953125 4.404646873474121 2.1500000953674316
    vertex -8.810333251953125 4.404646873474121 0.0
  endloop
endfacet
facet normal 0.0 0.0 0.0
  outer loop
    vertex -8.810333251953125 4.404646873474121 0.0
    vertex -8.810333251953125 4.404646873474121 2.1500000953674316
    vertex -8.562801361083984 4.364066123962402 2.1500000953674316
  endloop
endfacet
facet normal 0.0 0.0 0.0
  outer loop
    vertex -8.810333251953125 4.404646873474121 0.0
    vertex -8.562801361083984 4.364066123962402 2.1500000953674316
    vertex -8.562801361083984 4.364066123962402 0.0
  endloop
endfacet
facet normal 0.0 0.0 0.0
  outer loop
    vertex -8.562801361083984 4.364066123962402 0.0
    vertex -8.562801361083984 4.364066123962402 2.1500000953674316
    vertex -8.312333106994629 4.377645969390869 2.1500000953674316
  endloop
endfacet
facet normal 0.0 0.0 0.0
  outer loop
    vertex -8.562801361083984 4.364066123962402 0.0
    vertex -8.312333106994629 4.377645969390869 2.1500000953674316
    vertex -8.312333106994629 4.377645969390869 0.0
  endloop
endfacet
facet normal 0.0 0.0 0.0
  outer loop
    vertex -8.312333106994629 4.377645969390869 0.0
    vertex -8.312333106994629 4.377645969390869 2.1500000953674316
    vertex -8.070639610290527 4.444752216339111 2.1500000953674316
  endloop
endfacet
facet normal 0.0 0.0 0.0
  outer loop
    vertex -8.312333106994629 4.377645969390869 0.0
    vertex -8.070639610290527 4.444752216339111 2.1500000953674316
    vertex -8.070639610290527 4.444752216339111 0.0
  endloop
endfacet
facet normal 0.0 0.0 0.0
  outer loop
    vertex -8.070639610290527 4.444752216339111 0.0
    vertex -8.070639610290527 4.444752216339111 2.1500000953674316
    vertex -7.84902286529541 4.562245845794678 2.1500000953674316
  endloop
endfacet
facet normal 0.0 0.0 0.0
  outer loop
    vertex -8.070639610290527 4.444752216339111 0.0
    vertex -7.84902286529541 4.562245845794678 2.1500000953674316
    vertex -7.84902286529541 4.562245845794678 0.0
  endloop
endfacet
facet normal 0.0 0.0 0.0
  outer loop
    vertex -7.84902286529541 4.562245845794678 0.0
    vertex -7.84902286529541 4.562245845794678 2.1500000953674316
    vertex -7.6578450202941895 4.724633693695068 2.1500000953674316
  endloop
endfacet
facet normal 0.0 0.0 0.0
  outer loop
    vertex -7.84902286529541 4.562245845794678 0.0
    vertex -7.6578450202941895 4.724633693695068 2.1500000953674316
    vertex -7.6578450202941895 4.724633693695068 0.0
  endloop
endfacet
facet normal 0.0 0.0 0.0
  outer loop
    vertex -7.6578450202941895 4.724633693695068 0.0
    vertex -7.6578450202941895 4.724633693695068 2.1500000953674316
    vertex -7.506045818328857 4.924322605133057 2.1500000953674316
  endloop
endfacet
facet normal 0.0 0.0 0.0
  outer loop
    vertex -7.6578450202941895 4.724633693695068 0.0
    vertex -7.506045818328857 4.924322605133057 2.1500000953674316
    vertex -7.506045818328857 4.924322605133057 0.0
  endloop
endfacet
facet normal 0.0 0.0 0.0
  outer loop
    vertex -7.506045818328857 4.924322605133057 0.0
    vertex -7.506045818328857 4.924322605133057 2.1500000953674316
    vertex -7.400722026824951 5.151975154876709 2.1500000953674316
  endloop
endfacet
facet normal 0.0 0.0 0.0
  outer loop
    vertex -7.506045818328857 4.924322605133057 0.0
    vertex -7.400722026824951 5.151975154876709 2.1500000953674316
    vertex -7.400722026824951 5.151975154876709 0.0
  endloop
endfacet
facet normal 0.0 0.0 0.0
  outer loop
    vertex -7.400722026824951 5.151975154876709 0.0
    vertex -7.400722026824951 5.151975154876709 2.1500000953674316
    vertex -7.346799850463867 5.396946907043457 2.1500000953674316
  endloop
endfacet
facet normal 0.0 0.0 0.0
  outer loop
    vertex -7.400722026824951 5.151975154876709 0.0
    vertex -7.346799850463867 5.396946907043457 2.1500000953674316
    vertex -7.346799850463867 5.396946907043457 0.0
  endloop
endfacet
facet normal 0.0 0.0 0.0
  outer loop
    vertex -7.346799850463867 5.396946907043457 0.0
    vertex -7.346799850463867 5.396946907043457 2.1500000953674316
    vertex -7.346799850463867 5.647783279418945 2.1500000953674316
  endloop
endfacet
facet normal 0.0 0.0 0.0
  outer loop
    vertex -7.346799850463867 5.396946907043457 0.0
    vertex -7.346799850463867 5.647783279418945 2.1500000953674316
    vertex -7.346799850463867 5.647783279418945 0.0
  endloop
endfacet
facet normal 0.0 0.0 0.0
  outer loop
    vertex -7.346799850463867 5.647783279418945 0.0
    vertex -7.346799850463867 5.647783279418945 2.1500000953674316
    vertex -7.400722026824951 5.892755031585693 2.1500000953674316
  endloop
endfacet
facet normal 0.0 0.0 0.0
  outer loop
    vertex -7.346799850463867 5.647783279418945 0.0
    vertex -7.400722026824951 5.892755031585693 2.1500000953674316
    vertex -7.400722026824951 5.892755031585693 0.0
  endloop
endfacet
facet normal 0.0 0.0 0.0
  outer loop
    vertex -7.400722026824951 5.892755031585693 0.0
    vertex -7.400722026824951 5.892755031585693 2.1500000953674316
    vertex -7.506045818328857 6.120407581329346 2.1500000953674316
  endloop
endfacet
facet normal 0.0 0.0 0.0
  outer loop
    vertex -7.400722026824951 5.892755031585693 0.0
    vertex -7.506045818328857 6.120407581329346 2.1500000953674316
    vertex -7.506045818328857 6.120407581329346 0.0
  endloop
endfacet
facet normal 0.0 0.0 0.0
  outer loop
    vertex -7.506045818328857 6.120407581329346 0.0
    vertex -7.506045818328857 6.120407581329346 2.1500000953674316
    vertex -7.6578450202941895 6.320096492767334 2.1500000953674316
  endloop
endfacet
facet normal 0.0 0.0 0.0
  outer loop
    vertex -7.506045818328857 6.120407581329346 0.0
    vertex -7.6578450202941895 6.320096492767334 2.1500000953674316
    vertex -7.6578450202941895 6.320096492767334 0.0
  endloop
endfacet
facet normal 0.0 0.0 0.0
  outer loop
    vertex -7.6578450202941895 6.320096492767334 0.0
    vertex -7.6578450202941895 6.320096492767334 2.1500000953674316
    vertex -7.84902286529541 6.482484340667725 2.1500000953674316
  endloop
endfacet
facet normal 0.0 0.0 0.0
  outer loop
    vertex -7.6578450202941895 6.320096492767334 0.0
    vertex -7.84902286529541 6.482484340667725 2.1500000953674316
    vertex -7.84902286529541 6.482484340667725 0.0
  endloop
endfacet
facet normal 0.0 0.0 0.0
  outer loop
    vertex -7.84902286529541 6.482484340667725 0.0
    vertex -7.84902286529541 6.482484340667725 2.1500000953674316
    vertex -8.070639610290527 6.599977970123291 2.1500000953674316
  endloop
endfacet
facet normal 0.0 0.0 0.0
  outer loop
    vertex -7.84902286529541 6.482484340667725 0.0
    vertex -8.070639610290527 6.599977970123291 2.1500000953674316
    vertex -8.070639610290527 6.599977970123291 0.0
  endloop
endfacet
facet normal 0.0 0.0 0.0
  outer loop
    vertex -8.070639610290527 6.599977970123291 0.0
    vertex -8.070639610290527 6.599977970123291 2.1500000953674316
    vertex -8.312333106994629 6.667084217071533 2.1500000953674316
  endloop
endfacet
facet normal 0.0 0.0 0.0
  outer loop
    vertex -8.070639610290527 6.599977970123291 0.0
    vertex -8.312333106994629 6.667084217071533 2.1500000953674316
    vertex -8.312333106994629 6.667084217071533 0.0
  endloop
endfacet
facet normal 0.0 0.0 0.0
  outer loop
    vertex -8.312333106994629 6.667084217071533 0.0
    vertex -8.312333106994629 6.667084217071533 2.1500000953674316
    vertex -8.562801361083984 6.6806640625 2.1500000953674316
  endloop
endfacet
facet normal 0.0 0.0 0.0
  outer loop
    vertex -8.312333106994629 6.667084217071533 0.0
    vertex -8.562801361083984 6.6806640625 2.1500000953674316
    vertex -8.562801361083984 6.6806640625 0.0
  endloop
endfacet
facet normal 0.0 0.0 0.0
  outer loop
    vertex -8.562801361083984 6.6806640625 0.0
    vertex -8.562801361083984 6.6806640625 2.1500000953674316
    vertex -8.810333251953125 6.640083312988281 2.1500000953674316
  endloop
endfacet
facet normal 0.0 0.0 0.0
  outer loop
    vertex -8.562801361083984 6.6806640625 0.0
    vertex -8.810333251953125 6.640083312988281 2.1500000953674316
    vertex -8.810333251953125 6.640083312988281 0.0
  endloop
endfacet
facet normal 0.0 0.0 0.0
  outer loop
    vertex -8.810333251953125 6.640083312988281 0.0
    vertex -8.810333251953125 6.640083312988281 2.1500000953674316
    vertex -9.043354034423828 6.547239303588867 2.1500000953674316
  endloop
endfacet
facet normal 0.0 0.0 0.0
  outer loop
    vertex -8.810333251953125 6.640083312988281 0.0
    vertex -9.043354034423828 6.547239303588867 2.1500000953674316
    vertex -9.043354034423828 6.547239303588867 0.0
  endloop
endfacet
facet normal 0.0 0.0 0.0
  outer loop
    vertex -9.043354034423828 6.547239303588867 0.0
    vertex -9.043354034423828 6.547239303588867 2.1500000953674316
    vertex -9.250967979431152 6.406473159790039 2.1500000953674316
  endloop
endfacet
facet normal 0.0 0.0 0.0
  outer loop
    vertex -9.043354034423828 6.547239303588867 0.0
    vertex -9.250967979431152 6.406473159790039 2.1500000953674316
    vertex -9.250967979431152 6.406473159790039 0.0
  endloop
endfacet
facet normal 0.0 0.0 0.0
  outer loop
    vertex -9.250967979431152 6.406473159790039 0.0
    vertex -9.250967979431152 6.406473159790039 2.1500000953674316
    vertex -9.423467636108398 6.224367141723633 2.1500000953674316
  endloop
endfacet
facet normal 0.0 0.0 0.0
  outer loop
    vertex -9.250967979431152 6.406473159790039 0.0
    vertex -9.423467636108398 6.224367141723633 2.1500000953674316
    vertex -9.423467636108398 6.224367141723633 0.0
  endloop
endfacet
facet normal 0.0 0.0 0.0
  outer loop
    vertex -9.423467636108398 6.224367141723633 0.0
    vertex -9.423467636108398 6.224367141723633 2.1500000953674316
    vertex -9.552786827087402 6.00943660736084 2.1500000953674316
  endloop
endfacet
facet normal 0.0 0.0 0.0
  outer loop
    vertex -9.423467636108398 6.224367141723633 0.0
    vertex -9.552786827087402 6.00943660736084 2.1500000953674316
    vertex -9.552786827087402 6.00943660736084 0.0
  endloop
endfacet
facet normal 0.0 0.0 0.0
  outer loop
    vertex -9.552786827087402 6.00943660736084 0.0
    vertex -9.552786827087402 6.00943660736084 2.1500000953674316
    vertex -9.632880210876465 5.771730899810791 2.1500000953674316
  endloop
endfacet
facet normal 0.0 0.0 0.0
  outer loop
    vertex -10.221877098083496 5.834839820861816 2.1500000953674316
    vertex -10.221877098083496 5.834839820861816 1.0
    vertex -10.25 5.522365093231201 2.1500000953674316
  endloop
endfacet
facet normal 0.0 0.0 0.0
  outer loop
    vertex -10.25 5.522365093231201 2.1500000953674316
    vertex -10.221877098083496 5.834839820861816 1.0
    vertex -10.25 5.522365093231201 1.0
  endloop
endfacet
facet normal 0.0 0.0 0.0
  outer loop
    vertex -10.25 5.522365093231201 2.1500000953674316
    vertex -10.25 5.522365093231201 1.0
    vertex -10.221877098083496 5.209890365600586 2.1500000953674316
  endloop
endfacet
facet normal 0.0 0.0 0.0
  outer loop
    vertex -10.221877098083496 5.209890365600586 2.1500000953674316
    vertex -10.25 5.522365093231201 1.0
    vertex -10.221877098083496 5.209890365600586 1.0
  endloop
endfacet
facet normal 0.0 0.0 0.0
  outer loop
    vertex -10.221877098083496 5.209890365600586 2.1500000953674316
    vertex -10.221877098083496 5.209890365600586 1.0
    vertex -10.138410568237305 4.907459259033203 2.1500000953674316
  endloop
endfacet
facet normal 0.0 0.0 0.0
  outer loop
    vertex -10.138410568237305 4.907459259033203 2.1500000953674316
    vertex -10.221877098083496 5.209890365600586 1.0
    vertex -10.138410568237305 4.907459259033203 1.0
  endloop
endfacet
facet normal 0.0 0.0 0.0
  outer loop
    vertex -10.138410568237305 4.907459259033203 2.1500000953674316
    vertex -10.138410568237305 4.907459259033203 1.0
    vertex -10.00228500366211 4.624791145324707 2.1500000953674316
  endloop
endfacet
facet normal 0.0 0.0 0.0
  outer loop
    vertex -10.00228500366211 4.624791145324707 2.1500000953674316
    vertex -10.138410568237305 4.907459259033203 1.0
    vertex -10.00228500366211 4.624791145324707 1.0
  endloop
endfacet
facet normal 0.0 0.0 0.0
  outer loop
    vertex -10.00228500366211 4.624791145324707 2.1500000953674316
    vertex -10.00228500366211 4.624791145324707 1.0
    vertex -9.817874908447266 4.370972156524658 2.1500000953674316
  endloop
endfacet
facet normal 0.0 0.0 0.0
  outer loop
    vertex -9.817874908447266 4.370972156524658 2.1500000953674316
    vertex -10.00228500366211 4.624791145324707 1.0
    vertex -9.817874908447266 4.370972156524658 1.0
  endloop
endfacet
facet normal 0.0 0.0 0.0
  outer loop
    vertex -9.817874908447266 4.370972156524658 2.1500000953674316
    vertex -9.817874908447266 4.370972156524658 1.0
    vertex -9.591107368469238 4.154160022735596 2.1500000953674316
  endloop
endfacet
facet normal 0.0 0.0 0.0
  outer loop
    vertex -9.591107368469238 4.154160022735596 2.1500000953674316
    vertex -9.817874908447266 4.370972156524658 1.0
    vertex -9.591107368469238 4.154160022735596 1.0
  endloop
endfacet
facet normal 0.0 0.0 0.0
  outer loop
    vertex -9.591107368469238 4.154160022735596 2.1500000953674316
    vertex -9.591107368469238 4.154160022735596 1.0
    vertex -9.329270362854004 3.9813232421875 2.1500000953674316
  endloop
endfacet
facet normal 0.0 0.0 0.0
  outer loop
    vertex -9.329270362854004 3.9813232421875 2.1500000953674316
    vertex -9.591107368469238 4.154160022735596 1.0
    vertex -9.329270362854004 3.9813232421875 1.0
  endloop
endfacet
facet normal 0.0 0.0 0.0
  outer loop
    vertex -9.329270362854004 3.9813232421875 2.1500000953674316
    vertex -9.329270362854004 3.9813232421875 1.0
    vertex -9.040780067443848 3.858016014099121 2.1500000953674316
  endloop
endfacet
facet normal 0.0 0.0 0.0
  outer loop
    vertex -9.040780067443848 3.858016014099121 2.1500000953674316
    vertex -9.329270362854004 3.9813232421875 1.0
    vertex -9.040780067443848 3.858016014099121 1.0
  endloop
endfacet
facet normal 0.0 0.0 0.0
  outer loop
    vertex -9.040780067443848 3.858016014099121 2.1500000953674316
    vertex -9.040780067443848 3.858016014099121 1.0
    vertex -8.734908103942871 3.788203239440918 2.1500000953674316
  endloop
endfacet
facet normal 0.0 0.0 0.0
  outer loop
    vertex -8.734908103942871 3.788203239440918 2.1500000953674316
    vertex -9.040780067443848 3.858016014099121 1.0
    vertex -8.734908103942871 3.788203239440918 1.0
  endloop
endfacet
facet normal 0.0 0.0 0.0
  outer loop
    vertex -8.734908103942871 3.788203239440918 2.1500000953674316
    vertex -8.734908103942871 3.788203239440918 1.0
    vertex -8.421486854553223 3.7741270065307617 2.1500000953674316
  endloop
endfacet
facet normal 0.0 0.0 0.0
  outer loop
    vertex -8.421486854553223 3.7741270065307617 2.1500000953674316
    vertex -8.734908103942871 3.788203239440918 1.0
    vertex -8.421486854553223 3.7741270065307617 1.0
  endloop
endfacet
facet normal 0.0 0.0 0.0
  outer loop
    vertex -8.421486854553223 3.7741270065307617 2.1500000953674316
    vertex -8.421486854553223 3.7741270065307617 1.0
    vertex -8.110588073730469 3.8162412643432617 2.1500000953674316
  endloop
endfacet
facet normal 0.0 0.0 0.0
  outer loop
    vertex -8.110588073730469 3.8162412643432617 2.1500000953674316
    vertex -8.421486854553223 3.7741270065307617 1.0
    vertex -8.110588073730469 3.8162412643432617 1.0
  endloop
endfacet
facet normal 0.0 0.0 0.0
  outer loop
    vertex -8.110588073730469 3.8162412643432617 2.1500000953674316
    vertex -8.110588073730469 3.8162412643432617 1.0
    vertex -7.812206268310547 3.913191080093384 2.1500000953674316
  endloop
endfacet
facet normal 0.0 0.0 0.0
  outer loop
    vertex -7.812206268310547 3.913191080093384 2.1500000953674316
    vertex -8.110588073730469 3.8162412643432617 1.0
    vertex -7.812206268310547 3.913191080093384 1.0
  endloop
endfacet
facet normal 0.0 0.0 0.0
  outer loop
    vertex -7.812206268310547 3.913191080093384 2.1500000953674316
    vertex -7.812206268310547 3.913191080093384 1.0
    vertex -7.535930156707764 4.061861991882324 2.1500000953674316
  endloop
endfacet
facet normal 0.0 0.0 0.0
  outer loop
    vertex -7.535930156707764 4.061861991882324 2.1500000953674316
    vertex -7.812206268310547 3.913191080093384 1.0
    vertex -7.535930156707764 4.061861991882324 1.0
  endloop
endfacet
facet normal 0.0 0.0 0.0
  outer loop
    vertex -7.535930156707764 4.061861991882324 2.1500000953674316
    vertex -7.535930156707764 4.061861991882324 1.0
    vertex -7.290639877319336 4.257473945617676 2.1500000953674316
  endloop
endfacet
facet normal 0.0 0.0 0.0
  outer loop
    vertex -7.290639877319336 4.257473945617676 2.1500000953674316
    vertex -7.535930156707764 4.061861991882324 1.0
    vertex -7.290639877319336 4.257473945617676 1.0
  endloop
endfacet
facet normal 0.0 0.0 0.0
  outer loop
    vertex -7.290639877319336 4.257473945617676 2.1500000953674316
    vertex -7.290639877319336 4.257473945617676 1.0
    vertex -7.084219932556152 4.493741035461426 2.1500000953674316
  endloop
endfacet
facet normal 0.0 0.0 0.0
  outer loop
    vertex -7.084219932556152 4.493741035461426 2.1500000953674316
    vertex -7.290639877319336 4.257473945617676 1.0
    vertex -7.084219932556152 4.493741035461426 1.0
  endloop
endfacet
facet normal 0.0 0.0 0.0
  outer loop
    vertex -7.084219932556152 4.493741035461426 2.1500000953674316
    vertex -7.084219932556152 4.493741035461426 1.0
    vertex -6.923304080963135 4.763068675994873 2.1500000953674316
  endloop
endfacet
facet normal 0.0 0.0 0.0
  outer loop
    vertex -6.923304080963135 4.763068675994873 2.1500000953674316
    vertex -7.084219932556152 4.493741035461426 1.0
    vertex -6.923304080963135 4.763068675994873 1.0
  endloop
endfacet
facet normal 0.0 0.0 0.0
  outer loop
    vertex -6.923304080963135 4.763068675994873 2.1500000953674316
    vertex -6.923304080963135 4.763068675994873 1.0
    vertex -6.813065052032471 5.056800842285156 2.1500000953674316
  endloop
endfacet
facet normal 0.0 0.0 0.0
  outer loop
    vertex -6.813065052032471 5.056800842285156 2.1500000953674316
    vertex -6.923304080963135 4.763068675994873 1.0
    vertex -6.813065052032471 5.056800842285156 1.0
  endloop
endfacet
facet normal 0.0 0.0 0.0
  outer loop
    vertex -6.813065052032471 5.056800842285156 2.1500000953674316
    vertex -6.813065052032471 5.056800842285156 1.0
    vertex -6.757044792175293 5.3654961585998535 2.1500000953674316
  endloop
endfacet
facet normal 0.0 0.0 0.0
  outer loop
    vertex -6.757044792175293 5.3654961585998535 2.1500000953674316
    vertex -6.813065052032471 5.056800842285156 1.0
    vertex -6.757044792175293 5.3654961585998535 1.0
  endloop
endfacet
facet normal 0.0 0.0 0.0
  outer loop
    vertex -6.757044792175293 5.3654961585998535 2.1500000953674316
    vertex -6.757044792175293 5.3654961585998535 1.0
    vertex -6.757044792175293 5.679234027862549 2.1500000953674316
  endloop
endfacet
facet normal 0.0 0.0 0.0
  outer loop
    vertex -6.757044792175293 5.679234027862549 2.1500000953674316
    vertex -6.757044792175293 5.3654961585998535 1.0
    vertex -6.757044792175293 5.679234027862549 1.0
  endloop
endfacet
facet normal 0.0 0.0 0.0
  outer loop
    vertex -6.757044792175293 5.679234027862549 2.1500000953674316
    vertex -6.757044792175293 5.679234027862549 1.0
    vertex -6.813065052032471 5.987929344177246 2.1500000953674316
  endloop
endfacet
facet normal 0.0 0.0 0.0
  outer loop
    vertex -6.813065052032471 5.987929344177246 2.1500000953674316
    vertex -6.757044792175293 5.679234027862549 1.0
    vertex -6.813065052032471 5.987929344177246 1.0
  endloop
endfacet
facet normal 0.0 0.0 0.0
  outer loop
    vertex -6.813065052032471 5.987929344177246 2.1500000953674316
    vertex -6.813065052032471 5.987929344177246 1.0
    vertex -6.923304080963135 6.281661510467529 2.1500000953674316
  endloop
endfacet
facet normal 0.0 0.0 0.0
  outer loop
    vertex -6.923304080963135 6.281661510467529 2.1500000953674316
    vertex -6.813065052032471 5.987929344177246 1.0
    vertex -6.923304080963135 6.281661510467529 1.0
  endloop
endfacet
facet normal 0.0 0.0 0.0
  outer loop
    vertex -6.923304080963135 6.281661510467529 2.1500000953674316
    vertex -6.923304080963135 6.281661510467529 1.0
    vertex -7.084219932556152 6.550989151000977 2.1500000953674316
  endloop
endfacet
facet normal 0.0 0.0 0.0
  outer loop
    vertex -7.084219932556152 6.550989151000977 2.1500000953674316
    vertex -6.923304080963135 6.281661510467529 1.0
    vertex -7.084219932556152 6.550989151000977 1.0
  endloop
endfacet
facet normal 0.0 0.0 0.0
  outer loop
    vertex -7.084219932556152 6.550989151000977 2.1500000953674316
    vertex -7.084219932556152 6.550989151000977 1.0
    vertex -7.290639877319336 6.787256240844727 2.1500000953674316
  endloop
endfacet
facet normal 0.0 0.0 0.0
  outer loop
    vertex -7.290639877319336 6.787256240844727 2.1500000953674316
    vertex -7.084219932556152 6.550989151000977 1.0
    vertex -7.290639877319336 6.787256240844727 1.0
  endloop
endfacet
facet normal 0.0 0.0 0.0
  outer loop
    vertex -7.290639877319336 6.787256240844727 2.1500000953674316
    vertex -7.290639877319336 6.787256240844727 1.0
    vertex -7.535930156707764 6.982868194580078 2.1500000953674316
  endloop
endfacet
facet normal 0.0 0.0 0.0
  outer loop
    vertex -7.535930156707764 6.982868194580078 2.1500000953674316
    vertex -7.290639877319336 6.787256240844727 1.0
    vertex -7.535930156707764 6.982868194580078 1.0
  endloop
endfacet
facet normal 0.0 0.0 0.0
  outer loop
    vertex -7.535930156707764 6.982868194580078 2.1500000953674316
    vertex -7.535930156707764 6.982868194580078 1.0
    vertex -7.812206268310547 7.131539344787598 2.1500000953674316
  endloop
endfacet
facet normal 0.0 0.0 0.0
  outer loop
    vertex -7.812206268310547 7.131539344787598 2.1500000953674316
    vertex -7.535930156707764 6.982868194580078 1.0
    vertex -7.812206268310547 7.131539344787598 1.0
  endloop
endfacet
facet normal 0.0 0.0 0.0
  outer loop
    vertex -7.812206268310547 7.131539344787598 2.1500000953674316
    vertex -7.812206268310547 7.131539344787598 1.0
    vertex -8.110588073730469 7.228488922119141 2.1500000953674316
  endloop
endfacet
facet normal 0.0 0.0 0.0
  outer loop
    vertex -8.110588073730469 7.228488922119141 2.1500000953674316
    vertex -7.812206268310547 7.131539344787598 1.0
    vertex -8.110588073730469 7.228488922119141 1.0
  endloop
endfacet
facet normal 0.0 0.0 0.0
  outer loop
    vertex -8.110588073730469 7.228488922119141 2.1500000953674316
    vertex -8.110588073730469 7.228488922119141 1.0
    vertex -8.421486854553223 7.270603179931641 2.1500000953674316
  endloop
endfacet
facet normal 0.0 0.0 0.0
  outer loop
    vertex -8.421486854553223 7.270603179931641 2.1500000953674316
    vertex -8.110588073730469 7.228488922119141 1.0
    vertex -8.421486854553223 7.270603179931641 1.0
  endloop
endfacet
facet normal 0.0 0.0 0.0
  outer loop
    vertex -8.421486854553223 7.270603179931641 2.1500000953674316
    vertex -8.421486854553223 7.270603179931641 1.0
    vertex -8.734908103942871 7.256526947021484 2.1500000953674316
  endloop
endfacet
facet normal 0.0 0.0 0.0
  outer loop
    vertex -8.734908103942871 7.256526947021484 2.1500000953674316
    vertex -8.421486854553223 7.270603179931641 1.0
    vertex -8.734908103942871 7.256526947021484 1.0
  endloop
endfacet
facet normal 0.0 0.0 0.0
  outer loop
    vertex -8.734908103942871 7.256526947021484 2.1500000953674316
    vertex -8.734908103942871 7.256526947021484 1.0
    vertex -9.040780067443848 7.186714172363281 2.1500000953674316
  endloop
endfacet
facet normal 0.0 0.0 0.0
  outer loop
    vertex -9.040780067443848 7.186714172363281 2.1500000953674316
    vertex -8.734908103942871 7.256526947021484 1.0
    vertex -9.040780067443848 7.186714172363281 1.0
  endloop
endfacet
facet normal 0.0 0.0 0.0
  outer loop
    vertex -9.040780067443848 7.186714172363281 2.1500000953674316
    vertex -9.040780067443848 7.186714172363281 1.0
    vertex -9.329270362854004 7.063406944274902 2.1500000953674316
  endloop
endfacet
facet normal 0.0 0.0 0.0
  outer loop
    vertex -9.329270362854004 7.063406944274902 2.1500000953674316
    vertex -9.040780067443848 7.186714172363281 1.0
    vertex -9.329270362854004 7.063406944274902 1.0
  endloop
endfacet
facet normal 0.0 0.0 0.0
  outer loop
    vertex -9.329270362854004 7.063406944274902 2.1500000953674316
    vertex -9.329270362854004 7.063406944274902 1.0
    vertex -9.591107368469238 6.890570163726807 2.1500000953674316
  endloop
endfacet
facet normal 0.0 0.0 0.0
  outer loop
    vertex -9.591107368469238 6.890570163726807 2.1500000953674316
    vertex -9.329270362854004 7.063406944274902 1.0
    vertex -9.591107368469238 6.890570163726807 1.0
  endloop
endfacet
facet normal 0.0 0.0 0.0
  outer loop
    vertex -9.591107368469238 6.890570163726807 2.1500000953674316
    vertex -9.591107368469238 6.890570163726807 1.0
    vertex -9.817874908447266 6.673758029937744 2.1500000953674316
  endloop
endfacet
facet normal 0.0 0.0 0.0
  outer loop
    vertex -9.817874908447266 6.673758029937744 2.1500000953674316
    vertex -9.591107368469238 6.890570163726807 1.0
    vertex -9.817874908447266 6.673758029937744 1.0
  endloop
endfacet
facet normal 0.0 0.0 0.0
  outer loop
    vertex -9.817874908447266 6.673758029937744 2.1500000953674316
    vertex -9.817874908447266 6.673758029937744 1.0
    vertex -10.00228500366211 6.419939041137695 2.1500000953674316
  endloop
endfacet
facet normal 0.0 0.0 0.0
  outer loop
    vertex -10.00228500366211 6.419939041137695 2.1500000953674316
    vertex -9.817874908447266 6.673758029937744 1.0
    vertex -10.00228500366211 6.419939041137695 1.0
  endloop
endfacet
facet normal 0.0 0.0 0.0
  outer loop
    vertex -10.00228500366211 6.419939041137695 2.1500000953674316
    vertex -10.00228500366211 6.419939041137695 1.0
    vertex -10.138410568237305 6.137270927429199 2.1500000953674316
  endloop
endfacet
facet normal 0.0 0.0 0.0
  outer loop
    vertex -10.138410568237305 6.137270927429199 2.1500000953674316
    vertex -10.00228500366211 6.419939041137695 1.0
    vertex -10.138410568237305 6.137270927429199 1.0
  endloop
endfacet
facet normal 0.0 0.0 0.0
  outer loop
    vertex -10.138410568237305 6.137270927429199 2.1500000953674316
    vertex -10.138410568237305 6.137270927429199 1.0
    vertex -10.221877098083496 5.834839820861816 2.1500000953674316
  endloop
endfacet
facet normal 0.0 0.0 0.0
  outer loop
    vertex -10.221877098083496 5.834839820861816 2.1500000953674316
    vertex -10.138410568237305 6.137270927429199 1.0
    vertex -10.221877098083496 5.834839820861816 1.0
  endloop
endfacet
facet normal 0.0 0.0 0.0
  outer loop
    vertex -12.471923828125 5.049272537231445 0.0
    vertex -12.5 5.522365093231201 0.0
    vertex -9.65999984741211 5.522365093231201 0.0
  endloop
endfacet
facet normal 0.0 0.0 0.0
  outer loop
    vertex -9.65999984741211 5.522365093231201 0.0
    vertex -12.5 5.522365093231201 0.0
    vertex -12.471923828125 5.995457649230957 0.0
  endloop
endfacet
facet normal 0.0 0.0 0.0
  outer loop
    vertex -9.65999984741211 5.522365093231201 0.0
    vertex -12.471923828125 5.995457649230957 0.0
    vertex -9.632880210876465 5.771730899810791 0.0
  endloop
endfacet
facet normal 0.0 0.0 0.0
  outer loop
    vertex -9.632880210876465 5.771730899810791 0.0
    vertex -12.471923828125 5.995457649230957 0.0
    vertex -12.388092041015625 6.461909294128418 0.0
  endloop
endfacet
facet normal 0.0 0.0 0.0
  outer loop
    vertex -9.632880210876465 5.771730899810791 0.0
    vertex -12.388092041015625 6.461909294128418 0.0
    vertex -12.249679565429688 6.915172100067139 0.0
  endloop
endfacet
facet normal 0.0 0.0 0.0
  outer loop
    vertex -9.632880210876465 5.771730899810791 0.0
    vertex -12.249679565429688 6.915172100067139 0.0
    vertex -9.552786827087402 6.00943660736084 0.0
  endloop
endfacet
facet normal 0.0 0.0 0.0
  outer loop
    vertex -9.552786827087402 6.00943660736084 0.0
    vertex -12.249679565429688 6.915172100067139 0.0
    vertex -12.05862808227539 7.34888219833374 0.0
  endloop
endfacet
facet normal 0.0 0.0 0.0
  outer loop
    vertex -9.552786827087402 6.00943660736084 0.0
    vertex -12.05862808227539 7.34888219833374 0.0
    vertex -11.817623138427734 7.756952285766602 0.0
  endloop
endfacet
facet normal 0.0 0.0 0.0
  outer loop
    vertex -9.552786827087402 6.00943660736084 0.0
    vertex -11.817623138427734 7.756952285766602 0.0
    vertex -9.423467636108398 6.224367141723633 0.0
  endloop
endfacet
facet normal 0.0 0.0 0.0
  outer loop
    vertex -9.423467636108398 6.224367141723633 0.0
    vertex -11.817623138427734 7.756952285766602 0.0
    vertex -11.530044555664062 8.13365364074707 0.0
  endloop
endfacet
facet normal 0.0 0.0 0.0
  outer loop
    vertex -9.423467636108398 6.224367141723633 0.0
    vertex -11.530044555664062 8.13365364074707 0.0
    vertex -9.250967979431152 6.406473159790039 0.0
  endloop
endfacet
facet normal 0.0 0.0 0.0
  outer loop
    vertex -9.250967979431152 6.406473159790039 0.0
    vertex -11.530044555664062 8.13365364074707 0.0
    vertex -11.199932098388672 8.473697662353516 0.0
  endloop
endfacet
facet normal 0.0 0.0 0.0
  outer loop
    vertex -9.250967979431152 6.406473159790039 0.0
    vertex -11.199932098388672 8.473697662353516 0.0
    vertex -10.831917762756348 8.772313117980957 0.0
  endloop
endfacet
facet normal 0.0 0.0 0.0
  outer loop
    vertex -9.250967979431152 6.406473159790039 0.0
    vertex -10.831917762756348 8.772313117980957 0.0
    vertex -9.043354034423828 6.547239303588867 0.0
  endloop
endfacet
facet normal 0.0 0.0 0.0
  outer loop
    vertex -9.043354034423828 6.547239303588867 0.0
    vertex -10.831917762756348 8.772313117980957 0.0
    vertex -10.431169509887695 9.025304794311523 0.0
  endloop
endfacet
facet normal 0.0 0.0 0.0
  outer loop
    vertex -9.043354034423828 6.547239303588867 0.0
    vertex -10.431169509887695 9.025304794311523 0.0
    vertex -10.003310203552246 9.22912311553955 0.0
  endloop
endfacet
facet normal 0.0 0.0 0.0
  outer loop
    vertex -9.043354034423828 6.547239303588867 0.0
    vertex -10.003310203552246 9.22912311553955 0.0
    vertex -8.810333251953125 6.640083312988281 0.0
  endloop
endfacet
facet normal 0.0 0.0 0.0
  outer loop
    vertex -8.810333251953125 6.640083312988281 0.0
    vertex -10.003310203552246 9.22912311553955 0.0
    vertex -9.554348945617676 9.38090705871582 0.0
  endloop
endfacet
facet normal 0.0 0.0 0.0
  outer loop
    vertex -8.810333251953125 6.640083312988281 0.0
    vertex -9.554348945617676 9.38090705871582 0.0
    vertex -9.09058666229248 9.47852611541748 0.0
  endloop
endfacet
facet normal 0.0 0.0 0.0
  outer loop
    vertex -8.810333251953125 6.640083312988281 0.0
    vertex -9.09058666229248 9.47852611541748 0.0
    vertex -8.562801361083984 6.6806640625 0.0
  endloop
endfacet
facet normal 0.0 0.0 0.0
  outer loop
    vertex -8.562801361083984 6.6806640625 0.0
    vertex -9.09058666229248 9.47852611541748 0.0
    vertex -8.61853313446045 9.520607948303223 0.0
  endloop
endfacet
facet normal 0.0 0.0 0.0
  outer loop
    vertex -8.562801361083984 6.6806640625 0.0
    vertex -8.61853313446045 9.520607948303223 0.0
    vertex -8.144816398620605 9.506564140319824 0.0
  endloop
endfacet
facet normal 0.0 0.0 0.0
  outer loop
    vertex -8.562801361083984 6.6806640625 0.0
    vertex -8.144816398620605 9.506564140319824 0.0
    vertex -8.312333106994629 6.667084217071533 0.0
  endloop
endfacet
facet normal 0.0 0.0 0.0
  outer loop
    vertex -8.312333106994629 6.667084217071533 0.0
    vertex -8.144816398620605 9.506564140319824 0.0
    vertex -7.676085472106934 9.436591148376465 0.0
  endloop
endfacet
facet normal 0.0 0.0 0.0
  outer loop
    vertex -8.312333106994629 6.667084217071533 0.0
    vertex -7.676085472106934 9.436591148376465 0.0
    vertex -7.218920707702637 9.311670303344727 0.0
  endloop
endfacet
facet normal 0.0 0.0 0.0
  outer loop
    vertex -8.312333106994629 6.667084217071533 0.0
    vertex -7.218920707702637 9.311670303344727 0.0
    vertex -8.070639610290527 6.599977970123291 0.0
  endloop
endfacet
facet normal 0.0 0.0 0.0
  outer loop
    vertex -8.070639610290527 6.599977970123291 0.0
    vertex -7.218920707702637 9.311670303344727 0.0
    vertex -6.779738903045654 9.133556365966797 0.0
  endloop
endfacet
facet normal 0.0 0.0 0.0
  outer loop
    vertex -8.070639610290527 6.599977970123291 0.0
    vertex -6.779738903045654 9.133556365966797 0.0
    vertex -7.84902286529541 6.482484340667725 0.0
  endloop
endfacet
facet normal 0.0 0.0 0.0
  outer loop
    vertex -7.84902286529541 6.482484340667725 0.0
    vertex -6.779738903045654 9.133556365966797 0.0
    vertex -6.364706039428711 8.904748916625977 0.0
  endloop
endfacet
facet normal 0.0 0.0 0.0
  outer loop
    vertex -7.84902286529541 6.482484340667725 0.0
    vertex -6.364706039428711 8.904748916625977 0.0
    vertex -5.979649066925049 8.628459930419922 0.0
  endloop
endfacet
facet normal 0.0 0.0 0.0
  outer loop
    vertex -7.84902286529541 6.482484340667725 0.0
    vertex -5.979649066925049 8.628459930419922 0.0
    vertex -7.6578450202941895 6.320096492767334 0.0
  endloop
endfacet
facet normal 0.0 0.0 0.0
  outer loop
    vertex -7.6578450202941895 6.320096492767334 0.0
    vertex -5.979649066925049 8.628459930419922 0.0
    vertex -5.629971027374268 8.308568954467773 0.0
  endloop
endfacet
facet normal 0.0 0.0 0.0
  outer loop
    vertex -7.6578450202941895 6.320096492767334 0.0
    vertex -5.629971027374268 8.308568954467773 0.0
    vertex -5.320581912994385 7.949565887451172 0.0
  endloop
endfacet
facet normal 0.0 0.0 0.0
  outer loop
    vertex -7.6578450202941895 6.320096492767334 0.0
    vertex -5.320581912994385 7.949565887451172 0.0
    vertex -7.506045818328857 6.120407581329346 0.0
  endloop
endfacet
facet normal 0.0 0.0 0.0
  outer loop
    vertex -7.506045818328857 6.120407581329346 0.0
    vertex -5.320581912994385 7.949565887451172 0.0
    vertex -5.055826187133789 7.556488990783691 0.0
  endloop
endfacet
facet normal 0.0 0.0 0.0
  outer loop
    vertex -7.506045818328857 6.120407581329346 0.0
    vertex -5.055826187133789 7.556488990783691 0.0
    vertex -4.839417934417725 7.134859085083008 0.0
  endloop
endfacet
facet normal 0.0 0.0 0.0
  outer loop
    vertex -7.506045818328857 6.120407581329346 0.0
    vertex -4.839417934417725 7.134859085083008 0.0
    vertex -7.400722026824951 5.892755031585693 0.0
  endloop
endfacet
facet normal 0.0 0.0 0.0
  outer loop
    vertex -7.400722026824951 5.892755031585693 0.0
    vertex -4.839417934417725 7.134859085083008 0.0
    vertex -4.67439603805542 6.690591812133789 0.0
  endloop
endfacet
facet normal 0.0 0.0 0.0
  outer loop
    vertex -7.400722026824951 5.892755031585693 0.0
    vertex -4.67439603805542 6.690591812133789 0.0
    vertex -4.563077926635742 6.229926109313965 0.0
  endloop
endfacet
facet normal 0.0 0.0 0.0
  outer loop
    vertex -7.400722026824951 5.892755031585693 0.0
    vertex -4.563077926635742 6.229926109313965 0.0
    vertex -7.346799850463867 5.647783279418945 0.0
  endloop
endfacet
facet normal 0.0 0.0 0.0
  outer loop
    vertex -7.346799850463867 5.647783279418945 0.0
    vertex -4.563077926635742 6.229926109313965 0.0
    vertex -4.507024765014648 5.759327411651611 0.0
  endloop
endfacet
facet normal 0.0 0.0 0.0
  outer loop
    vertex -7.346799850463867 5.647783279418945 0.0
    vertex -4.507024765014648 5.759327411651611 0.0
    vertex -4.507024765014648 5.285402774810791 0.0
  endloop
endfacet
facet normal 0.0 0.0 0.0
  outer loop
    vertex -7.346799850463867 5.647783279418945 0.0
    vertex -4.507024765014648 5.285402774810791 0.0
    vertex -7.346799850463867 5.396946907043457 0.0
  endloop
endfacet
facet normal 0.0 0.0 0.0
  outer loop
    vertex -7.346799850463867 5.396946907043457 0.0
    vertex -4.507024765014648 5.285402774810791 0.0
    vertex -4.563077926635742 4.8148040771484375 0.0
  endloop
endfacet
facet normal 0.0 0.0 0.0
  outer loop
    vertex -7.346799850463867 5.396946907043457 0.0
    vertex -4.563077926635742 4.8148040771484375 0.0
    vertex -7.400722026824951 5.151975154876709 0.0
  endloop
endfacet
facet normal 0.0 0.0 0.0
  outer loop
    vertex -7.400722026824951 5.151975154876709 0.0
    vertex -4.563077926635742 4.8148040771484375 0.0
    vertex -4.67439603805542 4.354138374328613 0.0
  endloop
endfacet
facet normal 0.0 0.0 0.0
  outer loop
    vertex -7.400722026824951 5.151975154876709 0.0
    vertex -4.67439603805542 4.354138374328613 0.0
    vertex -4.839417934417725 3.9098711013793945 0.0
  endloop
endfacet
facet normal 0.0 0.0 0.0
  outer loop
    vertex -7.400722026824951 5.151975154876709 0.0
    vertex -4.839417934417725 3.9098711013793945 0.0
    vertex -7.506045818328857 4.924322605133057 0.0
  endloop
endfacet
facet normal 0.0 0.0 0.0
  outer loop
    vertex -7.506045818328857 4.924322605133057 0.0
    vertex -4.839417934417725 3.9098711013793945 0.0
    vertex -5.055826187133789 3.488241195678711 0.0
  endloop
endfacet
facet normal 0.0 0.0 0.0
  outer loop
    vertex -7.506045818328857 4.924322605133057 0.0
    vertex -5.055826187133789 3.488241195678711 0.0
    vertex -5.320581912994385 3.0951640605926514 0.0
  endloop
endfacet
facet normal 0.0 0.0 0.0
  outer loop
    vertex -7.506045818328857 4.924322605133057 0.0
    vertex -5.320581912994385 3.0951640605926514 0.0
    vertex -7.6578450202941895 4.724633693695068 0.0
  endloop
endfacet
facet normal 0.0 0.0 0.0
  outer loop
    vertex -7.6578450202941895 4.724633693695068 0.0
    vertex -5.320581912994385 3.0951640605926514 0.0
    vertex -5.629971027374268 2.73616099357605 0.0
  endloop
endfacet
facet normal 0.0 0.0 0.0
  outer loop
    vertex -7.6578450202941895 4.724633693695068 0.0
    vertex -5.629971027374268 2.73616099357605 0.0
    vertex -5.979649066925049 2.4162700176239014 0.0
  endloop
endfacet
facet normal 0.0 0.0 0.0
  outer loop
    vertex -7.6578450202941895 4.724633693695068 0.0
    vertex -5.979649066925049 2.4162700176239014 0.0
    vertex -7.84902286529541 4.562245845794678 0.0
  endloop
endfacet
facet normal 0.0 0.0 0.0
  outer loop
    vertex -7.84902286529541 4.562245845794678 0.0
    vertex -5.979649066925049 2.4162700176239014 0.0
    vertex -6.364706039428711 2.1399810314178467 0.0
  endloop
endfacet
facet normal 0.0 0.0 0.0
  outer loop
    vertex -7.84902286529541 4.562245845794678 0.0
    vertex -6.364706039428711 2.1399810314178467 0.0
    vertex -6.779738903045654 1.9111740589141846 0.0
  endloop
endfacet
facet normal 0.0 0.0 0.0
  outer loop
    vertex -7.84902286529541 4.562245845794678 0.0
    vertex -6.779738903045654 1.9111740589141846 0.0
    vertex -8.070639610290527 4.444752216339111 0.0
  endloop
endfacet
facet normal 0.0 0.0 0.0
  outer loop
    vertex -8.070639610290527 4.444752216339111 0.0
    vertex -6.779738903045654 1.9111740589141846 0.0
    vertex -7.218920707702637 1.7330601215362549 0.0
  endloop
endfacet
facet normal 0.0 0.0 0.0
  outer loop
    vertex -8.070639610290527 4.444752216339111 0.0
    vertex -7.218920707702637 1.7330601215362549 0.0
    vertex -8.312333106994629 4.377645969390869 0.0
  endloop
endfacet
facet normal 0.0 0.0 0.0
  outer loop
    vertex -8.312333106994629 4.377645969390869 0.0
    vertex -7.218920707702637 1.7330601215362549 0.0
    vertex -7.676085472106934 1.6081390380859375 0.0
  endloop
endfacet
facet normal 0.0 0.0 0.0
  outer loop
    vertex -8.312333106994629 4.377645969390869 0.0
    vertex -7.676085472106934 1.6081390380859375 0.0
    vertex -8.144816398620605 1.5381660461425781 0.0
  endloop
endfacet
facet normal 0.0 0.0 0.0
  outer loop
    vertex -8.312333106994629 4.377645969390869 0.0
    vertex -8.144816398620605 1.5381660461425781 0.0
    vertex -8.562801361083984 4.364066123962402 0.0
  endloop
endfacet
facet normal 0.0 0.0 0.0
  outer loop
    vertex -8.562801361083984 4.364066123962402 0.0
    vertex -8.144816398620605 1.5381660461425781 0.0
    vertex -8.61853313446045 1.5241219997406006 0.0
  endloop
endfacet
facet normal 0.0 0.0 0.0
  outer loop
    vertex -8.562801361083984 4.364066123962402 0.0
    vertex -8.61853313446045 1.5241219997406006 0.0
    vertex -9.09058666229248 1.5662040710449219 0.0
  endloop
endfacet
facet normal 0.0 0.0 0.0
  outer loop
    vertex -8.562801361083984 4.364066123962402 0.0
    vertex -9.09058666229248 1.5662040710449219 0.0
    vertex -8.810333251953125 4.404646873474121 0.0
  endloop
endfacet
facet normal 0.0 0.0 0.0
  outer loop
    vertex -8.810333251953125 4.404646873474121 0.0
    vertex -9.09058666229248 1.5662040710449219 0.0
    vertex -9.554348945617676 1.663823127746582 0.0
  endloop
endfacet
facet normal 0.0 0.0 0.0
  outer loop
    vertex -8.810333251953125 4.404646873474121 0.0
    vertex -9.554348945617676 1.663823127746582 0.0
    vertex -10.003310203552246 1.8156070709228516 0.0
  endloop
endfacet
facet normal 0.0 0.0 0.0
  outer loop
    vertex -8.810333251953125 4.404646873474121 0.0
    vertex -10.003310203552246 1.8156070709228516 0.0
    vertex -9.043354034423828 4.497490882873535 0.0
  endloop
endfacet
facet normal 0.0 0.0 0.0
  outer loop
    vertex -9.043354034423828 4.497490882873535 0.0
    vertex -10.003310203552246 1.8156070709228516 0.0
    vertex -10.431169509887695 2.0194251537323 0.0
  endloop
endfacet
facet normal 0.0 0.0 0.0
  outer loop
    vertex -9.043354034423828 4.497490882873535 0.0
    vertex -10.431169509887695 2.0194251537323 0.0
    vertex -10.831917762756348 2.2724170684814453 0.0
  endloop
endfacet
facet normal 0.0 0.0 0.0
  outer loop
    vertex -9.043354034423828 4.497490882873535 0.0
    vertex -10.831917762756348 2.2724170684814453 0.0
    vertex -9.250967979431152 4.638257026672363 0.0
  endloop
endfacet
facet normal 0.0 0.0 0.0
  outer loop
    vertex -9.250967979431152 4.638257026672363 0.0
    vertex -10.831917762756348 2.2724170684814453 0.0
    vertex -11.199932098388672 2.5710320472717285 0.0
  endloop
endfacet
facet normal 0.0 0.0 0.0
  outer loop
    vertex -9.250967979431152 4.638257026672363 0.0
    vertex -11.199932098388672 2.5710320472717285 0.0
    vertex -11.530044555664062 2.9110770225524902 0.0
  endloop
endfacet
facet normal 0.0 0.0 0.0
  outer loop
    vertex -9.250967979431152 4.638257026672363 0.0
    vertex -11.530044555664062 2.9110770225524902 0.0
    vertex -9.423467636108398 4.8203630447387695 0.0
  endloop
endfacet
facet normal 0.0 0.0 0.0
  outer loop
    vertex -9.423467636108398 4.8203630447387695 0.0
    vertex -11.530044555664062 2.9110770225524902 0.0
    vertex -11.817623138427734 3.28777813911438 0.0
  endloop
endfacet
facet normal 0.0 0.0 0.0
  outer loop
    vertex -9.423467636108398 4.8203630447387695 0.0
    vertex -11.817623138427734 3.28777813911438 0.0
    vertex -9.552786827087402 5.0352935791015625 0.0
  endloop
endfacet
facet normal 0.0 0.0 0.0
  outer loop
    vertex -9.552786827087402 5.0352935791015625 0.0
    vertex -11.817623138427734 3.28777813911438 0.0
    vertex -12.05862808227539 3.695847988128662 0.0
  endloop
endfacet
facet normal 0.0 0.0 0.0
  outer loop
    vertex -9.552786827087402 5.0352935791015625 0.0
    vertex -12.05862808227539 3.695847988128662 0.0
    vertex -12.249679565429688 4.129558086395264 0.0
  endloop
endfacet
facet normal 0.0 0.0 0.0
  outer loop
    vertex -9.552786827087402 5.0352935791015625 0.0
    vertex -12.249679565429688 4.129558086395264 0.0
    vertex -9.632880210876465 5.272999286651611 0.0
  endloop
endfacet
facet normal 0.0 0.0 0.0
  outer loop
    vertex -9.632880210876465 5.272999286651611 0.0
    vertex -12.249679565429688 4.129558086395264 0.0
    vertex -12.388092041015625 4.582820892333984 0.0
  endloop
endfacet
facet normal 0.0 0.0 0.0
  outer loop
    vertex -9.632880210876465 5.272999286651611 0.0
    vertex -12.388092041015625 4.582820892333984 0.0
    vertex -12.471923828125 5.049272537231445 0.0
  endloop
endfacet
facet normal 0.0 0.0 0.0
  outer loop
    vertex -9.632880210876465 5.272999286651611 0.0
    vertex -12.471923828125 5.049272537231445 0.0
    vertex -9.65999984741211 5.522365093231201 0.0
  endloop
endfacet
facet normal 0.0 0.0 0.0
  outer loop
    vertex -9.632880210876465 15.771734237670898 2.1500000953674316
    vertex -10.221877098083496 15.834835052490234 2.1500000953674316
    vertex -9.65999984741211 15.52236557006836 2.1500000953674316
  endloop
endfacet
facet normal 0.0 0.0 0.0
  outer loop
    vertex -9.65999984741211 15.52236557006836 2.1500000953674316
    vertex -10.221877098083496 15.834835052490234 2.1500000953674316
    vertex -10.25 15.52236557006836 2.1500000953674316
  endloop
endfacet
facet normal 0.0 0.0 0.0
  outer loop
    vertex -9.65999984741211 15.52236557006836 2.1500000953674316
    vertex -10.25 15.52236557006836 2.1500000953674316
    vertex -10.221877098083496 15.209890365600586 2.1500000953674316
  endloop
endfacet
facet normal 0.0 0.0 0.0
  outer loop
    vertex -10.221877098083496 15.834835052490234 2.1500000953674316
    vertex -9.632880210876465 15.771734237670898 2.1500000953674316
    vertex -10.138410568237305 16.13727569580078 2.1500000953674316
  endloop
endfacet
facet normal 0.0 0.0 0.0
  outer loop
    vertex -10.138410568237305 16.13727569580078 2.1500000953674316
    vertex -9.632880210876465 15.771734237670898 2.1500000953674316
    vertex -9.552786827087402 16.009435653686523 2.1500000953674316
  endloop
endfacet
facet normal 0.0 0.0 0.0
  outer loop
    vertex -10.138410568237305 16.13727569580078 2.1500000953674316
    vertex -9.552786827087402 16.009435653686523 2.1500000953674316
    vertex -10.00228500366211 16.41993522644043 2.1500000953674316
  endloop
endfacet
facet normal 0.0 0.0 0.0
  outer loop
    vertex -10.00228500366211 16.41993522644043 2.1500000953674316
    vertex -9.552786827087402 16.009435653686523 2.1500000953674316
    vertex -9.423467636108398 16.224365234375 2.1500000953674316
  endloop
endfacet
facet normal 0.0 0.0 0.0
  outer loop
    vertex -10.00228500366211 16.41993522644043 2.1500000953674316
    vertex -9.423467636108398 16.224365234375 2.1500000953674316
    vertex -9.817874908447266 16.673755645751953 2.1500000953674316
  endloop
endfacet
facet normal 0.0 0.0 0.0
  outer loop
    vertex -9.817874908447266 16.673755645751953 2.1500000953674316
    vertex -9.423467636108398 16.224365234375 2.1500000953674316
    vertex -9.250967979431152 16.406475067138672 2.1500000953674316
  endloop
endfacet
facet normal 0.0 0.0 0.0
  outer loop
    vertex -9.817874908447266 16.673755645751953 2.1500000953674316
    vertex -9.250967979431152 16.406475067138672 2.1500000953674316
    vertex -9.591107368469238 16.890575408935547 2.1500000953674316
  endloop
endfacet
facet normal 0.0 0.0 0.0
  outer loop
    vertex -9.591107368469238 16.890575408935547 2.1500000953674316
    vertex -9.250967979431152 16.406475067138672 2.1500000953674316
    vertex -9.043354034423828 16.5472354888916 2.1500000953674316
  endloop
endfacet
facet normal 0.0 0.0 0.0
  outer loop
    vertex -9.591107368469238 16.890575408935547 2.1500000953674316
    vertex -9.043354034423828 16.5472354888916 2.1500000953674316
    vertex -9.329270362854004 17.063405990600586 2.1500000953674316
  endloop
endfacet
facet normal 0.0 0.0 0.0
  outer loop
    vertex -9.329270362854004 17.063405990600586 2.1500000953674316
    vertex -9.043354034423828 16.5472354888916 2.1500000953674316
    vertex -9.040780067443848 17.18671417236328 2.1500000953674316
  endloop
endfacet
facet normal 0.0 0.0 0.0
  outer loop
    vertex -9.040780067443848 17.18671417236328 2.1500000953674316
    vertex -9.043354034423828 16.5472354888916 2.1500000953674316
    vertex -8.810333251953125 16.640085220336914 2.1500000953674316
  endloop
endfacet
facet normal 0.0 0.0 0.0
  outer loop
    vertex -9.040780067443848 17.18671417236328 2.1500000953674316
    vertex -8.810333251953125 16.640085220336914 2.1500000953674316
    vertex -8.734908103942871 17.25652503967285 2.1500000953674316
  endloop
endfacet
facet normal 0.0 0.0 0.0
  outer loop
    vertex -8.734908103942871 17.25652503967285 2.1500000953674316
    vertex -8.810333251953125 16.640085220336914 2.1500000953674316
    vertex -8.562801361083984 16.680665969848633 2.1500000953674316
  endloop
endfacet
facet normal 0.0 0.0 0.0
  outer loop
    vertex -8.734908103942871 17.25652503967285 2.1500000953674316
    vertex -8.562801361083984 16.680665969848633 2.1500000953674316
    vertex -8.421486854553223 17.270605087280273 2.1500000953674316
  endloop
endfacet
facet normal 0.0 0.0 0.0
  outer loop
    vertex -8.421486854553223 17.270605087280273 2.1500000953674316
    vertex -8.562801361083984 16.680665969848633 2.1500000953674316
    vertex -8.312333106994629 16.667085647583008 2.1500000953674316
  endloop
endfacet
facet normal 0.0 0.0 0.0
  outer loop
    vertex -8.421486854553223 17.270605087280273 2.1500000953674316
    vertex -8.312333106994629 16.667085647583008 2.1500000953674316
    vertex -8.110588073730469 17.228485107421875 2.1500000953674316
  endloop
endfacet
facet normal 0.0 0.0 0.0
  outer loop
    vertex -8.110588073730469 17.228485107421875 2.1500000953674316
    vertex -8.312333106994629 16.667085647583008 2.1500000953674316
    vertex -8.070639610290527 16.5999755859375 2.1500000953674316
  endloop
endfacet
facet normal 0.0 0.0 0.0
  outer loop
    vertex -8.110588073730469 17.228485107421875 2.1500000953674316
    vertex -8.070639610290527 16.5999755859375 2.1500000953674316
    vertex -7.812206268310547 17.131534576416016 2.1500000953674316
  endloop
endfacet
facet normal 0.0 0.0 0.0
  outer loop
    vertex -7.812206268310547 17.131534576416016 2.1500000953674316
    vertex -8.070639610290527 16.5999755859375 2.1500000953674316
    vertex -7.84902286529541 16.482484817504883 2.1500000953674316
  endloop
endfacet
facet normal 0.0 0.0 0.0
  outer loop
    vertex -7.812206268310547 17.131534576416016 2.1500000953674316
    vertex -7.84902286529541 16.482484817504883 2.1500000953674316
    vertex -7.535930156707764 16.982864379882812 2.1500000953674316
  endloop
endfacet
facet normal 0.0 0.0 0.0
  outer loop
    vertex -7.535930156707764 16.982864379882812 2.1500000953674316
    vertex -7.84902286529541 16.482484817504883 2.1500000953674316
    vertex -7.290639877319336 16.787254333496094 2.1500000953674316
  endloop
endfacet
facet normal 0.0 0.0 0.0
  outer loop
    vertex -7.290639877319336 16.787254333496094 2.1500000953674316
    vertex -7.84902286529541 16.482484817504883 2.1500000953674316
    vertex -7.6578450202941895 16.32009506225586 2.1500000953674316
  endloop
endfacet
facet normal 0.0 0.0 0.0
  outer loop
    vertex -7.290639877319336 16.787254333496094 2.1500000953674316
    vertex -7.6578450202941895 16.32009506225586 2.1500000953674316
    vertex -7.084219932556152 16.55098533630371 2.1500000953674316
  endloop
endfacet
facet normal 0.0 0.0 0.0
  outer loop
    vertex -7.084219932556152 16.55098533630371 2.1500000953674316
    vertex -7.6578450202941895 16.32009506225586 2.1500000953674316
    vertex -7.506045818328857 16.120405197143555 2.1500000953674316
  endloop
endfacet
facet normal 0.0 0.0 0.0
  outer loop
    vertex -7.084219932556152 16.55098533630371 2.1500000953674316
    vertex -7.506045818328857 16.120405197143555 2.1500000953674316
    vertex -6.923304080963135 16.281665802001953 2.1500000953674316
  endloop
endfacet
facet normal 0.0 0.0 0.0
  outer loop
    vertex -6.923304080963135 16.281665802001953 2.1500000953674316
    vertex -7.506045818328857 16.120405197143555 2.1500000953674316
    vertex -7.400722026824951 15.892755508422852 2.1500000953674316
  endloop
endfacet
facet normal 0.0 0.0 0.0
  outer loop
    vertex -6.923304080963135 16.281665802001953 2.1500000953674316
    vertex -7.400722026824951 15.892755508422852 2.1500000953674316
    vertex -6.813065052032471 15.987924575805664 2.1500000953674316
  endloop
endfacet
facet normal 0.0 0.0 0.0
  outer loop
    vertex -6.813065052032471 15.987924575805664 2.1500000953674316
    vertex -7.400722026824951 15.892755508422852 2.1500000953674316
    vertex -7.346799850463867 15.647785186767578 2.1500000953674316
  endloop
endfacet
facet normal 0.0 0.0 0.0
  outer loop
    vertex -6.813065052032471 15.987924575805664 2.1500000953674316
    vertex -7.346799850463867 15.647785186767578 2.1500000953674316
    vertex -6.757044792175293 15.679235458374023 2.1500000953674316
  endloop
endfacet
facet normal 0.0 0.0 0.0
  outer loop
    vertex -6.757044792175293 15.679235458374023 2.1500000953674316
    vertex -7.346799850463867 15.647785186767578 2.1500000953674316
    vertex -6.757044792175293 15.365495681762695 2.1500000953674316
  endloop
endfacet
facet normal 0.0 0.0 0.0
  outer loop
    vertex -6.757044792175293 15.365495681762695 2.1500000953674316
    vertex -7.346799850463867 15.647785186767578 2.1500000953674316
    vertex -7.346799850463867 15.396947860717773 2.1500000953674316
  endloop
endfacet
facet normal 0.0 0.0 0.0
  outer loop
    vertex -6.757044792175293 15.365495681762695 2.1500000953674316
    vertex -7.346799850463867 15.396947860717773 2.1500000953674316
    vertex -6.813065052032471 15.056800842285156 2.1500000953674316
  endloop
endfacet
facet normal 0.0 0.0 0.0
  outer loop
    vertex -6.813065052032471 15.056800842285156 2.1500000953674316
    vertex -7.346799850463867 15.396947860717773 2.1500000953674316
    vertex -7.400722026824951 15.151975631713867 2.1500000953674316
  endloop
endfacet
facet normal 0.0 0.0 0.0
  outer loop
    vertex -6.813065052032471 15.056800842285156 2.1500000953674316
    vertex -7.400722026824951 15.151975631713867 2.1500000953674316
    vertex -6.923304080963135 14.763067245483398 2.1500000953674316
  endloop
endfacet
facet normal 0.0 0.0 0.0
  outer loop
    vertex -6.923304080963135 14.763067245483398 2.1500000953674316
    vertex -7.400722026824951 15.151975631713867 2.1500000953674316
    vertex -7.506045818328857 14.924324035644531 2.1500000953674316
  endloop
endfacet
facet normal 0.0 0.0 0.0
  outer loop
    vertex -6.923304080963135 14.763067245483398 2.1500000953674316
    vertex -7.506045818328857 14.924324035644531 2.1500000953674316
    vertex -7.084219932556152 14.493741989135742 2.1500000953674316
  endloop
endfacet
facet normal 0.0 0.0 0.0
  outer loop
    vertex -7.084219932556152 14.493741989135742 2.1500000953674316
    vertex -7.506045818328857 14.924324035644531 2.1500000953674316
    vertex -7.6578450202941895 14.724634170532227 2.1500000953674316
  endloop
endfacet
facet normal 0.0 0.0 0.0
  outer loop
    vertex -7.084219932556152 14.493741989135742 2.1500000953674316
    vertex -7.6578450202941895 14.724634170532227 2.1500000953674316
    vertex -7.290639877319336 14.257474899291992 2.1500000953674316
  endloop
endfacet
facet normal 0.0 0.0 0.0
  outer loop
    vertex -7.290639877319336 14.257474899291992 2.1500000953674316
    vertex -7.6578450202941895 14.724634170532227 2.1500000953674316
    vertex -7.84902286529541 14.562246322631836 2.1500000953674316
  endloop
endfacet
facet normal 0.0 0.0 0.0
  outer loop
    vertex -7.290639877319336 14.257474899291992 2.1500000953674316
    vertex -7.84902286529541 14.562246322631836 2.1500000953674316
    vertex -7.535930156707764 14.06186294555664 2.1500000953674316
  endloop
endfacet
facet normal 0.0 0.0 0.0
  outer loop
    vertex -7.535930156707764 14.06186294555664 2.1500000953674316
    vertex -7.84902286529541 14.562246322631836 2.1500000953674316
    vertex -7.812206268310547 13.913190841674805 2.1500000953674316
  endloop
endfacet
facet normal 0.0 0.0 0.0
  outer loop
    vertex -7.812206268310547 13.913190841674805 2.1500000953674316
    vertex -7.84902286529541 14.562246322631836 2.1500000953674316
    vertex -8.070639610290527 14.444751739501953 2.1500000953674316
  endloop
endfacet
facet normal 0.0 0.0 0.0
  outer loop
    vertex -7.812206268310547 13.913190841674805 2.1500000953674316
    vertex -8.070639610290527 14.444751739501953 2.1500000953674316
    vertex -8.110588073730469 13.816240310668945 2.1500000953674316
  endloop
endfacet
facet normal 0.0 0.0 0.0
  outer loop
    vertex -8.110588073730469 13.816240310668945 2.1500000953674316
    vertex -8.070639610290527 14.444751739501953 2.1500000953674316
    vertex -8.312333106994629 14.377645492553711 2.1500000953674316
  endloop
endfacet
facet normal 0.0 0.0 0.0
  outer loop
    vertex -8.110588073730469 13.816240310668945 2.1500000953674316
    vertex -8.312333106994629 14.377645492553711 2.1500000953674316
    vertex -8.421486854553223 13.774127960205078 2.1500000953674316
  endloop
endfacet
facet normal 0.0 0.0 0.0
  outer loop
    vertex -8.421486854553223 13.774127960205078 2.1500000953674316
    vertex -8.312333106994629 14.377645492553711 2.1500000953674316
    vertex -8.562801361083984 14.364065170288086 2.1500000953674316
  endloop
endfacet
facet normal 0.0 0.0 0.0
  outer loop
    vertex -8.421486854553223 13.774127960205078 2.1500000953674316
    vertex -8.562801361083984 14.364065170288086 2.1500000953674316
    vertex -8.734908103942871 13.788202285766602 2.1500000953674316
  endloop
endfacet
facet normal 0.0 0.0 0.0
  outer loop
    vertex -8.734908103942871 13.788202285766602 2.1500000953674316
    vertex -8.562801361083984 14.364065170288086 2.1500000953674316
    vertex -8.810333251953125 14.404647827148438 2.1500000953674316
  endloop
endfacet
facet normal 0.0 0.0 0.0
  outer loop
    vertex -8.734908103942871 13.788202285766602 2.1500000953674316
    vertex -8.810333251953125 14.404647827148438 2.1500000953674316
    vertex -9.040780067443848 13.858016967773438 2.1500000953674316
  endloop
endfacet
facet normal 0.0 0.0 0.0
  outer loop
    vertex -9.040780067443848 13.858016967773438 2.1500000953674316
    vertex -8.810333251953125 14.404647827148438 2.1500000953674316
    vertex -9.043354034423828 14.497491836547852 2.1500000953674316
  endloop
endfacet
facet normal 0.0 0.0 0.0
  outer loop
    vertex -9.040780067443848 13.858016967773438 2.1500000953674316
    vertex -9.043354034423828 14.497491836547852 2.1500000953674316
    vertex -9.329270362854004 13.9813232421875 2.1500000953674316
  endloop
endfacet
facet normal 0.0 0.0 0.0
  outer loop
    vertex -9.329270362854004 13.9813232421875 2.1500000953674316
    vertex -9.043354034423828 14.497491836547852 2.1500000953674316
    vertex -9.591107368469238 14.154159545898438 2.1500000953674316
  endloop
endfacet
facet normal 0.0 0.0 0.0
  outer loop
    vertex -9.591107368469238 14.154159545898438 2.1500000953674316
    vertex -9.043354034423828 14.497491836547852 2.1500000953674316
    vertex -9.250967979431152 14.63825798034668 2.1500000953674316
  endloop
endfacet
facet normal 0.0 0.0 0.0
  outer loop
    vertex -9.591107368469238 14.154159545898438 2.1500000953674316
    vertex -9.250967979431152 14.63825798034668 2.1500000953674316
    vertex -9.817874908447266 14.3709716796875 2.1500000953674316
  endloop
endfacet
facet normal 0.0 0.0 0.0
  outer loop
    vertex -9.817874908447266 14.3709716796875 2.1500000953674316
    vertex -9.250967979431152 14.63825798034668 2.1500000953674316
    vertex -9.423467636108398 14.820363998413086 2.1500000953674316
  endloop
endfacet
facet normal 0.0 0.0 0.0
  outer loop
    vertex -9.817874908447266 14.3709716796875 2.1500000953674316
    vertex -9.423467636108398 14.820363998413086 2.1500000953674316
    vertex -10.00228500366211 14.62479019165039 2.1500000953674316
  endloop
endfacet
facet normal 0.0 0.0 0.0
  outer loop
    vertex -10.00228500366211 14.62479019165039 2.1500000953674316
    vertex -9.423467636108398 14.820363998413086 2.1500000953674316
    vertex -9.552786827087402 15.035293579101562 2.1500000953674316
  endloop
endfacet
facet normal 0.0 0.0 0.0
  outer loop
    vertex -10.00228500366211 14.62479019165039 2.1500000953674316
    vertex -9.552786827087402 15.035293579101562 2.1500000953674316
    vertex -10.138410568237305 14.907459259033203 2.1500000953674316
  endloop
endfacet
facet normal 0.0 0.0 0.0
  outer loop
    vertex -10.138410568237305 14.907459259033203 2.1500000953674316
    vertex -9.552786827087402 15.035293579101562 2.1500000953674316
    vertex -9.632880210876465 15.272998809814453 2.1500000953674316
  endloop
endfacet
facet normal 0.0 0.0 0.0
  outer loop
    vertex -10.138410568237305 14.907459259033203 2.1500000953674316
    vertex -9.632880210876465 15.272998809814453 2.1500000953674316
    vertex -10.221877098083496 15.209890365600586 2.1500000953674316
  endloop
endfacet
facet normal 0.0 0.0 0.0
  outer loop
    vertex -10.221877098083496 15.209890365600586 2.1500000953674316
    vertex -9.632880210876465 15.272998809814453 2.1500000953674316
    vertex -9.65999984741211 15.52236557006836 2.1500000953674316
  endloop
endfacet
facet normal 0.0 0.0 0.0
  outer loop
    vertex -12.471923828125 15.995454788208008 1.0
    vertex -12.471923828125 15.995454788208008 0.0
    vertex -12.5 15.52236557006836 1.0
  endloop
endfacet
facet normal 0.0 0.0 0.0
  outer loop
    vertex -12.5 15.52236557006836 1.0
    vertex -12.471923828125 15.995454788208008 0.0
    vertex -12.5 15.52236557006836 0.0
  endloop
endfacet
facet normal 0.0 0.0 0.0
  outer loop
    vertex -12.5 15.52236557006836 1.0
    vertex -12.5 15.52236557006836 0.0
    vertex -12.471923828125 15.049272537231445 1.0
  endloop
endfacet
facet normal 0.0 0.0 0.0
  outer loop
    vertex -12.471923828125 15.049272537231445 1.0
    vertex -12.5 15.52236557006836 0.0
    vertex -12.471923828125 15.049272537231445 0.0
  endloop
endfacet
facet normal 0.0 0.0 0.0
  outer loop
    vertex -12.471923828125 15.049272537231445 1.0
    vertex -12.471923828125 15.049272537231445 0.0
    vertex -12.388092041015625 14.582820892333984 0.0
  endloop
endfacet
facet normal 0.0 0.0 0.0
  outer loop
    vertex -12.471923828125 15.995454788208008 1.0
    vertex -12.388092041015625 16.461904525756836 1.0
    vertex -12.471923828125 15.995454788208008 0.0
  endloop
endfacet
facet normal 0.0 0.0 0.0
  outer loop
    vertex -12.471923828125 15.995454788208008 0.0
    vertex -12.388092041015625 16.461904525756836 1.0
    vertex -12.388092041015625 16.461904525756836 0.0
  endloop
endfacet
facet normal 0.0 0.0 0.0
  outer loop
    vertex -12.388092041015625 16.461904525756836 0.0
    vertex -12.388092041015625 16.461904525756836 1.0
    vertex -12.249679565429688 16.91517448425293 1.0
  endloop
endfacet
facet normal 0.0 0.0 0.0
  outer loop
    vertex -12.388092041015625 16.461904525756836 0.0
    vertex -12.249679565429688 16.91517448425293 1.0
    vertex -12.249679565429688 16.91517448425293 0.0
  endloop
endfacet
facet normal 0.0 0.0 0.0
  outer loop
    vertex -12.249679565429688 16.91517448425293 0.0
    vertex -12.249679565429688 16.91517448425293 1.0
    vertex -12.05862808227539 17.34888458251953 1.0
  endloop
endfacet
facet normal 0.0 0.0 0.0
  outer loop
    vertex -12.249679565429688 16.91517448425293 0.0
    vertex -12.05862808227539 17.34888458251953 1.0
    vertex -12.05862808227539 17.34888458251953 0.0
  endloop
endfacet
facet normal 0.0 0.0 0.0
  outer loop
    vertex -12.05862808227539 17.34888458251953 0.0
    vertex -12.05862808227539 17.34888458251953 1.0
    vertex -11.817623138427734 17.756954193115234 1.0
  endloop
endfacet
facet normal 0.0 0.0 0.0
  outer loop
    vertex -12.05862808227539 17.34888458251953 0.0
    vertex -11.817623138427734 17.756954193115234 1.0
    vertex -11.817623138427734 17.756954193115234 0.0
  endloop
endfacet
facet normal 0.0 0.0 0.0
  outer loop
    vertex -11.817623138427734 17.756954193115234 0.0
    vertex -11.817623138427734 17.756954193115234 1.0
    vertex -11.530044555664062 18.133655548095703 1.0
  endloop
endfacet
facet normal 0.0 0.0 0.0
  outer loop
    vertex -11.817623138427734 17.756954193115234 0.0
    vertex -11.530044555664062 18.133655548095703 1.0
    vertex -11.530044555664062 18.133655548095703 0.0
  endloop
endfacet
facet normal 0.0 0.0 0.0
  outer loop
    vertex -11.530044555664062 18.133655548095703 0.0
    vertex -11.530044555664062 18.133655548095703 1.0
    vertex -11.199932098388672 18.473695755004883 1.0
  endloop
endfacet
facet normal 0.0 0.0 0.0
  outer loop
    vertex -11.530044555664062 18.133655548095703 0.0
    vertex -11.199932098388672 18.473695755004883 1.0
    vertex -11.199932098388672 18.473695755004883 0.0
  endloop
endfacet
facet normal 0.0 0.0 0.0
  outer loop
    vertex -11.199932098388672 18.473695755004883 0.0
    vertex -11.199932098388672 18.473695755004883 1.0
    vertex -10.831917762756348 18.772315979003906 1.0
  endloop
endfacet
facet normal 0.0 0.0 0.0
  outer loop
    vertex -11.199932098388672 18.473695755004883 0.0
    vertex -10.831917762756348 18.772315979003906 1.0
    vertex -10.831917762756348 18.772315979003906 0.0
  endloop
endfacet
facet normal 0.0 0.0 0.0
  outer loop
    vertex -10.831917762756348 18.772315979003906 0.0
    vertex -10.831917762756348 18.772315979003906 1.0
    vertex -10.431169509887695 19.025304794311523 1.0
  endloop
endfacet
facet normal 0.0 0.0 0.0
  outer loop
    vertex -10.831917762756348 18.772315979003906 0.0
    vertex -10.431169509887695 19.025304794311523 1.0
    vertex -10.431169509887695 19.025304794311523 0.0
  endloop
endfacet
facet normal 0.0 0.0 0.0
  outer loop
    vertex -10.431169509887695 19.025304794311523 0.0
    vertex -10.431169509887695 19.025304794311523 1.0
    vertex -10.003310203552246 19.2291259765625 1.0
  endloop
endfacet
facet normal 0.0 0.0 0.0
  outer loop
    vertex -10.431169509887695 19.025304794311523 0.0
    vertex -10.003310203552246 19.2291259765625 1.0
    vertex -10.003310203552246 19.2291259765625 0.0
  endloop
endfacet
facet normal 0.0 0.0 0.0
  outer loop
    vertex -10.003310203552246 19.2291259765625 0.0
    vertex -10.003310203552246 19.2291259765625 1.0
    vertex -9.554348945617676 19.380905151367188 1.0
  endloop
endfacet
facet normal 0.0 0.0 0.0
  outer loop
    vertex -10.003310203552246 19.2291259765625 0.0
    vertex -9.554348945617676 19.380905151367188 1.0
    vertex -9.554348945617676 19.380905151367188 0.0
  endloop
endfacet
facet normal 0.0 0.0 0.0
  outer loop
    vertex -9.554348945617676 19.380905151367188 0.0
    vertex -9.554348945617676 19.380905151367188 1.0
    vertex -9.09058666229248 19.478525161743164 1.0
  endloop
endfacet
facet normal 0.0 0.0 0.0
  outer loop
    vertex -9.554348945617676 19.380905151367188 0.0
    vertex -9.09058666229248 19.478525161743164 1.0
    vertex -9.09058666229248 19.478525161743164 0.0
  endloop
endfacet
facet normal 0.0 0.0 0.0
  outer loop
    vertex -9.09058666229248 19.478525161743164 0.0
    vertex -9.09058666229248 19.478525161743164 1.0
    vertex -8.61853313446045 19.520605087280273 1.0
  endloop
endfacet
facet normal 0.0 0.0 0.0
  outer loop
    vertex -9.09058666229248 19.478525161743164 0.0
    vertex -8.61853313446045 19.520605087280273 1.0
    vertex -8.61853313446045 19.520605087280273 0.0
  endloop
endfacet
facet normal 0.0 0.0 0.0
  outer loop
    vertex -8.61853313446045 19.520605087280273 0.0
    vertex -8.61853313446045 19.520605087280273 1.0
    vertex -8.144816398620605 19.50656509399414 1.0
  endloop
endfacet
facet normal 0.0 0.0 0.0
  outer loop
    vertex -8.61853313446045 19.520605087280273 0.0
    vertex -8.144816398620605 19.50656509399414 1.0
    vertex -8.144816398620605 19.50656509399414 0.0
  endloop
endfacet
facet normal 0.0 0.0 0.0
  outer loop
    vertex -8.144816398620605 19.50656509399414 0.0
    vertex -8.144816398620605 19.50656509399414 1.0
    vertex -7.676085472106934 19.436595916748047 1.0
  endloop
endfacet
facet normal 0.0 0.0 0.0
  outer loop
    vertex -8.144816398620605 19.50656509399414 0.0
    vertex -7.676085472106934 19.436595916748047 1.0
    vertex -7.676085472106934 19.436595916748047 0.0
  endloop
endfacet
facet normal 0.0 0.0 0.0
  outer loop
    vertex -7.676085472106934 19.436595916748047 0.0
    vertex -7.676085472106934 19.436595916748047 1.0
    vertex -7.218920707702637 19.311676025390625 1.0
  endloop
endfacet
facet normal 0.0 0.0 0.0
  outer loop
    vertex -7.676085472106934 19.436595916748047 0.0
    vertex -7.218920707702637 19.311676025390625 1.0
    vertex -7.218920707702637 19.311676025390625 0.0
  endloop
endfacet
facet normal 0.0 0.0 0.0
  outer loop
    vertex -7.218920707702637 19.311676025390625 0.0
    vertex -7.218920707702637 19.311676025390625 1.0
    vertex -6.779738903045654 19.133554458618164 1.0
  endloop
endfacet
facet normal 0.0 0.0 0.0
  outer loop
    vertex -7.218920707702637 19.311676025390625 0.0
    vertex -6.779738903045654 19.133554458618164 1.0
    vertex -6.779738903045654 19.133554458618164 0.0
  endloop
endfacet
facet normal 0.0 0.0 0.0
  outer loop
    vertex -6.779738903045654 19.133554458618164 0.0
    vertex -6.779738903045654 19.133554458618164 1.0
    vertex -6.364706039428711 18.90474510192871 1.0
  endloop
endfacet
facet normal 0.0 0.0 0.0
  outer loop
    vertex -6.779738903045654 19.133554458618164 0.0
    vertex -6.364706039428711 18.90474510192871 1.0
    vertex -6.364706039428711 18.90474510192871 0.0
  endloop
endfacet
facet normal 0.0 0.0 0.0
  outer loop
    vertex -6.364706039428711 18.90474510192871 0.0
    vertex -6.364706039428711 18.90474510192871 1.0
    vertex -5.979649066925049 18.62846565246582 1.0
  endloop
endfacet
facet normal 0.0 0.0 0.0
  outer loop
    vertex -6.364706039428711 18.90474510192871 0.0
    vertex -5.979649066925049 18.62846565246582 1.0
    vertex -5.979649066925049 18.62846565246582 0.0
  endloop
endfacet
facet normal 0.0 0.0 0.0
  outer loop
    vertex -5.979649066925049 18.62846565246582 0.0
    vertex -5.979649066925049 18.62846565246582 1.0
    vertex -5.629971027374268 18.308565139770508 1.0
  endloop
endfacet
facet normal 0.0 0.0 0.0
  outer loop
    vertex -5.979649066925049 18.62846565246582 0.0
    vertex -5.629971027374268 18.308565139770508 1.0
    vertex -5.629971027374268 18.308565139770508 0.0
  endloop
endfacet
facet normal 0.0 0.0 0.0
  outer loop
    vertex -5.629971027374268 18.308565139770508 0.0
    vertex -5.629971027374268 18.308565139770508 1.0
    vertex -5.320581912994385 17.949565887451172 1.0
  endloop
endfacet
facet normal 0.0 0.0 0.0
  outer loop
    vertex -5.629971027374268 18.308565139770508 0.0
    vertex -5.320581912994385 17.949565887451172 1.0
    vertex -5.320581912994385 17.949565887451172 0.0
  endloop
endfacet
facet normal 0.0 0.0 0.0
  outer loop
    vertex -5.320581912994385 17.949565887451172 0.0
    vertex -5.320581912994385 17.949565887451172 1.0
    vertex -5.055826187133789 17.55648422241211 1.0
  endloop
endfacet
facet normal 0.0 0.0 0.0
  outer loop
    vertex -5.320581912994385 17.949565887451172 0.0
    vertex -5.055826187133789 17.55648422241211 1.0
    vertex -5.055826187133789 17.55648422241211 0.0
  endloop
endfacet
facet normal 0.0 0.0 0.0
  outer loop
    vertex -5.055826187133789 17.55648422241211 0.0
    vertex -5.055826187133789 17.55648422241211 1.0
    vertex -4.839417934417725 17.134855270385742 1.0
  endloop
endfacet
facet normal 0.0 0.0 0.0
  outer loop
    vertex -5.055826187133789 17.55648422241211 0.0
    vertex -4.839417934417725 17.134855270385742 1.0
    vertex -4.839417934417725 17.134855270385742 0.0
  endloop
endfacet
facet normal 0.0 0.0 0.0
  outer loop
    vertex -4.839417934417725 17.134855270385742 0.0
    vertex -4.839417934417725 17.134855270385742 1.0
    vertex -4.67439603805542 16.690595626831055 1.0
  endloop
endfacet
facet normal 0.0 0.0 0.0
  outer loop
    vertex -4.839417934417725 17.134855270385742 0.0
    vertex -4.67439603805542 16.690595626831055 1.0
    vertex -4.67439603805542 16.690595626831055 0.0
  endloop
endfacet
facet normal 0.0 0.0 0.0
  outer loop
    vertex -4.67439603805542 16.690595626831055 0.0
    vertex -4.67439603805542 16.690595626831055 1.0
    vertex -4.563077926635742 16.22992515563965 1.0
  endloop
endfacet
facet normal 0.0 0.0 0.0
  outer loop
    vertex -4.67439603805542 16.690595626831055 0.0
    vertex -4.563077926635742 16.22992515563965 1.0
    vertex -4.563077926635742 16.22992515563965 0.0
  endloop
endfacet
facet normal 0.0 0.0 0.0
  outer loop
    vertex -4.563077926635742 16.22992515563965 0.0
    vertex -4.563077926635742 16.22992515563965 1.0
    vertex -4.507024765014648 15.75932502746582 1.0
  endloop
endfacet
facet normal 0.0 0.0 0.0
  outer loop
    vertex -4.563077926635742 16.22992515563965 0.0
    vertex -4.507024765014648 15.75932502746582 1.0
    vertex -4.507024765014648 15.75932502746582 0.0
  endloop
endfacet
facet normal 0.0 0.0 0.0
  outer loop
    vertex -4.507024765014648 15.75932502746582 0.0
    vertex -4.507024765014648 15.75932502746582 1.0
    vertex -4.507024765014648 15.285402297973633 1.0
  endloop
endfacet
facet normal 0.0 0.0 0.0
  outer loop
    vertex -4.507024765014648 15.75932502746582 0.0
    vertex -4.507024765014648 15.285402297973633 1.0
    vertex -4.507024765014648 15.285402297973633 0.0
  endloop
endfacet
facet normal 0.0 0.0 0.0
  outer loop
    vertex -4.507024765014648 15.285402297973633 0.0
    vertex -4.507024765014648 15.285402297973633 1.0
    vertex -4.563077926635742 14.814804077148438 1.0
  endloop
endfacet
facet normal 0.0 0.0 0.0
  outer loop
    vertex -4.507024765014648 15.285402297973633 0.0
    vertex -4.563077926635742 14.814804077148438 1.0
    vertex -4.563077926635742 14.814804077148438 0.0
  endloop
endfacet
facet normal 0.0 0.0 0.0
  outer loop
    vertex -4.563077926635742 14.814804077148438 0.0
    vertex -4.563077926635742 14.814804077148438 1.0
    vertex -4.67439603805542 14.354137420654297 1.0
  endloop
endfacet
facet normal 0.0 0.0 0.0
  outer loop
    vertex -4.563077926635742 14.814804077148438 0.0
    vertex -4.67439603805542 14.354137420654297 1.0
    vertex -4.67439603805542 14.354137420654297 0.0
  endloop
endfacet
facet normal 0.0 0.0 0.0
  outer loop
    vertex -4.67439603805542 14.354137420654297 0.0
    vertex -4.67439603805542 14.354137420654297 1.0
    vertex -4.839417934417725 13.909870147705078 1.0
  endloop
endfacet
facet normal 0.0 0.0 0.0
  outer loop
    vertex -4.67439603805542 14.354137420654297 0.0
    vertex -4.839417934417725 13.909870147705078 1.0
    vertex -4.839417934417725 13.909870147705078 0.0
  endloop
endfacet
facet normal 0.0 0.0 0.0
  outer loop
    vertex -4.839417934417725 13.909870147705078 0.0
    vertex -4.839417934417725 13.909870147705078 1.0
    vertex -5.055826187133789 13.488241195678711 1.0
  endloop
endfacet
facet normal 0.0 0.0 0.0
  outer loop
    vertex -4.839417934417725 13.909870147705078 0.0
    vertex -5.055826187133789 13.488241195678711 1.0
    vertex -5.055826187133789 13.488241195678711 0.0
  endloop
endfacet
facet normal 0.0 0.0 0.0
  outer loop
    vertex -5.055826187133789 13.488241195678711 0.0
    vertex -5.055826187133789 13.488241195678711 1.0
    vertex -5.320581912994385 13.09516429901123 1.0
  endloop
endfacet
facet normal 0.0 0.0 0.0
  outer loop
    vertex -5.055826187133789 13.488241195678711 0.0
    vertex -5.320581912994385 13.09516429901123 1.0
    vertex -5.320581912994385 13.09516429901123 0.0
  endloop
endfacet
facet normal 0.0 0.0 0.0
  outer loop
    vertex -5.320581912994385 13.09516429901123 0.0
    vertex -5.320581912994385 13.09516429901123 1.0
    vertex -5.629971027374268 12.736161231994629 1.0
  endloop
endfacet
facet normal 0.0 0.0 0.0
  outer loop
    vertex -5.320581912994385 13.09516429901123 0.0
    vertex -5.629971027374268 12.736161231994629 1.0
    vertex -5.629971027374268 12.736161231994629 0.0
  endloop
endfacet
facet normal 0.0 0.0 0.0
  outer loop
    vertex -5.629971027374268 12.736161231994629 0.0
    vertex -5.629971027374268 12.736161231994629 1.0
    vertex -5.979649066925049 12.41627025604248 1.0
  endloop
endfacet
facet normal 0.0 0.0 0.0
  outer loop
    vertex -5.629971027374268 12.736161231994629 0.0
    vertex -5.979649066925049 12.41627025604248 1.0
    vertex -5.979649066925049 12.41627025604248 0.0
  endloop
endfacet
facet normal 0.0 0.0 0.0
  outer loop
    vertex -5.979649066925049 12.41627025604248 0.0
    vertex -5.979649066925049 12.41627025604248 1.0
    vertex -6.364706039428711 12.139981269836426 1.0
  endloop
endfacet
facet normal 0.0 0.0 0.0
  outer loop
    vertex -5.979649066925049 12.41627025604248 0.0
    vertex -6.364706039428711 12.139981269836426 1.0
    vertex -6.364706039428711 12.139981269836426 0.0
  endloop
endfacet
facet normal 0.0 0.0 0.0
  outer loop
    vertex -6.364706039428711 12.139981269836426 0.0
    vertex -6.364706039428711 12.139981269836426 1.0
    vertex -6.779738903045654 11.911174774169922 1.0
  endloop
endfacet
facet normal 0.0 0.0 0.0
  outer loop
    vertex -6.364706039428711 12.139981269836426 0.0
    vertex -6.779738903045654 11.911174774169922 1.0
    vertex -6.779738903045654 11.911174774169922 0.0
  endloop
endfacet
facet normal 0.0 0.0 0.0
  outer loop
    vertex -6.779738903045654 11.911174774169922 0.0
    vertex -6.779738903045654 11.911174774169922 1.0
    vertex -7.218920707702637 11.733059883117676 1.0
  endloop
endfacet
facet normal 0.0 0.0 0.0
  outer loop
    vertex -6.779738903045654 11.911174774169922 0.0
    vertex -7.218920707702637 11.733059883117676 1.0
    vertex -7.218920707702637 11.733059883117676 0.0
  endloop
endfacet
facet normal 0.0 0.0 0.0
  outer loop
    vertex -7.218920707702637 11.733059883117676 0.0
    vertex -7.218920707702637 11.733059883117676 1.0
    vertex -7.676085472106934 11.608139038085938 1.0
  endloop
endfacet
facet normal 0.0 0.0 0.0
  outer loop
    vertex -7.218920707702637 11.733059883117676 0.0
    vertex -7.676085472106934 11.608139038085938 1.0
    vertex -7.676085472106934 11.608139038085938 0.0
  endloop
endfacet
facet normal 0.0 0.0 0.0
  outer loop
    vertex -7.676085472106934 11.608139038085938 0.0
    vertex -7.676085472106934 11.608139038085938 1.0
    vertex -8.144816398620605 11.538166046142578 1.0
  endloop
endfacet
facet normal 0.0 0.0 0.0
  outer loop
    vertex -7.676085472106934 11.608139038085938 0.0
    vertex -8.144816398620605 11.538166046142578 1.0
    vertex -8.144816398620605 11.538166046142578 0.0
  endloop
endfacet
facet normal 0.0 0.0 0.0
  outer loop
    vertex -8.144816398620605 11.538166046142578 0.0
    vertex -8.144816398620605 11.538166046142578 1.0
    vertex -8.61853313446045 11.52412223815918 1.0
  endloop
endfacet
facet normal 0.0 0.0 0.0
  outer loop
    vertex -8.144816398620605 11.538166046142578 0.0
    vertex -8.61853313446045 11.52412223815918 1.0
    vertex -8.61853313446045 11.52412223815918 0.0
  endloop
endfacet
facet normal 0.0 0.0 0.0
  outer loop
    vertex -8.61853313446045 11.52412223815918 0.0
    vertex -8.61853313446045 11.52412223815918 1.0
    vertex -9.09058666229248 11.566204071044922 1.0
  endloop
endfacet
facet normal 0.0 0.0 0.0
  outer loop
    vertex -8.61853313446045 11.52412223815918 0.0
    vertex -9.09058666229248 11.566204071044922 1.0
    vertex -9.09058666229248 11.566204071044922 0.0
  endloop
endfacet
facet normal 0.0 0.0 0.0
  outer loop
    vertex -9.09058666229248 11.566204071044922 0.0
    vertex -9.09058666229248 11.566204071044922 1.0
    vertex -9.554348945617676 11.663823127746582 1.0
  endloop
endfacet
facet normal 0.0 0.0 0.0
  outer loop
    vertex -9.09058666229248 11.566204071044922 0.0
    vertex -9.554348945617676 11.663823127746582 1.0
    vertex -9.554348945617676 11.663823127746582 0.0
  endloop
endfacet
facet normal 0.0 0.0 0.0
  outer loop
    vertex -9.554348945617676 11.663823127746582 0.0
    vertex -9.554348945617676 11.663823127746582 1.0
    vertex -10.003310203552246 11.815607070922852 1.0
  endloop
endfacet
facet normal 0.0 0.0 0.0
  outer loop
    vertex -9.554348945617676 11.663823127746582 0.0
    vertex -10.003310203552246 11.815607070922852 1.0
    vertex -10.003310203552246 11.815607070922852 0.0
  endloop
endfacet
facet normal 0.0 0.0 0.0
  outer loop
    vertex -10.003310203552246 11.815607070922852 0.0
    vertex -10.003310203552246 11.815607070922852 1.0
    vertex -10.431169509887695 12.019424438476562 1.0
  endloop
endfacet
facet normal 0.0 0.0 0.0
  outer loop
    vertex -10.003310203552246 11.815607070922852 0.0
    vertex -10.431169509887695 12.019424438476562 1.0
    vertex -10.431169509887695 12.019424438476562 0.0
  endloop
endfacet
facet normal 0.0 0.0 0.0
  outer loop
    vertex -10.431169509887695 12.019424438476562 0.0
    vertex -10.431169509887695 12.019424438476562 1.0
    vertex -10.831917762756348 12.272417068481445 1.0
  endloop
endfacet
facet normal 0.0 0.0 0.0
  outer loop
    vertex -10.431169509887695 12.019424438476562 0.0
    vertex -10.831917762756348 12.272417068481445 1.0
    vertex -10.831917762756348 12.272417068481445 0.0
  endloop
endfacet
facet normal 0.0 0.0 0.0
  outer loop
    vertex -10.831917762756348 12.272417068481445 0.0
    vertex -10.831917762756348 12.272417068481445 1.0
    vertex -11.199932098388672 12.57103157043457 1.0
  endloop
endfacet
facet normal 0.0 0.0 0.0
  outer loop
    vertex -10.831917762756348 12.272417068481445 0.0
    vertex -11.199932098388672 12.57103157043457 1.0
    vertex -11.199932098388672 12.57103157043457 0.0
  endloop
endfacet
facet normal 0.0 0.0 0.0
  outer loop
    vertex -11.199932098388672 12.57103157043457 0.0
    vertex -11.199932098388672 12.57103157043457 1.0
    vertex -11.530044555664062 12.911077499389648 1.0
  endloop
endfacet
facet normal 0.0 0.0 0.0
  outer loop
    vertex -11.199932098388672 12.57103157043457 0.0
    vertex -11.530044555664062 12.911077499389648 1.0
    vertex -11.530044555664062 12.911077499389648 0.0
  endloop
endfacet
facet normal 0.0 0.0 0.0
  outer loop
    vertex -11.530044555664062 12.911077499389648 0.0
    vertex -11.530044555664062 12.911077499389648 1.0
    vertex -11.817623138427734 13.2877779006958 1.0
  endloop
endfacet
facet normal 0.0 0.0 0.0
  outer loop
    vertex -11.530044555664062 12.911077499389648 0.0
    vertex -11.817623138427734 13.2877779006958 1.0
    vertex -11.817623138427734 13.2877779006958 0.0
  endloop
endfacet
facet normal 0.0 0.0 0.0
  outer loop
    vertex -11.817623138427734 13.2877779006958 0.0
    vertex -11.817623138427734 13.2877779006958 1.0
    vertex -12.05862808227539 13.69584846496582 1.0
  endloop
endfacet
facet normal 0.0 0.0 0.0
  outer loop
    vertex -11.817623138427734 13.2877779006958 0.0
    vertex -12.05862808227539 13.69584846496582 1.0
    vertex -12.05862808227539 13.69584846496582 0.0
  endloop
endfacet
facet normal 0.0 0.0 0.0
  outer loop
    vertex -12.05862808227539 13.69584846496582 0.0
    vertex -12.05862808227539 13.69584846496582 1.0
    vertex -12.249679565429688 14.129558563232422 1.0
  endloop
endfacet
facet normal 0.0 0.0 0.0
  outer loop
    vertex -12.05862808227539 13.69584846496582 0.0
    vertex -12.249679565429688 14.129558563232422 1.0
    vertex -12.249679565429688 14.129558563232422 0.0
  endloop
endfacet
facet normal 0.0 0.0 0.0
  outer loop
    vertex -12.249679565429688 14.129558563232422 0.0
    vertex -12.249679565429688 14.129558563232422 1.0
    vertex -12.388092041015625 14.582820892333984 1.0
  endloop
endfacet
facet normal 0.0 0.0 0.0
  outer loop
    vertex -12.249679565429688 14.129558563232422 0.0
    vertex -12.388092041015625 14.582820892333984 1.0
    vertex -12.388092041015625 14.582820892333984 0.0
  endloop
endfacet
facet normal 0.0 0.0 0.0
  outer loop
    vertex -12.388092041015625 14.582820892333984 0.0
    vertex -12.388092041015625 14.582820892333984 1.0
    vertex -12.471923828125 15.049272537231445 1.0
  endloop
endfacet
facet normal 0.0 0.0 0.0
  outer loop
    vertex -10.221877098083496 15.834835052490234 1.0
    vertex -12.471923828125 15.995454788208008 1.0
    vertex -10.25 15.52236557006836 1.0
  endloop
endfacet
facet normal 0.0 0.0 0.0
  outer loop
    vertex -10.25 15.52236557006836 1.0
    vertex -12.471923828125 15.995454788208008 1.0
    vertex -12.5 15.52236557006836 1.0
  endloop
endfacet
facet normal 0.0 0.0 0.0
  outer loop
    vertex -10.25 15.52236557006836 1.0
    vertex -12.5 15.52236557006836 1.0
    vertex -12.471923828125 15.049272537231445 1.0
  endloop
endfacet
facet normal 0.0 0.0 0.0
  outer loop
    vertex -12.471923828125 15.995454788208008 1.0
    vertex -10.221877098083496 15.834835052490234 1.0
    vertex -12.388092041015625 16.461904525756836 1.0
  endloop
endfacet
facet normal 0.0 0.0 0.0
  outer loop
    vertex -12.388092041015625 16.461904525756836 1.0
    vertex -10.221877098083496 15.834835052490234 1.0
    vertex -10.138410568237305 16.13727569580078 1.0
  endloop
endfacet
facet normal 0.0 0.0 0.0
  outer loop
    vertex -12.388092041015625 16.461904525756836 1.0
    vertex -10.138410568237305 16.13727569580078 1.0
    vertex -12.249679565429688 16.91517448425293 1.0
  endloop
endfacet
facet normal 0.0 0.0 0.0
  outer loop
    vertex -12.249679565429688 16.91517448425293 1.0
    vertex -10.138410568237305 16.13727569580078 1.0
    vertex -12.05862808227539 17.34888458251953 1.0
  endloop
endfacet
facet normal 0.0 0.0 0.0
  outer loop
    vertex -12.05862808227539 17.34888458251953 1.0
    vertex -10.138410568237305 16.13727569580078 1.0
    vertex -10.00228500366211 16.41993522644043 1.0
  endloop
endfacet
facet normal 0.0 0.0 0.0
  outer loop
    vertex -12.05862808227539 17.34888458251953 1.0
    vertex -10.00228500366211 16.41993522644043 1.0
    vertex -11.817623138427734 17.756954193115234 1.0
  endloop
endfacet
facet normal 0.0 0.0 0.0
  outer loop
    vertex -11.817623138427734 17.756954193115234 1.0
    vertex -10.00228500366211 16.41993522644043 1.0
    vertex -9.817874908447266 16.673755645751953 1.0
  endloop
endfacet
facet normal 0.0 0.0 0.0
  outer loop
    vertex -11.817623138427734 17.756954193115234 1.0
    vertex -9.817874908447266 16.673755645751953 1.0
    vertex -11.530044555664062 18.133655548095703 1.0
  endloop
endfacet
facet normal 0.0 0.0 0.0
  outer loop
    vertex -11.530044555664062 18.133655548095703 1.0
    vertex -9.817874908447266 16.673755645751953 1.0
    vertex -11.199932098388672 18.473695755004883 1.0
  endloop
endfacet
facet normal 0.0 0.0 0.0
  outer loop
    vertex -11.199932098388672 18.473695755004883 1.0
    vertex -9.817874908447266 16.673755645751953 1.0
    vertex -9.591107368469238 16.890575408935547 1.0
  endloop
endfacet
facet normal 0.0 0.0 0.0
  outer loop
    vertex -11.199932098388672 18.473695755004883 1.0
    vertex -9.591107368469238 16.890575408935547 1.0
    vertex -10.831917762756348 18.772315979003906 1.0
  endloop
endfacet
facet normal 0.0 0.0 0.0
  outer loop
    vertex -10.831917762756348 18.772315979003906 1.0
    vertex -9.591107368469238 16.890575408935547 1.0
    vertex -9.329270362854004 17.063405990600586 1.0
  endloop
endfacet
facet normal 0.0 0.0 0.0
  outer loop
    vertex -10.831917762756348 18.772315979003906 1.0
    vertex -9.329270362854004 17.063405990600586 1.0
    vertex -10.431169509887695 19.025304794311523 1.0
  endloop
endfacet
facet normal 0.0 0.0 0.0
  outer loop
    vertex -10.431169509887695 19.025304794311523 1.0
    vertex -9.329270362854004 17.063405990600586 1.0
    vertex -10.003310203552246 19.2291259765625 1.0
  endloop
endfacet
facet normal 0.0 0.0 0.0
  outer loop
    vertex -10.003310203552246 19.2291259765625 1.0
    vertex -9.329270362854004 17.063405990600586 1.0
    vertex -9.040780067443848 17.18671417236328 1.0
  endloop
endfacet
facet normal 0.0 0.0 0.0
  outer loop
    vertex -10.003310203552246 19.2291259765625 1.0
    vertex -9.040780067443848 17.18671417236328 1.0
    vertex -9.554348945617676 19.380905151367188 1.0
  endloop
endfacet
facet normal 0.0 0.0 0.0
  outer loop
    vertex -9.554348945617676 19.380905151367188 1.0
    vertex -9.040780067443848 17.18671417236328 1.0
    vertex -8.734908103942871 17.25652503967285 1.0
  endloop
endfacet
facet normal 0.0 0.0 0.0
  outer loop
    vertex -9.554348945617676 19.380905151367188 1.0
    vertex -8.734908103942871 17.25652503967285 1.0
    vertex -9.09058666229248 19.478525161743164 1.0
  endloop
endfacet
facet normal 0.0 0.0 0.0
  outer loop
    vertex -9.09058666229248 19.478525161743164 1.0
    vertex -8.734908103942871 17.25652503967285 1.0
    vertex -8.61853313446045 19.520605087280273 1.0
  endloop
endfacet
facet normal 0.0 0.0 0.0
  outer loop
    vertex -8.61853313446045 19.520605087280273 1.0
    vertex -8.734908103942871 17.25652503967285 1.0
    vertex -8.421486854553223 17.270605087280273 1.0
  endloop
endfacet
facet normal 0.0 0.0 0.0
  outer loop
    vertex -8.61853313446045 19.520605087280273 1.0
    vertex -8.421486854553223 17.270605087280273 1.0
    vertex -8.144816398620605 19.50656509399414 1.0
  endloop
endfacet
facet normal 0.0 0.0 0.0
  outer loop
    vertex -8.144816398620605 19.50656509399414 1.0
    vertex -8.421486854553223 17.270605087280273 1.0
    vertex -8.110588073730469 17.228485107421875 1.0
  endloop
endfacet
facet normal 0.0 0.0 0.0
  outer loop
    vertex -8.144816398620605 19.50656509399414 1.0
    vertex -8.110588073730469 17.228485107421875 1.0
    vertex -7.676085472106934 19.436595916748047 1.0
  endloop
endfacet
facet normal 0.0 0.0 0.0
  outer loop
    vertex -7.676085472106934 19.436595916748047 1.0
    vertex -8.110588073730469 17.228485107421875 1.0
    vertex -7.218920707702637 19.311676025390625 1.0
  endloop
endfacet
facet normal 0.0 0.0 0.0
  outer loop
    vertex -7.218920707702637 19.311676025390625 1.0
    vertex -8.110588073730469 17.228485107421875 1.0
    vertex -7.812206268310547 17.131534576416016 1.0
  endloop
endfacet
facet normal 0.0 0.0 0.0
  outer loop
    vertex -7.218920707702637 19.311676025390625 1.0
    vertex -7.812206268310547 17.131534576416016 1.0
    vertex -6.779738903045654 19.133554458618164 1.0
  endloop
endfacet
facet normal 0.0 0.0 0.0
  outer loop
    vertex -6.779738903045654 19.133554458618164 1.0
    vertex -7.812206268310547 17.131534576416016 1.0
    vertex -7.535930156707764 16.982864379882812 1.0
  endloop
endfacet
facet normal 0.0 0.0 0.0
  outer loop
    vertex -6.779738903045654 19.133554458618164 1.0
    vertex -7.535930156707764 16.982864379882812 1.0
    vertex -6.364706039428711 18.90474510192871 1.0
  endloop
endfacet
facet normal 0.0 0.0 0.0
  outer loop
    vertex -6.364706039428711 18.90474510192871 1.0
    vertex -7.535930156707764 16.982864379882812 1.0
    vertex -5.979649066925049 18.62846565246582 1.0
  endloop
endfacet
facet normal 0.0 0.0 0.0
  outer loop
    vertex -5.979649066925049 18.62846565246582 1.0
    vertex -7.535930156707764 16.982864379882812 1.0
    vertex -7.290639877319336 16.787254333496094 1.0
  endloop
endfacet
facet normal 0.0 0.0 0.0
  outer loop
    vertex -5.979649066925049 18.62846565246582 1.0
    vertex -7.290639877319336 16.787254333496094 1.0
    vertex -5.629971027374268 18.308565139770508 1.0
  endloop
endfacet
facet normal 0.0 0.0 0.0
  outer loop
    vertex -5.629971027374268 18.308565139770508 1.0
    vertex -7.290639877319336 16.787254333496094 1.0
    vertex -7.084219932556152 16.55098533630371 1.0
  endloop
endfacet
facet normal 0.0 0.0 0.0
  outer loop
    vertex -5.629971027374268 18.308565139770508 1.0
    vertex -7.084219932556152 16.55098533630371 1.0
    vertex -5.320581912994385 17.949565887451172 1.0
  endloop
endfacet
facet normal 0.0 0.0 0.0
  outer loop
    vertex -5.320581912994385 17.949565887451172 1.0
    vertex -7.084219932556152 16.55098533630371 1.0
    vertex -5.055826187133789 17.55648422241211 1.0
  endloop
endfacet
facet normal 0.0 0.0 0.0
  outer loop
    vertex -5.055826187133789 17.55648422241211 1.0
    vertex -7.084219932556152 16.55098533630371 1.0
    vertex -6.923304080963135 16.281665802001953 1.0
  endloop
endfacet
facet normal 0.0 0.0 0.0
  outer loop
    vertex -5.055826187133789 17.55648422241211 1.0
    vertex -6.923304080963135 16.281665802001953 1.0
    vertex -4.839417934417725 17.134855270385742 1.0
  endloop
endfacet
facet normal 0.0 0.0 0.0
  outer loop
    vertex -4.839417934417725 17.134855270385742 1.0
    vertex -6.923304080963135 16.281665802001953 1.0
    vertex -6.813065052032471 15.987924575805664 1.0
  endloop
endfacet
facet normal 0.0 0.0 0.0
  outer loop
    vertex -4.839417934417725 17.134855270385742 1.0
    vertex -6.813065052032471 15.987924575805664 1.0
    vertex -4.67439603805542 16.690595626831055 1.0
  endloop
endfacet
facet normal 0.0 0.0 0.0
  outer loop
    vertex -4.67439603805542 16.690595626831055 1.0
    vertex -6.813065052032471 15.987924575805664 1.0
    vertex -4.563077926635742 16.22992515563965 1.0
  endloop
endfacet
facet normal 0.0 0.0 0.0
  outer loop
    vertex -4.563077926635742 16.22992515563965 1.0
    vertex -6.813065052032471 15.987924575805664 1.0
    vertex -6.757044792175293 15.679235458374023 1.0
  endloop
endfacet
facet normal 0.0 0.0 0.0
  outer loop
    vertex -4.563077926635742 16.22992515563965 1.0
    vertex -6.757044792175293 15.679235458374023 1.0
    vertex -4.507024765014648 15.75932502746582 1.0
  endloop
endfacet
facet normal 0.0 0.0 0.0
  outer loop
    vertex -4.507024765014648 15.75932502746582 1.0
    vertex -6.757044792175293 15.679235458374023 1.0
    vertex -4.507024765014648 15.285402297973633 1.0
  endloop
endfacet
facet normal 0.0 0.0 0.0
  outer loop
    vertex -4.507024765014648 15.285402297973633 1.0
    vertex -6.757044792175293 15.679235458374023 1.0
    vertex -6.757044792175293 15.365495681762695 1.0
  endloop
endfacet
facet normal 0.0 0.0 0.0
  outer loop
    vertex -4.507024765014648 15.285402297973633 1.0
    vertex -6.757044792175293 15.365495681762695 1.0
    vertex -4.563077926635742 14.814804077148438 1.0
  endloop
endfacet
facet normal 0.0 0.0 0.0
  outer loop
    vertex -4.563077926635742 14.814804077148438 1.0
    vertex -6.757044792175293 15.365495681762695 1.0
    vertex -6.813065052032471 15.056800842285156 1.0
  endloop
endfacet
facet normal 0.0 0.0 0.0
  outer loop
    vertex -4.563077926635742 14.814804077148438 1.0
    vertex -6.813065052032471 15.056800842285156 1.0
    vertex -4.67439603805542 14.354137420654297 1.0
  endloop
endfacet
facet normal 0.0 0.0 0.0
  outer loop
    vertex -4.67439603805542 14.354137420654297 1.0
    vertex -6.813065052032471 15.056800842285156 1.0
    vertex -4.839417934417725 13.909870147705078 1.0
  endloop
endfacet
facet normal 0.0 0.0 0.0
  outer loop
    vertex -4.839417934417725 13.909870147705078 1.0
    vertex -6.813065052032471 15.056800842285156 1.0
    vertex -6.923304080963135 14.763067245483398 1.0
  endloop
endfacet
facet normal 0.0 0.0 0.0
  outer loop
    vertex -4.839417934417725 13.909870147705078 1.0
    vertex -6.923304080963135 14.763067245483398 1.0
    vertex -5.055826187133789 13.488241195678711 1.0
  endloop
endfacet
facet normal 0.0 0.0 0.0
  outer loop
    vertex -5.055826187133789 13.488241195678711 1.0
    vertex -6.923304080963135 14.763067245483398 1.0
    vertex -7.084219932556152 14.493741989135742 1.0
  endloop
endfacet
facet normal 0.0 0.0 0.0
  outer loop
    vertex -5.055826187133789 13.488241195678711 1.0
    vertex -7.084219932556152 14.493741989135742 1.0
    vertex -5.320581912994385 13.09516429901123 1.0
  endloop
endfacet
facet normal 0.0 0.0 0.0
  outer loop
    vertex -5.320581912994385 13.09516429901123 1.0
    vertex -7.084219932556152 14.493741989135742 1.0
    vertex -5.629971027374268 12.736161231994629 1.0
  endloop
endfacet
facet normal 0.0 0.0 0.0
  outer loop
    vertex -5.629971027374268 12.736161231994629 1.0
    vertex -7.084219932556152 14.493741989135742 1.0
    vertex -7.290639877319336 14.257474899291992 1.0
  endloop
endfacet
facet normal 0.0 0.0 0.0
  outer loop
    vertex -5.629971027374268 12.736161231994629 1.0
    vertex -7.290639877319336 14.257474899291992 1.0
    vertex -5.979649066925049 12.41627025604248 1.0
  endloop
endfacet
facet normal 0.0 0.0 0.0
  outer loop
    vertex -5.979649066925049 12.41627025604248 1.0
    vertex -7.290639877319336 14.257474899291992 1.0
    vertex -7.535930156707764 14.06186294555664 1.0
  endloop
endfacet
facet normal 0.0 0.0 0.0
  outer loop
    vertex -5.979649066925049 12.41627025604248 1.0
    vertex -7.535930156707764 14.06186294555664 1.0
    vertex -6.364706039428711 12.139981269836426 1.0
  endloop
endfacet
facet normal 0.0 0.0 0.0
  outer loop
    vertex -6.364706039428711 12.139981269836426 1.0
    vertex -7.535930156707764 14.06186294555664 1.0
    vertex -6.779738903045654 11.911174774169922 1.0
  endloop
endfacet
facet normal 0.0 0.0 0.0
  outer loop
    vertex -6.779738903045654 11.911174774169922 1.0
    vertex -7.535930156707764 14.06186294555664 1.0
    vertex -7.812206268310547 13.913190841674805 1.0
  endloop
endfacet
facet normal 0.0 0.0 0.0
  outer loop
    vertex -6.779738903045654 11.911174774169922 1.0
    vertex -7.812206268310547 13.913190841674805 1.0
    vertex -7.218920707702637 11.733059883117676 1.0
  endloop
endfacet
facet normal 0.0 0.0 0.0
  outer loop
    vertex -7.218920707702637 11.733059883117676 1.0
    vertex -7.812206268310547 13.913190841674805 1.0
    vertex -8.110588073730469 13.816240310668945 1.0
  endloop
endfacet
facet normal 0.0 0.0 0.0
  outer loop
    vertex -7.218920707702637 11.733059883117676 1.0
    vertex -8.110588073730469 13.816240310668945 1.0
    vertex -7.676085472106934 11.608139038085938 1.0
  endloop
endfacet
facet normal 0.0 0.0 0.0
  outer loop
    vertex -7.676085472106934 11.608139038085938 1.0
    vertex -8.110588073730469 13.816240310668945 1.0
    vertex -8.144816398620605 11.538166046142578 1.0
  endloop
endfacet
facet normal 0.0 0.0 0.0
  outer loop
    vertex -8.144816398620605 11.538166046142578 1.0
    vertex -8.110588073730469 13.816240310668945 1.0
    vertex -8.421486854553223 13.774127960205078 1.0
  endloop
endfacet
facet normal 0.0 0.0 0.0
  outer loop
    vertex -8.144816398620605 11.538166046142578 1.0
    vertex -8.421486854553223 13.774127960205078 1.0
    vertex -8.61853313446045 11.52412223815918 1.0
  endloop
endfacet
facet normal 0.0 0.0 0.0
  outer loop
    vertex -8.61853313446045 11.52412223815918 1.0
    vertex -8.421486854553223 13.774127960205078 1.0
    vertex -8.734908103942871 13.788202285766602 1.0
  endloop
endfacet
facet normal 0.0 0.0 0.0
  outer loop
    vertex -8.61853313446045 11.52412223815918 1.0
    vertex -8.734908103942871 13.788202285766602 1.0
    vertex -9.09058666229248 11.566204071044922 1.0
  endloop
endfacet
facet normal 0.0 0.0 0.0
  outer loop
    vertex -9.09058666229248 11.566204071044922 1.0
    vertex -8.734908103942871 13.788202285766602 1.0
    vertex -9.554348945617676 11.663823127746582 1.0
  endloop
endfacet
facet normal 0.0 0.0 0.0
  outer loop
    vertex -9.554348945617676 11.663823127746582 1.0
    vertex -8.734908103942871 13.788202285766602 1.0
    vertex -9.040780067443848 13.858016967773438 1.0
  endloop
endfacet
facet normal 0.0 0.0 0.0
  outer loop
    vertex -9.554348945617676 11.663823127746582 1.0
    vertex -9.040780067443848 13.858016967773438 1.0
    vertex -10.003310203552246 11.815607070922852 1.0
  endloop
endfacet
facet normal 0.0 0.0 0.0
  outer loop
    vertex -10.003310203552246 11.815607070922852 1.0
    vertex -9.040780067443848 13.858016967773438 1.0
    vertex -9.329270362854004 13.9813232421875 1.0
  endloop
endfacet
facet normal 0.0 0.0 0.0
  outer loop
    vertex -10.003310203552246 11.815607070922852 1.0
    vertex -9.329270362854004 13.9813232421875 1.0
    vertex -10.431169509887695 12.019424438476562 1.0
  endloop
endfacet
facet normal 0.0 0.0 0.0
  outer loop
    vertex -10.431169509887695 12.019424438476562 1.0
    vertex -9.329270362854004 13.9813232421875 1.0
    vertex -10.831917762756348 12.272417068481445 1.0
  endloop
endfacet
facet normal 0.0 0.0 0.0
  outer loop
    vertex -10.831917762756348 12.272417068481445 1.0
    vertex -9.329270362854004 13.9813232421875 1.0
    vertex -9.591107368469238 14.154159545898438 1.0
  endloop
endfacet
facet normal 0.0 0.0 0.0
  outer loop
    vertex -10.831917762756348 12.272417068481445 1.0
    vertex -9.591107368469238 14.154159545898438 1.0
    vertex -11.199932098388672 12.57103157043457 1.0
  endloop
endfacet
facet normal 0.0 0.0 0.0
  outer loop
    vertex -11.199932098388672 12.57103157043457 1.0
    vertex -9.591107368469238 14.154159545898438 1.0
    vertex -9.817874908447266 14.3709716796875 1.0
  endloop
endfacet
facet normal 0.0 0.0 0.0
  outer loop
    vertex -11.199932098388672 12.57103157043457 1.0
    vertex -9.817874908447266 14.3709716796875 1.0
    vertex -11.530044555664062 12.911077499389648 1.0
  endloop
endfacet
facet normal 0.0 0.0 0.0
  outer loop
    vertex -11.530044555664062 12.911077499389648 1.0
    vertex -9.817874908447266 14.3709716796875 1.0
    vertex -11.817623138427734 13.2877779006958 1.0
  endloop
endfacet
facet normal 0.0 0.0 0.0
  outer loop
    vertex -11.817623138427734 13.2877779006958 1.0
    vertex -9.817874908447266 14.3709716796875 1.0
    vertex -10.00228500366211 14.62479019165039 1.0
  endloop
endfacet
facet normal 0.0 0.0 0.0
  outer loop
    vertex -11.817623138427734 13.2877779006958 1.0
    vertex -10.00228500366211 14.62479019165039 1.0
    vertex -12.05862808227539 13.69584846496582 1.0
  endloop
endfacet
facet normal 0.0 0.0 0.0
  outer loop
    vertex -12.05862808227539 13.69584846496582 1.0
    vertex -10.00228500366211 14.62479019165039 1.0
    vertex -10.138410568237305 14.907459259033203 1.0
  endloop
endfacet
facet normal 0.0 0.0 0.0
  outer loop
    vertex -12.05862808227539 13.69584846496582 1.0
    vertex -10.138410568237305 14.907459259033203 1.0
    vertex -12.249679565429688 14.129558563232422 1.0
  endloop
endfacet
facet normal 0.0 0.0 0.0
  outer loop
    vertex -12.249679565429688 14.129558563232422 1.0
    vertex -10.138410568237305 14.907459259033203 1.0
    vertex -12.388092041015625 14.582820892333984 1.0
  endloop
endfacet
facet normal 0.0 0.0 0.0
  outer loop
    vertex -12.388092041015625 14.582820892333984 1.0
    vertex -10.138410568237305 14.907459259033203 1.0
    vertex -10.221877098083496 15.209890365600586 1.0
  endloop
endfacet
facet normal 0.0 0.0 0.0
  outer loop
    vertex -12.388092041015625 14.582820892333984 1.0
    vertex -10.221877098083496 15.209890365600586 1.0
    vertex -12.471923828125 15.049272537231445 1.0
  endloop
endfacet
facet normal 0.0 0.0 0.0
  outer loop
    vertex -12.471923828125 15.049272537231445 1.0
    vertex -10.221877098083496 15.209890365600586 1.0
    vertex -10.25 15.52236557006836 1.0
  endloop
endfacet
facet normal 0.0 0.0 0.0
  outer loop
    vertex -9.632880210876465 15.272998809814453 2.1500000953674316
    vertex -9.632880210876465 15.272998809814453 0.0
    vertex -9.65999984741211 15.52236557006836 2.1500000953674316
  endloop
endfacet
facet normal 0.0 0.0 0.0
  outer loop
    vertex -9.65999984741211 15.52236557006836 2.1500000953674316
    vertex -9.632880210876465 15.272998809814453 0.0
    vertex -9.65999984741211 15.52236557006836 0.0
  endloop
endfacet
facet normal 0.0 0.0 0.0
  outer loop
    vertex -9.65999984741211 15.52236557006836 2.1500000953674316
    vertex -9.65999984741211 15.52236557006836 0.0
    vertex -9.632880210876465 15.771734237670898 2.1500000953674316
  endloop
endfacet
facet normal 0.0 0.0 0.0
  outer loop
    vertex -9.632880210876465 15.771734237670898 2.1500000953674316
    vertex -9.65999984741211 15.52236557006836 0.0
    vertex -9.632880210876465 15.771734237670898 0.0
  endloop
endfacet
facet normal 0.0 0.0 0.0
  outer loop
    vertex -9.632880210876465 15.771734237670898 2.1500000953674316
    vertex -9.632880210876465 15.771734237670898 0.0
    vertex -9.552786827087402 16.009435653686523 0.0
  endloop
endfacet
facet normal 0.0 0.0 0.0
  outer loop
    vertex -9.632880210876465 15.272998809814453 2.1500000953674316
    vertex -9.552786827087402 15.035293579101562 2.1500000953674316
    vertex -9.632880210876465 15.272998809814453 0.0
  endloop
endfacet
facet normal 0.0 0.0 0.0
  outer loop
    vertex -9.632880210876465 15.272998809814453 0.0
    vertex -9.552786827087402 15.035293579101562 2.1500000953674316
    vertex -9.552786827087402 15.035293579101562 0.0
  endloop
endfacet
facet normal 0.0 0.0 0.0
  outer loop
    vertex -9.552786827087402 15.035293579101562 0.0
    vertex -9.552786827087402 15.035293579101562 2.1500000953674316
    vertex -9.423467636108398 14.820363998413086 2.1500000953674316
  endloop
endfacet
facet normal 0.0 0.0 0.0
  outer loop
    vertex -9.552786827087402 15.035293579101562 0.0
    vertex -9.423467636108398 14.820363998413086 2.1500000953674316
    vertex -9.423467636108398 14.820363998413086 0.0
  endloop
endfacet
facet normal 0.0 0.0 0.0
  outer loop
    vertex -9.423467636108398 14.820363998413086 0.0
    vertex -9.423467636108398 14.820363998413086 2.1500000953674316
    vertex -9.250967979431152 14.63825798034668 2.1500000953674316
  endloop
endfacet
facet normal 0.0 0.0 0.0
  outer loop
    vertex -9.423467636108398 14.820363998413086 0.0
    vertex -9.250967979431152 14.63825798034668 2.1500000953674316
    vertex -9.250967979431152 14.63825798034668 0.0
  endloop
endfacet
facet normal 0.0 0.0 0.0
  outer loop
    vertex -9.250967979431152 14.63825798034668 0.0
    vertex -9.250967979431152 14.63825798034668 2.1500000953674316
    vertex -9.043354034423828 14.497491836547852 2.1500000953674316
  endloop
endfacet
facet normal 0.0 0.0 0.0
  outer loop
    vertex -9.250967979431152 14.63825798034668 0.0
    vertex -9.043354034423828 14.497491836547852 2.1500000953674316
    vertex -9.043354034423828 14.497491836547852 0.0
  endloop
endfacet
facet normal 0.0 0.0 0.0
  outer loop
    vertex -9.043354034423828 14.497491836547852 0.0
    vertex -9.043354034423828 14.497491836547852 2.1500000953674316
    vertex -8.810333251953125 14.404647827148438 2.1500000953674316
  endloop
endfacet
facet normal 0.0 0.0 0.0
  outer loop
    vertex -9.043354034423828 14.497491836547852 0.0
    vertex -8.810333251953125 14.404647827148438 2.1500000953674316
    vertex -8.810333251953125 14.404647827148438 0.0
  endloop
endfacet
facet normal 0.0 0.0 0.0
  outer loop
    vertex -8.810333251953125 14.404647827148438 0.0
    vertex -8.810333251953125 14.404647827148438 2.1500000953674316
    vertex -8.562801361083984 14.364065170288086 2.1500000953674316
  endloop
endfacet
facet normal 0.0 0.0 0.0
  outer loop
    vertex -8.810333251953125 14.404647827148438 0.0
    vertex -8.562801361083984 14.364065170288086 2.1500000953674316
    vertex -8.562801361083984 14.364065170288086 0.0
  endloop
endfacet
facet normal 0.0 0.0 0.0
  outer loop
    vertex -8.562801361083984 14.364065170288086 0.0
    vertex -8.562801361083984 14.364065170288086 2.1500000953674316
    vertex -8.312333106994629 14.377645492553711 2.1500000953674316
  endloop
endfacet
facet normal 0.0 0.0 0.0
  outer loop
    vertex -8.562801361083984 14.364065170288086 0.0
    vertex -8.312333106994629 14.377645492553711 2.1500000953674316
    vertex -8.312333106994629 14.377645492553711 0.0
  endloop
endfacet
facet normal 0.0 0.0 0.0
  outer loop
    vertex -8.312333106994629 14.377645492553711 0.0
    vertex -8.312333106994629 14.377645492553711 2.1500000953674316
    vertex -8.070639610290527 14.444751739501953 2.1500000953674316
  endloop
endfacet
facet normal 0.0 0.0 0.0
  outer loop
    vertex -8.312333106994629 14.377645492553711 0.0
    vertex -8.070639610290527 14.444751739501953 2.1500000953674316
    vertex -8.070639610290527 14.444751739501953 0.0
  endloop
endfacet
facet normal 0.0 0.0 0.0
  outer loop
    vertex -8.070639610290527 14.444751739501953 0.0
    vertex -8.070639610290527 14.444751739501953 2.1500000953674316
    vertex -7.84902286529541 14.562246322631836 2.1500000953674316
  endloop
endfacet
facet normal 0.0 0.0 0.0
  outer loop
    vertex -8.070639610290527 14.444751739501953 0.0
    vertex -7.84902286529541 14.562246322631836 2.1500000953674316
    vertex -7.84902286529541 14.562246322631836 0.0
  endloop
endfacet
facet normal 0.0 0.0 0.0
  outer loop
    vertex -7.84902286529541 14.562246322631836 0.0
    vertex -7.84902286529541 14.562246322631836 2.1500000953674316
    vertex -7.6578450202941895 14.724634170532227 2.1500000953674316
  endloop
endfacet
facet normal 0.0 0.0 0.0
  outer loop
    vertex -7.84902286529541 14.562246322631836 0.0
    vertex -7.6578450202941895 14.724634170532227 2.1500000953674316
    vertex -7.6578450202941895 14.724634170532227 0.0
  endloop
endfacet
facet normal 0.0 0.0 0.0
  outer loop
    vertex -7.6578450202941895 14.724634170532227 0.0
    vertex -7.6578450202941895 14.724634170532227 2.1500000953674316
    vertex -7.506045818328857 14.924324035644531 2.1500000953674316
  endloop
endfacet
facet normal 0.0 0.0 0.0
  outer loop
    vertex -7.6578450202941895 14.724634170532227 0.0
    vertex -7.506045818328857 14.924324035644531 2.1500000953674316
    vertex -7.506045818328857 14.924324035644531 0.0
  endloop
endfacet
facet normal 0.0 0.0 0.0
  outer loop
    vertex -7.506045818328857 14.924324035644531 0.0
    vertex -7.506045818328857 14.924324035644531 2.1500000953674316
    vertex -7.400722026824951 15.151975631713867 2.1500000953674316
  endloop
endfacet
facet normal 0.0 0.0 0.0
  outer loop
    vertex -7.506045818328857 14.924324035644531 0.0
    vertex -7.400722026824951 15.151975631713867 2.1500000953674316
    vertex -7.400722026824951 15.151975631713867 0.0
  endloop
endfacet
facet normal 0.0 0.0 0.0
  outer loop
    vertex -7.400722026824951 15.151975631713867 0.0
    vertex -7.400722026824951 15.151975631713867 2.1500000953674316
    vertex -7.346799850463867 15.396947860717773 2.1500000953674316
  endloop
endfacet
facet normal 0.0 0.0 0.0
  outer loop
    vertex -7.400722026824951 15.151975631713867 0.0
    vertex -7.346799850463867 15.396947860717773 2.1500000953674316
    vertex -7.346799850463867 15.396947860717773 0.0
  endloop
endfacet
facet normal 0.0 0.0 0.0
  outer loop
    vertex -7.346799850463867 15.396947860717773 0.0
    vertex -7.346799850463867 15.396947860717773 2.1500000953674316
    vertex -7.346799850463867 15.647785186767578 2.1500000953674316
  endloop
endfacet
facet normal 0.0 0.0 0.0
  outer loop
    vertex -7.346799850463867 15.396947860717773 0.0
    vertex -7.346799850463867 15.647785186767578 2.1500000953674316
    vertex -7.346799850463867 15.647785186767578 0.0
  endloop
endfacet
facet normal 0.0 0.0 0.0
  outer loop
    vertex -7.346799850463867 15.647785186767578 0.0
    vertex -7.346799850463867 15.647785186767578 2.1500000953674316
    vertex -7.400722026824951 15.892755508422852 2.1500000953674316
  endloop
endfacet
facet normal 0.0 0.0 0.0
  outer loop
    vertex -7.346799850463867 15.647785186767578 0.0
    vertex -7.400722026824951 15.892755508422852 2.1500000953674316
    vertex -7.400722026824951 15.892755508422852 0.0
  endloop
endfacet
facet normal 0.0 0.0 0.0
  outer loop
    vertex -7.400722026824951 15.892755508422852 0.0
    vertex -7.400722026824951 15.892755508422852 2.1500000953674316
    vertex -7.506045818328857 16.120405197143555 2.1500000953674316
  endloop
endfacet
facet normal 0.0 0.0 0.0
  outer loop
    vertex -7.400722026824951 15.892755508422852 0.0
    vertex -7.506045818328857 16.120405197143555 2.1500000953674316
    vertex -7.506045818328857 16.120405197143555 0.0
  endloop
endfacet
facet normal 0.0 0.0 0.0
  outer loop
    vertex -7.506045818328857 16.120405197143555 0.0
    vertex -7.506045818328857 16.120405197143555 2.1500000953674316
    vertex -7.6578450202941895 16.32009506225586 2.1500000953674316
  endloop
endfacet
facet normal 0.0 0.0 0.0
  outer loop
    vertex -7.506045818328857 16.120405197143555 0.0
    vertex -7.6578450202941895 16.32009506225586 2.1500000953674316
    vertex -7.6578450202941895 16.32009506225586 0.0
  endloop
endfacet
facet normal 0.0 0.0 0.0
  outer loop
    vertex -7.6578450202941895 16.32009506225586 0.0
    vertex -7.6578450202941895 16.32009506225586 2.1500000953674316
    vertex -7.84902286529541 16.482484817504883 2.1500000953674316
  endloop
endfacet
facet normal 0.0 0.0 0.0
  outer loop
    vertex -7.6578450202941895 16.32009506225586 0.0
    vertex -7.84902286529541 16.482484817504883 2.1500000953674316
    vertex -7.84902286529541 16.482484817504883 0.0
  endloop
endfacet
facet normal 0.0 0.0 0.0
  outer loop
    vertex -7.84902286529541 16.482484817504883 0.0
    vertex -7.84902286529541 16.482484817504883 2.1500000953674316
    vertex -8.070639610290527 16.5999755859375 2.1500000953674316
  endloop
endfacet
facet normal 0.0 0.0 0.0
  outer loop
    vertex -7.84902286529541 16.482484817504883 0.0
    vertex -8.070639610290527 16.5999755859375 2.1500000953674316
    vertex -8.070639610290527 16.5999755859375 0.0
  endloop
endfacet
facet normal 0.0 0.0 0.0
  outer loop
    vertex -8.070639610290527 16.5999755859375 0.0
    vertex -8.070639610290527 16.5999755859375 2.1500000953674316
    vertex -8.312333106994629 16.667085647583008 2.1500000953674316
  endloop
endfacet
facet normal 0.0 0.0 0.0
  outer loop
    vertex -8.070639610290527 16.5999755859375 0.0
    vertex -8.312333106994629 16.667085647583008 2.1500000953674316
    vertex -8.312333106994629 16.667085647583008 0.0
  endloop
endfacet
facet normal 0.0 0.0 0.0
  outer loop
    vertex -8.312333106994629 16.667085647583008 0.0
    vertex -8.312333106994629 16.667085647583008 2.1500000953674316
    vertex -8.562801361083984 16.680665969848633 2.1500000953674316
  endloop
endfacet
facet normal 0.0 0.0 0.0
  outer loop
    vertex -8.312333106994629 16.667085647583008 0.0
    vertex -8.562801361083984 16.680665969848633 2.1500000953674316
    vertex -8.562801361083984 16.680665969848633 0.0
  endloop
endfacet
facet normal 0.0 0.0 0.0
  outer loop
    vertex -8.562801361083984 16.680665969848633 0.0
    vertex -8.562801361083984 16.680665969848633 2.1500000953674316
    vertex -8.810333251953125 16.640085220336914 2.1500000953674316
  endloop
endfacet
facet normal 0.0 0.0 0.0
  outer loop
    vertex -8.562801361083984 16.680665969848633 0.0
    vertex -8.810333251953125 16.640085220336914 2.1500000953674316
    vertex -8.810333251953125 16.640085220336914 0.0
  endloop
endfacet
facet normal 0.0 0.0 0.0
  outer loop
    vertex -8.810333251953125 16.640085220336914 0.0
    vertex -8.810333251953125 16.640085220336914 2.1500000953674316
    vertex -9.043354034423828 16.5472354888916 2.1500000953674316
  endloop
endfacet
facet normal 0.0 0.0 0.0
  outer loop
    vertex -8.810333251953125 16.640085220336914 0.0
    vertex -9.043354034423828 16.5472354888916 2.1500000953674316
    vertex -9.043354034423828 16.5472354888916 0.0
  endloop
endfacet
facet normal 0.0 0.0 0.0
  outer loop
    vertex -9.043354034423828 16.5472354888916 0.0
    vertex -9.043354034423828 16.5472354888916 2.1500000953674316
    vertex -9.250967979431152 16.406475067138672 2.1500000953674316
  endloop
endfacet
facet normal 0.0 0.0 0.0
  outer loop
    vertex -9.043354034423828 16.5472354888916 0.0
    vertex -9.250967979431152 16.406475067138672 2.1500000953674316
    vertex -9.250967979431152 16.406475067138672 0.0
  endloop
endfacet
facet normal 0.0 0.0 0.0
  outer loop
    vertex -9.250967979431152 16.406475067138672 0.0
    vertex -9.250967979431152 16.406475067138672 2.1500000953674316
    vertex -9.423467636108398 16.224365234375 2.1500000953674316
  endloop
endfacet
facet normal 0.0 0.0 0.0
  outer loop
    vertex -9.250967979431152 16.406475067138672 0.0
    vertex -9.423467636108398 16.224365234375 2.1500000953674316
    vertex -9.423467636108398 16.224365234375 0.0
  endloop
endfacet
facet normal 0.0 0.0 0.0
  outer loop
    vertex -9.423467636108398 16.224365234375 0.0
    vertex -9.423467636108398 16.224365234375 2.1500000953674316
    vertex -9.552786827087402 16.009435653686523 2.1500000953674316
  endloop
endfacet
facet normal 0.0 0.0 0.0
  outer loop
    vertex -9.423467636108398 16.224365234375 0.0
    vertex -9.552786827087402 16.009435653686523 2.1500000953674316
    vertex -9.552786827087402 16.009435653686523 0.0
  endloop
endfacet
facet normal 0.0 0.0 0.0
  outer loop
    vertex -9.552786827087402 16.009435653686523 0.0
    vertex -9.552786827087402 16.009435653686523 2.1500000953674316
    vertex -9.632880210876465 15.771734237670898 2.1500000953674316
  endloop
endfacet
facet normal 0.0 0.0 0.0
  outer loop
    vertex -10.221877098083496 15.834835052490234 2.1500000953674316
    vertex -10.221877098083496 15.834835052490234 1.0
    vertex -10.25 15.52236557006836 2.1500000953674316
  endloop
endfacet
facet normal 0.0 0.0 0.0
  outer loop
    vertex -10.25 15.52236557006836 2.1500000953674316
    vertex -10.221877098083496 15.834835052490234 1.0
    vertex -10.25 15.52236557006836 1.0
  endloop
endfacet
facet normal 0.0 0.0 0.0
  outer loop
    vertex -10.25 15.52236557006836 2.1500000953674316
    vertex -10.25 15.52236557006836 1.0
    vertex -10.221877098083496 15.209890365600586 2.1500000953674316
  endloop
endfacet
facet normal 0.0 0.0 0.0
  outer loop
    vertex -10.221877098083496 15.209890365600586 2.1500000953674316
    vertex -10.25 15.52236557006836 1.0
    vertex -10.221877098083496 15.209890365600586 1.0
  endloop
endfacet
facet normal 0.0 0.0 0.0
  outer loop
    vertex -10.221877098083496 15.209890365600586 2.1500000953674316
    vertex -10.221877098083496 15.209890365600586 1.0
    vertex -10.138410568237305 14.907459259033203 2.1500000953674316
  endloop
endfacet
facet normal 0.0 0.0 0.0
  outer loop
    vertex -10.138410568237305 14.907459259033203 2.1500000953674316
    vertex -10.221877098083496 15.209890365600586 1.0
    vertex -10.138410568237305 14.907459259033203 1.0
  endloop
endfacet
facet normal 0.0 0.0 0.0
  outer loop
    vertex -10.138410568237305 14.907459259033203 2.1500000953674316
    vertex -10.138410568237305 14.907459259033203 1.0
    vertex -10.00228500366211 14.62479019165039 2.1500000953674316
  endloop
endfacet
facet normal 0.0 0.0 0.0
  outer loop
    vertex -10.00228500366211 14.62479019165039 2.1500000953674316
    vertex -10.138410568237305 14.907459259033203 1.0
    vertex -10.00228500366211 14.62479019165039 1.0
  endloop
endfacet
facet normal 0.0 0.0 0.0
  outer loop
    vertex -10.00228500366211 14.62479019165039 2.1500000953674316
    vertex -10.00228500366211 14.62479019165039 1.0
    vertex -9.817874908447266 14.3709716796875 2.1500000953674316
  endloop
endfacet
facet normal 0.0 0.0 0.0
  outer loop
    vertex -9.817874908447266 14.3709716796875 2.1500000953674316
    vertex -10.00228500366211 14.62479019165039 1.0
    vertex -9.817874908447266 14.3709716796875 1.0
  endloop
endfacet
facet normal 0.0 0.0 0.0
  outer loop
    vertex -9.817874908447266 14.3709716796875 2.1500000953674316
    vertex -9.817874908447266 14.3709716796875 1.0
    vertex -9.591107368469238 14.154159545898438 2.1500000953674316
  endloop
endfacet
facet normal 0.0 0.0 0.0
  outer loop
    vertex -9.591107368469238 14.154159545898438 2.1500000953674316
    vertex -9.817874908447266 14.3709716796875 1.0
    vertex -9.591107368469238 14.154159545898438 1.0
  endloop
endfacet
facet normal 0.0 0.0 0.0
  outer loop
    vertex -9.591107368469238 14.154159545898438 2.1500000953674316
    vertex -9.591107368469238 14.154159545898438 1.0
    vertex -9.329270362854004 13.9813232421875 2.1500000953674316
  endloop
endfacet
facet normal 0.0 0.0 0.0
  outer loop
    vertex -9.329270362854004 13.9813232421875 2.1500000953674316
    vertex -9.591107368469238 14.154159545898438 1.0
    vertex -9.329270362854004 13.9813232421875 1.0
  endloop
endfacet
facet normal 0.0 0.0 0.0
  outer loop
    vertex -9.329270362854004 13.9813232421875 2.1500000953674316
    vertex -9.329270362854004 13.9813232421875 1.0
    vertex -9.040780067443848 13.858016967773438 2.1500000953674316
  endloop
endfacet
facet normal 0.0 0.0 0.0
  outer loop
    vertex -9.040780067443848 13.858016967773438 2.1500000953674316
    vertex -9.329270362854004 13.9813232421875 1.0
    vertex -9.040780067443848 13.858016967773438 1.0
  endloop
endfacet
facet normal 0.0 0.0 0.0
  outer loop
    vertex -9.040780067443848 13.858016967773438 2.1500000953674316
    vertex -9.040780067443848 13.858016967773438 1.0
    vertex -8.734908103942871 13.788202285766602 2.1500000953674316
  endloop
endfacet
facet normal 0.0 0.0 0.0
  outer loop
    vertex -8.734908103942871 13.788202285766602 2.1500000953674316
    vertex -9.040780067443848 13.858016967773438 1.0
    vertex -8.734908103942871 13.788202285766602 1.0
  endloop
endfacet
facet normal 0.0 0.0 0.0
  outer loop
    vertex -8.734908103942871 13.788202285766602 2.1500000953674316
    vertex -8.734908103942871 13.788202285766602 1.0
    vertex -8.421486854553223 13.774127960205078 2.1500000953674316
  endloop
endfacet
facet normal 0.0 0.0 0.0
  outer loop
    vertex -8.421486854553223 13.774127960205078 2.1500000953674316
    vertex -8.734908103942871 13.788202285766602 1.0
    vertex -8.421486854553223 13.774127960205078 1.0
  endloop
endfacet
facet normal 0.0 0.0 0.0
  outer loop
    vertex -8.421486854553223 13.774127960205078 2.1500000953674316
    vertex -8.421486854553223 13.774127960205078 1.0
    vertex -8.110588073730469 13.816240310668945 2.1500000953674316
  endloop
endfacet
facet normal 0.0 0.0 0.0
  outer loop
    vertex -8.110588073730469 13.816240310668945 2.1500000953674316
    vertex -8.421486854553223 13.774127960205078 1.0
    vertex -8.110588073730469 13.816240310668945 1.0
  endloop
endfacet
facet normal 0.0 0.0 0.0
  outer loop
    vertex -8.110588073730469 13.816240310668945 2.1500000953674316
    vertex -8.110588073730469 13.816240310668945 1.0
    vertex -7.812206268310547 13.913190841674805 2.1500000953674316
  endloop
endfacet
facet normal 0.0 0.0 0.0
  outer loop
    vertex -7.812206268310547 13.913190841674805 2.1500000953674316
    vertex -8.110588073730469 13.816240310668945 1.0
    vertex -7.812206268310547 13.913190841674805 1.0
  endloop
endfacet
facet normal 0.0 0.0 0.0
  outer loop
    vertex -7.812206268310547 13.913190841674805 2.1500000953674316
    vertex -7.812206268310547 13.913190841674805 1.0
    vertex -7.535930156707764 14.06186294555664 2.1500000953674316
  endloop
endfacet
facet normal 0.0 0.0 0.0
  outer loop
    vertex -7.535930156707764 14.06186294555664 2.1500000953674316
    vertex -7.812206268310547 13.913190841674805 1.0
    vertex -7.535930156707764 14.06186294555664 1.0
  endloop
endfacet
facet normal 0.0 0.0 0.0
  outer loop
    vertex -7.535930156707764 14.06186294555664 2.1500000953674316
    vertex -7.535930156707764 14.06186294555664 1.0
    vertex -7.290639877319336 14.257474899291992 2.1500000953674316
  endloop
endfacet
facet normal 0.0 0.0 0.0
  outer loop
    vertex -7.290639877319336 14.257474899291992 2.1500000953674316
    vertex -7.535930156707764 14.06186294555664 1.0
    vertex -7.290639877319336 14.257474899291992 1.0
  endloop
endfacet
facet normal 0.0 0.0 0.0
  outer loop
    vertex -7.290639877319336 14.257474899291992 2.1500000953674316
    vertex -7.290639877319336 14.257474899291992 1.0
    vertex -7.084219932556152 14.493741989135742 2.1500000953674316
  endloop
endfacet
facet normal 0.0 0.0 0.0
  outer loop
    vertex -7.084219932556152 14.493741989135742 2.1500000953674316
    vertex -7.290639877319336 14.257474899291992 1.0
    vertex -7.084219932556152 14.493741989135742 1.0
  endloop
endfacet
facet normal 0.0 0.0 0.0
  outer loop
    vertex -7.084219932556152 14.493741989135742 2.1500000953674316
    vertex -7.084219932556152 14.493741989135742 1.0
    vertex -6.923304080963135 14.763067245483398 2.1500000953674316
  endloop
endfacet
facet normal 0.0 0.0 0.0
  outer loop
    vertex -6.923304080963135 14.763067245483398 2.1500000953674316
    vertex -7.084219932556152 14.493741989135742 1.0
    vertex -6.923304080963135 14.763067245483398 1.0
  endloop
endfacet
facet normal 0.0 0.0 0.0
  outer loop
    vertex -6.923304080963135 14.763067245483398 2.1500000953674316
    vertex -6.923304080963135 14.763067245483398 1.0
    vertex -6.813065052032471 15.056800842285156 2.1500000953674316
  endloop
endfacet
facet normal 0.0 0.0 0.0
  outer loop
    vertex -6.813065052032471 15.056800842285156 2.1500000953674316
    vertex -6.923304080963135 14.763067245483398 1.0
    vertex -6.813065052032471 15.056800842285156 1.0
  endloop
endfacet
facet normal 0.0 0.0 0.0
  outer loop
    vertex -6.813065052032471 15.056800842285156 2.1500000953674316
    vertex -6.813065052032471 15.056800842285156 1.0
    vertex -6.757044792175293 15.365495681762695 2.1500000953674316
  endloop
endfacet
facet normal 0.0 0.0 0.0
  outer loop
    vertex -6.757044792175293 15.365495681762695 2.1500000953674316
    vertex -6.813065052032471 15.056800842285156 1.0
    vertex -6.757044792175293 15.365495681762695 1.0
  endloop
endfacet
facet normal 0.0 0.0 0.0
  outer loop
    vertex -6.757044792175293 15.365495681762695 2.1500000953674316
    vertex -6.757044792175293 15.365495681762695 1.0
    vertex -6.757044792175293 15.679235458374023 2.1500000953674316
  endloop
endfacet
facet normal 0.0 0.0 0.0
  outer loop
    vertex -6.757044792175293 15.679235458374023 2.1500000953674316
    vertex -6.757044792175293 15.365495681762695 1.0
    vertex -6.757044792175293 15.679235458374023 1.0
  endloop
endfacet
facet normal 0.0 0.0 0.0
  outer loop
    vertex -6.757044792175293 15.679235458374023 2.1500000953674316
    vertex -6.757044792175293 15.679235458374023 1.0
    vertex -6.813065052032471 15.987924575805664 2.1500000953674316
  endloop
endfacet
facet normal 0.0 0.0 0.0
  outer loop
    vertex -6.813065052032471 15.987924575805664 2.1500000953674316
    vertex -6.757044792175293 15.679235458374023 1.0
    vertex -6.813065052032471 15.987924575805664 1.0
  endloop
endfacet
facet normal 0.0 0.0 0.0
  outer loop
    vertex -6.813065052032471 15.987924575805664 2.1500000953674316
    vertex -6.813065052032471 15.987924575805664 1.0
    vertex -6.923304080963135 16.281665802001953 2.1500000953674316
  endloop
endfacet
facet normal 0.0 0.0 0.0
  outer loop
    vertex -6.923304080963135 16.281665802001953 2.1500000953674316
    vertex -6.813065052032471 15.987924575805664 1.0
    vertex -6.923304080963135 16.281665802001953 1.0
  endloop
endfacet
facet normal 0.0 0.0 0.0
  outer loop
    vertex -6.923304080963135 16.281665802001953 2.1500000953674316
    vertex -6.923304080963135 16.281665802001953 1.0
    vertex -7.084219932556152 16.55098533630371 2.1500000953674316
  endloop
endfacet
facet normal 0.0 0.0 0.0
  outer loop
    vertex -7.084219932556152 16.55098533630371 2.1500000953674316
    vertex -6.923304080963135 16.281665802001953 1.0
    vertex -7.084219932556152 16.55098533630371 1.0
  endloop
endfacet
facet normal 0.0 0.0 0.0
  outer loop
    vertex -7.084219932556152 16.55098533630371 2.1500000953674316
    vertex -7.084219932556152 16.55098533630371 1.0
    vertex -7.290639877319336 16.787254333496094 2.1500000953674316
  endloop
endfacet
facet normal 0.0 0.0 0.0
  outer loop
    vertex -7.290639877319336 16.787254333496094 2.1500000953674316
    vertex -7.084219932556152 16.55098533630371 1.0
    vertex -7.290639877319336 16.787254333496094 1.0
  endloop
endfacet
facet normal 0.0 0.0 0.0
  outer loop
    vertex -7.290639877319336 16.787254333496094 2.1500000953674316
    vertex -7.290639877319336 16.787254333496094 1.0
    vertex -7.535930156707764 16.982864379882812 2.1500000953674316
  endloop
endfacet
facet normal 0.0 0.0 0.0
  outer loop
    vertex -7.535930156707764 16.982864379882812 2.1500000953674316
    vertex -7.290639877319336 16.787254333496094 1.0
    vertex -7.535930156707764 16.982864379882812 1.0
  endloop
endfacet
facet normal 0.0 0.0 0.0
  outer loop
    vertex -7.535930156707764 16.982864379882812 2.1500000953674316
    vertex -7.535930156707764 16.982864379882812 1.0
    vertex -7.812206268310547 17.131534576416016 2.1500000953674316
  endloop
endfacet
facet normal 0.0 0.0 0.0
  outer loop
    vertex -7.812206268310547 17.131534576416016 2.1500000953674316
    vertex -7.535930156707764 16.982864379882812 1.0
    vertex -7.812206268310547 17.131534576416016 1.0
  endloop
endfacet
facet normal 0.0 0.0 0.0
  outer loop
    vertex -7.812206268310547 17.131534576416016 2.1500000953674316
    vertex -7.812206268310547 17.131534576416016 1.0
    vertex -8.110588073730469 17.228485107421875 2.1500000953674316
  endloop
endfacet
facet normal 0.0 0.0 0.0
  outer loop
    vertex -8.110588073730469 17.228485107421875 2.1500000953674316
    vertex -7.812206268310547 17.131534576416016 1.0
    vertex -8.110588073730469 17.228485107421875 1.0
  endloop
endfacet
facet normal 0.0 0.0 0.0
  outer loop
    vertex -8.110588073730469 17.228485107421875 2.1500000953674316
    vertex -8.110588073730469 17.228485107421875 1.0
    vertex -8.421486854553223 17.270605087280273 2.1500000953674316
  endloop
endfacet
facet normal 0.0 0.0 0.0
  outer loop
    vertex -8.421486854553223 17.270605087280273 2.1500000953674316
    vertex -8.110588073730469 17.228485107421875 1.0
    vertex -8.421486854553223 17.270605087280273 1.0
  endloop
endfacet
facet normal 0.0 0.0 0.0
  outer loop
    vertex -8.421486854553223 17.270605087280273 2.1500000953674316
    vertex -8.421486854553223 17.270605087280273 1.0
    vertex -8.734908103942871 17.25652503967285 2.1500000953674316
  endloop
endfacet
facet normal 0.0 0.0 0.0
  outer loop
    vertex -8.734908103942871 17.25652503967285 2.1500000953674316
    vertex -8.421486854553223 17.270605087280273 1.0
    vertex -8.734908103942871 17.25652503967285 1.0
  endloop
endfacet
facet normal 0.0 0.0 0.0
  outer loop
    vertex -8.734908103942871 17.25652503967285 2.1500000953674316
    vertex -8.734908103942871 17.25652503967285 1.0
    vertex -9.040780067443848 17.18671417236328 2.1500000953674316
  endloop
endfacet
facet normal 0.0 0.0 0.0
  outer loop
    vertex -9.040780067443848 17.18671417236328 2.1500000953674316
    vertex -8.734908103942871 17.25652503967285 1.0
    vertex -9.040780067443848 17.18671417236328 1.0
  endloop
endfacet
facet normal 0.0 0.0 0.0
  outer loop
    vertex -9.040780067443848 17.18671417236328 2.1500000953674316
    vertex -9.040780067443848 17.18671417236328 1.0
    vertex -9.329270362854004 17.063405990600586 2.1500000953674316
  endloop
endfacet
facet normal 0.0 0.0 0.0
  outer loop
    vertex -9.329270362854004 17.063405990600586 2.1500000953674316
    vertex -9.040780067443848 17.18671417236328 1.0
    vertex -9.329270362854004 17.063405990600586 1.0
  endloop
endfacet
facet normal 0.0 0.0 0.0
  outer loop
    vertex -9.329270362854004 17.063405990600586 2.1500000953674316
    vertex -9.329270362854004 17.063405990600586 1.0
    vertex -9.591107368469238 16.890575408935547 2.1500000953674316
  endloop
endfacet
facet normal 0.0 0.0 0.0
  outer loop
    vertex -9.591107368469238 16.890575408935547 2.1500000953674316
    vertex -9.329270362854004 17.063405990600586 1.0
    vertex -9.591107368469238 16.890575408935547 1.0
  endloop
endfacet
facet normal 0.0 0.0 0.0
  outer loop
    vertex -9.591107368469238 16.890575408935547 2.1500000953674316
    vertex -9.591107368469238 16.890575408935547 1.0
    vertex -9.817874908447266 16.673755645751953 2.1500000953674316
  endloop
endfacet
facet normal 0.0 0.0 0.0
  outer loop
    vertex -9.817874908447266 16.673755645751953 2.1500000953674316
    vertex -9.591107368469238 16.890575408935547 1.0
    vertex -9.817874908447266 16.673755645751953 1.0
  endloop
endfacet
facet normal 0.0 0.0 0.0
  outer loop
    vertex -9.817874908447266 16.673755645751953 2.1500000953674316
    vertex -9.817874908447266 16.673755645751953 1.0
    vertex -10.00228500366211 16.41993522644043 2.1500000953674316
  endloop
endfacet
facet normal 0.0 0.0 0.0
  outer loop
    vertex -10.00228500366211 16.41993522644043 2.1500000953674316
    vertex -9.817874908447266 16.673755645751953 1.0
    vertex -10.00228500366211 16.41993522644043 1.0
  endloop
endfacet
facet normal 0.0 0.0 0.0
  outer loop
    vertex -10.00228500366211 16.41993522644043 2.1500000953674316
    vertex -10.00228500366211 16.41993522644043 1.0
    vertex -10.138410568237305 16.13727569580078 2.1500000953674316
  endloop
endfacet
facet normal 0.0 0.0 0.0
  outer loop
    vertex -10.138410568237305 16.13727569580078 2.1500000953674316
    vertex -10.00228500366211 16.41993522644043 1.0
    vertex -10.138410568237305 16.13727569580078 1.0
  endloop
endfacet
facet normal 0.0 0.0 0.0
  outer loop
    vertex -10.138410568237305 16.13727569580078 2.1500000953674316
    vertex -10.138410568237305 16.13727569580078 1.0
    vertex -10.221877098083496 15.834835052490234 2.1500000953674316
  endloop
endfacet
facet normal 0.0 0.0 0.0
  outer loop
    vertex -10.221877098083496 15.834835052490234 2.1500000953674316
    vertex -10.138410568237305 16.13727569580078 1.0
    vertex -10.221877098083496 15.834835052490234 1.0
  endloop
endfacet
facet normal 0.0 0.0 0.0
  outer loop
    vertex -12.471923828125 15.049272537231445 0.0
    vertex -12.5 15.52236557006836 0.0
    vertex -9.65999984741211 15.52236557006836 0.0
  endloop
endfacet
facet normal 0.0 0.0 0.0
  outer loop
    vertex -9.65999984741211 15.52236557006836 0.0
    vertex -12.5 15.52236557006836 0.0
    vertex -12.471923828125 15.995454788208008 0.0
  endloop
endfacet
facet normal 0.0 0.0 0.0
  outer loop
    vertex -9.65999984741211 15.52236557006836 0.0
    vertex -12.471923828125 15.995454788208008 0.0
    vertex -9.632880210876465 15.771734237670898 0.0
  endloop
endfacet
facet normal 0.0 0.0 0.0
  outer loop
    vertex -9.632880210876465 15.771734237670898 0.0
    vertex -12.471923828125 15.995454788208008 0.0
    vertex -12.388092041015625 16.461904525756836 0.0
  endloop
endfacet
facet normal 0.0 0.0 0.0
  outer loop
    vertex -9.632880210876465 15.771734237670898 0.0
    vertex -12.388092041015625 16.461904525756836 0.0
    vertex -12.249679565429688 16.91517448425293 0.0
  endloop
endfacet
facet normal 0.0 0.0 0.0
  outer loop
    vertex -9.632880210876465 15.771734237670898 0.0
    vertex -12.249679565429688 16.91517448425293 0.0
    vertex -9.552786827087402 16.009435653686523 0.0
  endloop
endfacet
facet normal 0.0 0.0 0.0
  outer loop
    vertex -9.552786827087402 16.009435653686523 0.0
    vertex -12.249679565429688 16.91517448425293 0.0
    vertex -12.05862808227539 17.34888458251953 0.0
  endloop
endfacet
facet normal 0.0 0.0 0.0
  outer loop
    vertex -9.552786827087402 16.009435653686523 0.0
    vertex -12.05862808227539 17.34888458251953 0.0
    vertex -11.817623138427734 17.756954193115234 0.0
  endloop
endfacet
facet normal 0.0 0.0 0.0
  outer loop
    vertex -9.552786827087402 16.009435653686523 0.0
    vertex -11.817623138427734 17.756954193115234 0.0
    vertex -9.423467636108398 16.224365234375 0.0
  endloop
endfacet
facet normal 0.0 0.0 0.0
  outer loop
    vertex -9.423467636108398 16.224365234375 0.0
    vertex -11.817623138427734 17.756954193115234 0.0
    vertex -11.530044555664062 18.133655548095703 0.0
  endloop
endfacet
facet normal 0.0 0.0 0.0
  outer loop
    vertex -9.423467636108398 16.224365234375 0.0
    vertex -11.530044555664062 18.133655548095703 0.0
    vertex -9.250967979431152 16.406475067138672 0.0
  endloop
endfacet
facet normal 0.0 0.0 0.0
  outer loop
    vertex -9.250967979431152 16.406475067138672 0.0
    vertex -11.530044555664062 18.133655548095703 0.0
    vertex -11.199932098388672 18.473695755004883 0.0
  endloop
endfacet
facet normal 0.0 0.0 0.0
  outer loop
    vertex -9.250967979431152 16.406475067138672 0.0
    vertex -11.199932098388672 18.473695755004883 0.0
    vertex -10.831917762756348 18.772315979003906 0.0
  endloop
endfacet
facet normal 0.0 0.0 0.0
  outer loop
    vertex -9.250967979431152 16.406475067138672 0.0
    vertex -10.831917762756348 18.772315979003906 0.0
    vertex -9.043354034423828 16.5472354888916 0.0
  endloop
endfacet
facet normal 0.0 0.0 0.0
  outer loop
    vertex -9.043354034423828 16.5472354888916 0.0
    vertex -10.831917762756348 18.772315979003906 0.0
    vertex -10.431169509887695 19.025304794311523 0.0
  endloop
endfacet
facet normal 0.0 0.0 0.0
  outer loop
    vertex -9.043354034423828 16.5472354888916 0.0
    vertex -10.431169509887695 19.025304794311523 0.0
    vertex -10.003310203552246 19.2291259765625 0.0
  endloop
endfacet
facet normal 0.0 0.0 0.0
  outer loop
    vertex -9.043354034423828 16.5472354888916 0.0
    vertex -10.003310203552246 19.2291259765625 0.0
    vertex -8.810333251953125 16.640085220336914 0.0
  endloop
endfacet
facet normal 0.0 0.0 0.0
  outer loop
    vertex -8.810333251953125 16.640085220336914 0.0
    vertex -10.003310203552246 19.2291259765625 0.0
    vertex -9.554348945617676 19.380905151367188 0.0
  endloop
endfacet
facet normal 0.0 0.0 0.0
  outer loop
    vertex -8.810333251953125 16.640085220336914 0.0
    vertex -9.554348945617676 19.380905151367188 0.0
    vertex -9.09058666229248 19.478525161743164 0.0
  endloop
endfacet
facet normal 0.0 0.0 0.0
  outer loop
    vertex -8.810333251953125 16.640085220336914 0.0
    vertex -9.09058666229248 19.478525161743164 0.0
    vertex -8.562801361083984 16.680665969848633 0.0
  endloop
endfacet
facet normal 0.0 0.0 0.0
  outer loop
    vertex -8.562801361083984 16.680665969848633 0.0
    vertex -9.09058666229248 19.478525161743164 0.0
    vertex -8.61853313446045 19.520605087280273 0.0
  endloop
endfacet
facet normal 0.0 0.0 0.0
  outer loop
    vertex -8.562801361083984 16.680665969848633 0.0
    vertex -8.61853313446045 19.520605087280273 0.0
    vertex -8.144816398620605 19.50656509399414 0.0
  endloop
endfacet
facet normal 0.0 0.0 0.0
  outer loop
    vertex -8.562801361083984 16.680665969848633 0.0
    vertex -8.144816398620605 19.50656509399414 0.0
    vertex -8.312333106994629 16.667085647583008 0.0
  endloop
endfacet
facet normal 0.0 0.0 0.0
  outer loop
    vertex -8.312333106994629 16.667085647583008 0.0
    vertex -8.144816398620605 19.50656509399414 0.0
    vertex -7.676085472106934 19.436595916748047 0.0
  endloop
endfacet
facet normal 0.0 0.0 0.0
  outer loop
    vertex -8.312333106994629 16.667085647583008 0.0
    vertex -7.676085472106934 19.436595916748047 0.0
    vertex -7.218920707702637 19.311676025390625 0.0
  endloop
endfacet
facet normal 0.0 0.0 0.0
  outer loop
    vertex -8.312333106994629 16.667085647583008 0.0
    vertex -7.218920707702637 19.311676025390625 0.0
    vertex -8.070639610290527 16.5999755859375 0.0
  endloop
endfacet
facet normal 0.0 0.0 0.0
  outer loop
    vertex -8.070639610290527 16.5999755859375 0.0
    vertex -7.218920707702637 19.311676025390625 0.0
    vertex -6.779738903045654 19.133554458618164 0.0
  endloop
endfacet
facet normal 0.0 0.0 0.0
  outer loop
    vertex -8.070639610290527 16.5999755859375 0.0
    vertex -6.779738903045654 19.133554458618164 0.0
    vertex -7.84902286529541 16.482484817504883 0.0
  endloop
endfacet
facet normal 0.0 0.0 0.0
  outer loop
    vertex -7.84902286529541 16.482484817504883 0.0
    vertex -6.779738903045654 19.133554458618164 0.0
    vertex -6.364706039428711 18.90474510192871 0.0
  endloop
endfacet
facet normal 0.0 0.0 0.0
  outer loop
    vertex -7.84902286529541 16.482484817504883 0.0
    vertex -6.364706039428711 18.90474510192871 0.0
    vertex -5.979649066925049 18.62846565246582 0.0
  endloop
endfacet
facet normal 0.0 0.0 0.0
  outer loop
    vertex -7.84902286529541 16.482484817504883 0.0
    vertex -5.979649066925049 18.62846565246582 0.0
    vertex -7.6578450202941895 16.32009506225586 0.0
  endloop
endfacet
facet normal 0.0 0.0 0.0
  outer loop
    vertex -7.6578450202941895 16.32009506225586 0.0
    vertex -5.979649066925049 18.62846565246582 0.0
    vertex -5.629971027374268 18.308565139770508 0.0
  endloop
endfacet
facet normal 0.0 0.0 0.0
  outer loop
    vertex -7.6578450202941895 16.32009506225586 0.0
    vertex -5.629971027374268 18.308565139770508 0.0
    vertex -5.320581912994385 17.949565887451172 0.0
  endloop
endfacet
facet normal 0.0 0.0 0.0
  outer loop
    vertex -7.6578450202941895 16.32009506225586 0.0
    vertex -5.320581912994385 17.949565887451172 0.0
    vertex -7.506045818328857 16.120405197143555 0.0
  endloop
endfacet
facet normal 0.0 0.0 0.0
  outer loop
    vertex -7.506045818328857 16.120405197143555 0.0
    vertex -5.320581912994385 17.949565887451172 0.0
    vertex -5.055826187133789 17.55648422241211 0.0
  endloop
endfacet
facet normal 0.0 0.0 0.0
  outer loop
    vertex -7.506045818328857 16.120405197143555 0.0
    vertex -5.055826187133789 17.55648422241211 0.0
    vertex -4.839417934417725 17.134855270385742 0.0
  endloop
endfacet
facet normal 0.0 0.0 0.0
  outer loop
    vertex -7.506045818328857 16.120405197143555 0.0
    vertex -4.839417934417725 17.134855270385742 0.0
    vertex -7.400722026824951 15.892755508422852 0.0
  endloop
endfacet
facet normal 0.0 0.0 0.0
  outer loop
    vertex -7.400722026824951 15.892755508422852 0.0
    vertex -4.839417934417725 17.134855270385742 0.0
    vertex -4.67439603805542 16.690595626831055 0.0
  endloop
endfacet
facet normal 0.0 0.0 0.0
  outer loop
    vertex -7.400722026824951 15.892755508422852 0.0
    vertex -4.67439603805542 16.690595626831055 0.0
    vertex -4.563077926635742 16.22992515563965 0.0
  endloop
endfacet
facet normal 0.0 0.0 0.0
  outer loop
    vertex -7.400722026824951 15.892755508422852 0.0
    vertex -4.563077926635742 16.22992515563965 0.0
    vertex -7.346799850463867 15.647785186767578 0.0
  endloop
endfacet
facet normal 0.0 0.0 0.0
  outer loop
    vertex -7.346799850463867 15.647785186767578 0.0
    vertex -4.563077926635742 16.22992515563965 0.0
    vertex -4.507024765014648 15.75932502746582 0.0
  endloop
endfacet
facet normal 0.0 0.0 0.0
  outer loop
    vertex -7.346799850463867 15.647785186767578 0.0
    vertex -4.507024765014648 15.75932502746582 0.0
    vertex -4.507024765014648 15.285402297973633 0.0
  endloop
endfacet
facet normal 0.0 0.0 0.0
  outer loop
    vertex -7.346799850463867 15.647785186767578 0.0
    vertex -4.507024765014648 15.285402297973633 0.0
    vertex -7.346799850463867 15.396947860717773 0.0
  endloop
endfacet
facet normal 0.0 0.0 0.0
  outer loop
    vertex -7.346799850463867 15.396947860717773 0.0
    vertex -4.507024765014648 15.285402297973633 0.0
    vertex -4.563077926635742 14.814804077148438 0.0
  endloop
endfacet
facet normal 0.0 0.0 0.0
  outer loop
    vertex -7.346799850463867 15.396947860717773 0.0
    vertex -4.563077926635742 14.814804077148438 0.0
    vertex -7.400722026824951 15.151975631713867 0.0
  endloop
endfacet
facet normal 0.0 0.0 0.0
  outer loop
    vertex -7.400722026824951 15.151975631713867 0.0
    vertex -4.563077926635742 14.814804077148438 0.0
    vertex -4.67439603805542 14.354137420654297 0.0
  endloop
endfacet
facet normal 0.0 0.0 0.0
  outer loop
    vertex -7.400722026824951 15.151975631713867 0.0
    vertex -4.67439603805542 14.354137420654297 0.0
    vertex -4.839417934417725 13.909870147705078 0.0
  endloop
endfacet
facet normal 0.0 0.0 0.0
  outer loop
    vertex -7.400722026824951 15.151975631713867 0.0
    vertex -4.839417934417725 13.909870147705078 0.0
    vertex -7.506045818328857 14.924324035644531 0.0
  endloop
endfacet
facet normal 0.0 0.0 0.0
  outer loop
    vertex -7.506045818328857 14.924324035644531 0.0
    vertex -4.839417934417725 13.909870147705078 0.0
    vertex -5.055826187133789 13.488241195678711 0.0
  endloop
endfacet
facet normal 0.0 0.0 0.0
  outer loop
    vertex -7.506045818328857 14.924324035644531 0.0
    vertex -5.055826187133789 13.488241195678711 0.0
    vertex -5.320581912994385 13.09516429901123 0.0
  endloop
endfacet
facet normal 0.0 0.0 0.0
  outer loop
    vertex -7.506045818328857 14.924324035644531 0.0
    vertex -5.320581912994385 13.09516429901123 0.0
    vertex -7.6578450202941895 14.724634170532227 0.0
  endloop
endfacet
facet normal 0.0 0.0 0.0
  outer loop
    vertex -7.6578450202941895 14.724634170532227 0.0
    vertex -5.320581912994385 13.09516429901123 0.0
    vertex -5.629971027374268 12.736161231994629 0.0
  endloop
endfacet
facet normal 0.0 0.0 0.0
  outer loop
    vertex -7.6578450202941895 14.724634170532227 0.0
    vertex -5.629971027374268 12.736161231994629 0.0
    vertex -5.979649066925049 12.41627025604248 0.0
  endloop
endfacet
facet normal 0.0 0.0 0.0
  outer loop
    vertex -7.6578450202941895 14.724634170532227 0.0
    vertex -5.979649066925049 12.41627025604248 0.0
    vertex -7.84902286529541 14.562246322631836 0.0
  endloop
endfacet
facet normal 0.0 0.0 0.0
  outer loop
    vertex -7.84902286529541 14.562246322631836 0.0
    vertex -5.979649066925049 12.41627025604248 0.0
    vertex -6.364706039428711 12.139981269836426 0.0
  endloop
endfacet
facet normal 0.0 0.0 0.0
  outer loop
    vertex -7.84902286529541 14.562246322631836 0.0
    vertex -6.364706039428711 12.139981269836426 0.0
    vertex -6.779738903045654 11.911174774169922 0.0
  endloop
endfacet
facet normal 0.0 0.0 0.0
  outer loop
    vertex -7.84902286529541 14.562246322631836 0.0
    vertex -6.779738903045654 11.911174774169922 0.0
    vertex -8.070639610290527 14.444751739501953 0.0
  endloop
endfacet
facet normal 0.0 0.0 0.0
  outer loop
    vertex -8.070639610290527 14.444751739501953 0.0
    vertex -6.779738903045654 11.911174774169922 0.0
    vertex -7.218920707702637 11.733059883117676 0.0
  endloop
endfacet
facet normal 0.0 0.0 0.0
  outer loop
    vertex -8.070639610290527 14.444751739501953 0.0
    vertex -7.218920707702637 11.733059883117676 0.0
    vertex -8.312333106994629 14.377645492553711 0.0
  endloop
endfacet
facet normal 0.0 0.0 0.0
  outer loop
    vertex -8.312333106994629 14.377645492553711 0.0
    vertex -7.218920707702637 11.733059883117676 0.0
    vertex -7.676085472106934 11.608139038085938 0.0
  endloop
endfacet
facet normal 0.0 0.0 0.0
  outer loop
    vertex -8.312333106994629 14.377645492553711 0.0
    vertex -7.676085472106934 11.608139038085938 0.0
    vertex -8.144816398620605 11.538166046142578 0.0
  endloop
endfacet
facet normal 0.0 0.0 0.0
  outer loop
    vertex -8.312333106994629 14.377645492553711 0.0
    vertex -8.144816398620605 11.538166046142578 0.0
    vertex -8.562801361083984 14.364065170288086 0.0
  endloop
endfacet
facet normal 0.0 0.0 0.0
  outer loop
    vertex -8.562801361083984 14.364065170288086 0.0
    vertex -8.144816398620605 11.538166046142578 0.0
    vertex -8.61853313446045 11.52412223815918 0.0
  endloop
endfacet
facet normal 0.0 0.0 0.0
  outer loop
    vertex -8.562801361083984 14.364065170288086 0.0
    vertex -8.61853313446045 11.52412223815918 0.0
    vertex -9.09058666229248 11.566204071044922 0.0
  endloop
endfacet
facet normal 0.0 0.0 0.0
  outer loop
    vertex -8.562801361083984 14.364065170288086 0.0
    vertex -9.09058666229248 11.566204071044922 0.0
    vertex -8.810333251953125 14.404647827148438 0.0
  endloop
endfacet
facet normal 0.0 0.0 0.0
  outer loop
    vertex -8.810333251953125 14.404647827148438 0.0
    vertex -9.09058666229248 11.566204071044922 0.0
    vertex -9.554348945617676 11.663823127746582 0.0
  endloop
endfacet
facet normal 0.0 0.0 0.0
  outer loop
    vertex -8.810333251953125 14.404647827148438 0.0
    vertex -9.554348945617676 11.663823127746582 0.0
    vertex -10.003310203552246 11.815607070922852 0.0
  endloop
endfacet
facet normal 0.0 0.0 0.0
  outer loop
    vertex -8.810333251953125 14.404647827148438 0.0
    vertex -10.003310203552246 11.815607070922852 0.0
    vertex -9.043354034423828 14.497491836547852 0.0
  endloop
endfacet
facet normal 0.0 0.0 0.0
  outer loop
    vertex -9.043354034423828 14.497491836547852 0.0
    vertex -10.003310203552246 11.815607070922852 0.0
    vertex -10.431169509887695 12.019424438476562 0.0
  endloop
endfacet
facet normal 0.0 0.0 0.0
  outer loop
    vertex -9.043354034423828 14.497491836547852 0.0
    vertex -10.431169509887695 12.019424438476562 0.0
    vertex -10.831917762756348 12.272417068481445 0.0
  endloop
endfacet
facet normal 0.0 0.0 0.0
  outer loop
    vertex -9.043354034423828 14.497491836547852 0.0
    vertex -10.831917762756348 12.272417068481445 0.0
    vertex -9.250967979431152 14.63825798034668 0.0
  endloop
endfacet
facet normal 0.0 0.0 0.0
  outer loop
    vertex -9.250967979431152 14.63825798034668 0.0
    vertex -10.831917762756348 12.272417068481445 0.0
    vertex -11.199932098388672 12.57103157043457 0.0
  endloop
endfacet
facet normal 0.0 0.0 0.0
  outer loop
    vertex -9.250967979431152 14.63825798034668 0.0
    vertex -11.199932098388672 12.57103157043457 0.0
    vertex -11.530044555664062 12.911077499389648 0.0
  endloop
endfacet
facet normal 0.0 0.0 0.0
  outer loop
    vertex -9.250967979431152 14.63825798034668 0.0
    vertex -11.530044555664062 12.911077499389648 0.0
    vertex -9.423467636108398 14.820363998413086 0.0
  endloop
endfacet
facet normal 0.0 0.0 0.0
  outer loop
    vertex -9.423467636108398 14.820363998413086 0.0
    vertex -11.530044555664062 12.911077499389648 0.0
    vertex -11.817623138427734 13.2877779006958 0.0
  endloop
endfacet
facet normal 0.0 0.0 0.0
  outer loop
    vertex -9.423467636108398 14.820363998413086 0.0
    vertex -11.817623138427734 13.2877779006958 0.0
    vertex -9.552786827087402 15.035293579101562 0.0
  endloop
endfacet
facet normal 0.0 0.0 0.0
  outer loop
    vertex -9.552786827087402 15.035293579101562 0.0
    vertex -11.817623138427734 13.2877779006958 0.0
    vertex -12.05862808227539 13.69584846496582 0.0
  endloop
endfacet
facet normal 0.0 0.0 0.0
  outer loop
    vertex -9.552786827087402 15.035293579101562 0.0
    vertex -12.05862808227539 13.69584846496582 0.0
    vertex -12.249679565429688 14.129558563232422 0.0
  endloop
endfacet
facet normal 0.0 0.0 0.0
  outer loop
    vertex -9.552786827087402 15.035293579101562 0.0
    vertex -12.249679565429688 14.129558563232422 0.0
    vertex -9.632880210876465 15.272998809814453 0.0
  endloop
endfacet
facet normal 0.0 0.0 0.0
  outer loop
    vertex -9.632880210876465 15.272998809814453 0.0
    vertex -12.249679565429688 14.129558563232422 0.0
    vertex -12.388092041015625 14.582820892333984 0.0
  endloop
endfacet
facet normal 0.0 0.0 0.0
  outer loop
    vertex -9.632880210876465 15.272998809814453 0.0
    vertex -12.388092041015625 14.582820892333984 0.0
    vertex -12.471923828125 15.049272537231445 0.0
  endloop
endfacet
facet normal 0.0 0.0 0.0
  outer loop
    vertex -9.632880210876465 15.272998809814453 0.0
    vertex -12.471923828125 15.049272537231445 0.0
    vertex -9.65999984741211 15.52236557006836 0.0
  endloop
endfacet
facet normal 0.0 0.0 0.0
  outer loop
    vertex 1.3671197891235352 5.771730899810791 2.1500000953674316
    vertex 0.7781229019165039 5.834839820861816 2.1500000953674316
    vertex 1.3400001525878906 5.522365093231201 2.1500000953674316
  endloop
endfacet
facet normal 0.0 0.0 0.0
  outer loop
    vertex 1.3400001525878906 5.522365093231201 2.1500000953674316
    vertex 0.7781229019165039 5.834839820861816 2.1500000953674316
    vertex 0.75 5.522365093231201 2.1500000953674316
  endloop
endfacet
facet normal 0.0 0.0 0.0
  outer loop
    vertex 1.3400001525878906 5.522365093231201 2.1500000953674316
    vertex 0.75 5.522365093231201 2.1500000953674316
    vertex 0.7781229019165039 5.209890365600586 2.1500000953674316
  endloop
endfacet
facet normal 0.0 0.0 0.0
  outer loop
    vertex 0.7781229019165039 5.834839820861816 2.1500000953674316
    vertex 1.3671197891235352 5.771730899810791 2.1500000953674316
    vertex 0.8615894317626953 6.137270927429199 2.1500000953674316
  endloop
endfacet
facet normal 0.0 0.0 0.0
  outer loop
    vertex 0.8615894317626953 6.137270927429199 2.1500000953674316
    vertex 1.3671197891235352 5.771730899810791 2.1500000953674316
    vertex 1.4472131729125977 6.00943660736084 2.1500000953674316
  endloop
endfacet
facet normal 0.0 0.0 0.0
  outer loop
    vertex 0.8615894317626953 6.137270927429199 2.1500000953674316
    vertex 1.4472131729125977 6.00943660736084 2.1500000953674316
    vertex 0.9977149963378906 6.419939041137695 2.1500000953674316
  endloop
endfacet
facet normal 0.0 0.0 0.0
  outer loop
    vertex 0.9977149963378906 6.419939041137695 2.1500000953674316
    vertex 1.4472131729125977 6.00943660736084 2.1500000953674316
    vertex 1.5765304565429688 6.224367141723633 2.1500000953674316
  endloop
endfacet
facet normal 0.0 0.0 0.0
  outer loop
    vertex 0.9977149963378906 6.419939041137695 2.1500000953674316
    vertex 1.5765304565429688 6.224367141723633 2.1500000953674316
    vertex 1.1821250915527344 6.673758029937744 2.1500000953674316
  endloop
endfacet
facet normal 0.0 0.0 0.0
  outer loop
    vertex 1.1821250915527344 6.673758029937744 2.1500000953674316
    vertex 1.5765304565429688 6.224367141723633 2.1500000953674316
    vertex 1.7490301132202148 6.406473159790039 2.1500000953674316
  endloop
endfacet
facet normal 0.0 0.0 0.0
  outer loop
    vertex 1.1821250915527344 6.673758029937744 2.1500000953674316
    vertex 1.7490301132202148 6.406473159790039 2.1500000953674316
    vertex 1.4088926315307617 6.890570163726807 2.1500000953674316
  endloop
endfacet
facet normal 0.0 0.0 0.0
  outer loop
    vertex 1.4088926315307617 6.890570163726807 2.1500000953674316
    vertex 1.7490301132202148 6.406473159790039 2.1500000953674316
    vertex 1.9566497802734375 6.547239303588867 2.1500000953674316
  endloop
endfacet
facet normal 0.0 0.0 0.0
  outer loop
    vertex 1.4088926315307617 6.890570163726807 2.1500000953674316
    vertex 1.9566497802734375 6.547239303588867 2.1500000953674316
    vertex 1.670729637145996 7.063406944274902 2.1500000953674316
  endloop
endfacet
facet normal 0.0 0.0 0.0
  outer loop
    vertex 1.670729637145996 7.063406944274902 2.1500000953674316
    vertex 1.9566497802734375 6.547239303588867 2.1500000953674316
    vertex 1.9592199325561523 7.186714172363281 2.1500000953674316
  endloop
endfacet
facet normal 0.0 0.0 0.0
  outer loop
    vertex 1.9592199325561523 7.186714172363281 2.1500000953674316
    vertex 1.9566497802734375 6.547239303588867 2.1500000953674316
    vertex 2.189669609069824 6.640083312988281 2.1500000953674316
  endloop
endfacet
facet normal 0.0 0.0 0.0
  outer loop
    vertex 1.9592199325561523 7.186714172363281 2.1500000953674316
    vertex 2.189669609069824 6.640083312988281 2.1500000953674316
    vertex 2.265089988708496 7.256526947021484 2.1500000953674316
  endloop
endfacet
facet normal 0.0 0.0 0.0
  outer loop
    vertex 2.265089988708496 7.256526947021484 2.1500000953674316
    vertex 2.189669609069824 6.640083312988281 2.1500000953674316
    vertex 2.437199592590332 6.6806640625 2.1500000953674316
  endloop
endfacet
facet normal 0.0 0.0 0.0
  outer loop
    vertex 2.265089988708496 7.256526947021484 2.1500000953674316
    vertex 2.437199592590332 6.6806640625 2.1500000953674316
    vertex 2.578510284423828 7.270603179931641 2.1500000953674316
  endloop
endfacet
facet normal 0.0 0.0 0.0
  outer loop
    vertex 2.578510284423828 7.270603179931641 2.1500000953674316
    vertex 2.437199592590332 6.6806640625 2.1500000953674316
    vertex 2.6876697540283203 6.667084217071533 2.1500000953674316
  endloop
endfacet
facet normal 0.0 0.0 0.0
  outer loop
    vertex 2.578510284423828 7.270603179931641 2.1500000953674316
    vertex 2.6876697540283203 6.667084217071533 2.1500000953674316
    vertex 2.8894100189208984 7.228488922119141 2.1500000953674316
  endloop
endfacet
facet normal 0.0 0.0 0.0
  outer loop
    vertex 2.8894100189208984 7.228488922119141 2.1500000953674316
    vertex 2.6876697540283203 6.667084217071533 2.1500000953674316
    vertex 2.9293603897094727 6.599977970123291 2.1500000953674316
  endloop
endfacet
facet normal 0.0 0.0 0.0
  outer loop
    vertex 2.8894100189208984 7.228488922119141 2.1500000953674316
    vertex 2.9293603897094727 6.599977970123291 2.1500000953674316
    vertex 3.1877899169921875 7.131539344787598 2.1500000953674316
  endloop
endfacet
facet normal 0.0 0.0 0.0
  outer loop
    vertex 3.1877899169921875 7.131539344787598 2.1500000953674316
    vertex 2.9293603897094727 6.599977970123291 2.1500000953674316
    vertex 3.150979995727539 6.482484340667725 2.1500000953674316
  endloop
endfacet
facet normal 0.0 0.0 0.0
  outer loop
    vertex 3.1877899169921875 7.131539344787598 2.1500000953674316
    vertex 3.150979995727539 6.482484340667725 2.1500000953674316
    vertex 3.4640703201293945 6.982868194580078 2.1500000953674316
  endloop
endfacet
facet normal 0.0 0.0 0.0
  outer loop
    vertex 3.4640703201293945 6.982868194580078 2.1500000953674316
    vertex 3.150979995727539 6.482484340667725 2.1500000953674316
    vertex 3.709360122680664 6.787256240844727 2.1500000953674316
  endloop
endfacet
facet normal 0.0 0.0 0.0
  outer loop
    vertex 3.709360122680664 6.787256240844727 2.1500000953674316
    vertex 3.150979995727539 6.482484340667725 2.1500000953674316
    vertex 3.3421497344970703 6.320096492767334 2.1500000953674316
  endloop
endfacet
facet normal 0.0 0.0 0.0
  outer loop
    vertex 3.709360122680664 6.787256240844727 2.1500000953674316
    vertex 3.3421497344970703 6.320096492767334 2.1500000953674316
    vertex 3.9157800674438477 6.550989151000977 2.1500000953674316
  endloop
endfacet
facet normal 0.0 0.0 0.0
  outer loop
    vertex 3.9157800674438477 6.550989151000977 2.1500000953674316
    vertex 3.3421497344970703 6.320096492767334 2.1500000953674316
    vertex 3.4939498901367188 6.120407581329346 2.1500000953674316
  endloop
endfacet
facet normal 0.0 0.0 0.0
  outer loop
    vertex 3.9157800674438477 6.550989151000977 2.1500000953674316
    vertex 3.4939498901367188 6.120407581329346 2.1500000953674316
    vertex 4.076700210571289 6.281661510467529 2.1500000953674316
  endloop
endfacet
facet normal 0.0 0.0 0.0
  outer loop
    vertex 4.076700210571289 6.281661510467529 2.1500000953674316
    vertex 3.4939498901367188 6.120407581329346 2.1500000953674316
    vertex 3.59928035736084 5.892755031585693 2.1500000953674316
  endloop
endfacet
facet normal 0.0 0.0 0.0
  outer loop
    vertex 4.076700210571289 6.281661510467529 2.1500000953674316
    vertex 3.59928035736084 5.892755031585693 2.1500000953674316
    vertex 4.1869401931762695 5.987929344177246 2.1500000953674316
  endloop
endfacet
facet normal 0.0 0.0 0.0
  outer loop
    vertex 4.1869401931762695 5.987929344177246 2.1500000953674316
    vertex 3.59928035736084 5.892755031585693 2.1500000953674316
    vertex 3.653200149536133 5.647783279418945 2.1500000953674316
  endloop
endfacet
facet normal 0.0 0.0 0.0
  outer loop
    vertex 4.1869401931762695 5.987929344177246 2.1500000953674316
    vertex 3.653200149536133 5.647783279418945 2.1500000953674316
    vertex 4.242959976196289 5.679234027862549 2.1500000953674316
  endloop
endfacet
facet normal 0.0 0.0 0.0
  outer loop
    vertex 4.242959976196289 5.679234027862549 2.1500000953674316
    vertex 3.653200149536133 5.647783279418945 2.1500000953674316
    vertex 4.242959976196289 5.3654961585998535 2.1500000953674316
  endloop
endfacet
facet normal 0.0 0.0 0.0
  outer loop
    vertex 4.242959976196289 5.3654961585998535 2.1500000953674316
    vertex 3.653200149536133 5.647783279418945 2.1500000953674316
    vertex 3.653200149536133 5.396946907043457 2.1500000953674316
  endloop
endfacet
facet normal 0.0 0.0 0.0
  outer loop
    vertex 4.242959976196289 5.3654961585998535 2.1500000953674316
    vertex 3.653200149536133 5.396946907043457 2.1500000953674316
    vertex 4.1869401931762695 5.056800842285156 2.1500000953674316
  endloop
endfacet
facet normal 0.0 0.0 0.0
  outer loop
    vertex 4.1869401931762695 5.056800842285156 2.1500000953674316
    vertex 3.653200149536133 5.396946907043457 2.1500000953674316
    vertex 3.59928035736084 5.151975154876709 2.1500000953674316
  endloop
endfacet
facet normal 0.0 0.0 0.0
  outer loop
    vertex 4.1869401931762695 5.056800842285156 2.1500000953674316
    vertex 3.59928035736084 5.151975154876709 2.1500000953674316
    vertex 4.076700210571289 4.763068675994873 2.1500000953674316
  endloop
endfacet
facet normal 0.0 0.0 0.0
  outer loop
    vertex 4.076700210571289 4.763068675994873 2.1500000953674316
    vertex 3.59928035736084 5.151975154876709 2.1500000953674316
    vertex 3.4939498901367188 4.924322605133057 2.1500000953674316
  endloop
endfacet
facet normal 0.0 0.0 0.0
  outer loop
    vertex 4.076700210571289 4.763068675994873 2.1500000953674316
    vertex 3.4939498901367188 4.924322605133057 2.1500000953674316
    vertex 3.9157800674438477 4.493741035461426 2.1500000953674316
  endloop
endfacet
facet normal 0.0 0.0 0.0
  outer loop
    vertex 3.9157800674438477 4.493741035461426 2.1500000953674316
    vertex 3.4939498901367188 4.924322605133057 2.1500000953674316
    vertex 3.3421497344970703 4.724633693695068 2.1500000953674316
  endloop
endfacet
facet normal 0.0 0.0 0.0
  outer loop
    vertex 3.9157800674438477 4.493741035461426 2.1500000953674316
    vertex 3.3421497344970703 4.724633693695068 2.1500000953674316
    vertex 3.709360122680664 4.257473945617676 2.1500000953674316
  endloop
endfacet
facet normal 0.0 0.0 0.0
  outer loop
    vertex 3.709360122680664 4.257473945617676 2.1500000953674316
    vertex 3.3421497344970703 4.724633693695068 2.1500000953674316
    vertex 3.150979995727539 4.562245845794678 2.1500000953674316
  endloop
endfacet
facet normal 0.0 0.0 0.0
  outer loop
    vertex 3.709360122680664 4.257473945617676 2.1500000953674316
    vertex 3.150979995727539 4.562245845794678 2.1500000953674316
    vertex 3.4640703201293945 4.061861991882324 2.1500000953674316
  endloop
endfacet
facet normal 0.0 0.0 0.0
  outer loop
    vertex 3.4640703201293945 4.061861991882324 2.1500000953674316
    vertex 3.150979995727539 4.562245845794678 2.1500000953674316
    vertex 3.1877899169921875 3.913191080093384 2.1500000953674316
  endloop
endfacet
facet normal 0.0 0.0 0.0
  outer loop
    vertex 3.1877899169921875 3.913191080093384 2.1500000953674316
    vertex 3.150979995727539 4.562245845794678 2.1500000953674316
    vertex 2.9293603897094727 4.444752216339111 2.1500000953674316
  endloop
endfacet
facet normal 0.0 0.0 0.0
  outer loop
    vertex 3.1877899169921875 3.913191080093384 2.1500000953674316
    vertex 2.9293603897094727 4.444752216339111 2.1500000953674316
    vertex 2.8894100189208984 3.8162412643432617 2.1500000953674316
  endloop
endfacet
facet normal 0.0 0.0 0.0
  outer loop
    vertex 2.8894100189208984 3.8162412643432617 2.1500000953674316
    vertex 2.9293603897094727 4.444752216339111 2.1500000953674316
    vertex 2.6876697540283203 4.377645969390869 2.1500000953674316
  endloop
endfacet
facet normal 0.0 0.0 0.0
  outer loop
    vertex 2.8894100189208984 3.8162412643432617 2.1500000953674316
    vertex 2.6876697540283203 4.377645969390869 2.1500000953674316
    vertex 2.578510284423828 3.7741270065307617 2.1500000953674316
  endloop
endfacet
facet normal 0.0 0.0 0.0
  outer loop
    vertex 2.578510284423828 3.7741270065307617 2.1500000953674316
    vertex 2.6876697540283203 4.377645969390869 2.1500000953674316
    vertex 2.437199592590332 4.364066123962402 2.1500000953674316
  endloop
endfacet
facet normal 0.0 0.0 0.0
  outer loop
    vertex 2.578510284423828 3.7741270065307617 2.1500000953674316
    vertex 2.437199592590332 4.364066123962402 2.1500000953674316
    vertex 2.265089988708496 3.788203239440918 2.1500000953674316
  endloop
endfacet
facet normal 0.0 0.0 0.0
  outer loop
    vertex 2.265089988708496 3.788203239440918 2.1500000953674316
    vertex 2.437199592590332 4.364066123962402 2.1500000953674316
    vertex 2.189669609069824 4.404646873474121 2.1500000953674316
  endloop
endfacet
facet normal 0.0 0.0 0.0
  outer loop
    vertex 2.265089988708496 3.788203239440918 2.1500000953674316
    vertex 2.189669609069824 4.404646873474121 2.1500000953674316
    vertex 1.9592199325561523 3.858016014099121 2.1500000953674316
  endloop
endfacet
facet normal 0.0 0.0 0.0
  outer loop
    vertex 1.9592199325561523 3.858016014099121 2.1500000953674316
    vertex 2.189669609069824 4.404646873474121 2.1500000953674316
    vertex 1.9566497802734375 4.497490882873535 2.1500000953674316
  endloop
endfacet
facet normal 0.0 0.0 0.0
  outer loop
    vertex 1.9592199325561523 3.858016014099121 2.1500000953674316
    vertex 1.9566497802734375 4.497490882873535 2.1500000953674316
    vertex 1.670729637145996 3.9813232421875 2.1500000953674316
  endloop
endfacet
facet normal 0.0 0.0 0.0
  outer loop
    vertex 1.670729637145996 3.9813232421875 2.1500000953674316
    vertex 1.9566497802734375 4.497490882873535 2.1500000953674316
    vertex 1.4088926315307617 4.154160022735596 2.1500000953674316
  endloop
endfacet
facet normal 0.0 0.0 0.0
  outer loop
    vertex 1.4088926315307617 4.154160022735596 2.1500000953674316
    vertex 1.9566497802734375 4.497490882873535 2.1500000953674316
    vertex 1.7490301132202148 4.638257026672363 2.1500000953674316
  endloop
endfacet
facet normal 0.0 0.0 0.0
  outer loop
    vertex 1.4088926315307617 4.154160022735596 2.1500000953674316
    vertex 1.7490301132202148 4.638257026672363 2.1500000953674316
    vertex 1.1821250915527344 4.370972156524658 2.1500000953674316
  endloop
endfacet
facet normal 0.0 0.0 0.0
  outer loop
    vertex 1.1821250915527344 4.370972156524658 2.1500000953674316
    vertex 1.7490301132202148 4.638257026672363 2.1500000953674316
    vertex 1.5765304565429688 4.8203630447387695 2.1500000953674316
  endloop
endfacet
facet normal 0.0 0.0 0.0
  outer loop
    vertex 1.1821250915527344 4.370972156524658 2.1500000953674316
    vertex 1.5765304565429688 4.8203630447387695 2.1500000953674316
    vertex 0.9977149963378906 4.624791145324707 2.1500000953674316
  endloop
endfacet
facet normal 0.0 0.0 0.0
  outer loop
    vertex 0.9977149963378906 4.624791145324707 2.1500000953674316
    vertex 1.5765304565429688 4.8203630447387695 2.1500000953674316
    vertex 1.4472131729125977 5.0352935791015625 2.1500000953674316
  endloop
endfacet
facet normal 0.0 0.0 0.0
  outer loop
    vertex 0.9977149963378906 4.624791145324707 2.1500000953674316
    vertex 1.4472131729125977 5.0352935791015625 2.1500000953674316
    vertex 0.8615894317626953 4.907459259033203 2.1500000953674316
  endloop
endfacet
facet normal 0.0 0.0 0.0
  outer loop
    vertex 0.8615894317626953 4.907459259033203 2.1500000953674316
    vertex 1.4472131729125977 5.0352935791015625 2.1500000953674316
    vertex 1.3671197891235352 5.272999286651611 2.1500000953674316
  endloop
endfacet
facet normal 0.0 0.0 0.0
  outer loop
    vertex 0.8615894317626953 4.907459259033203 2.1500000953674316
    vertex 1.3671197891235352 5.272999286651611 2.1500000953674316
    vertex 0.7781229019165039 5.209890365600586 2.1500000953674316
  endloop
endfacet
facet normal 0.0 0.0 0.0
  outer loop
    vertex 0.7781229019165039 5.209890365600586 2.1500000953674316
    vertex 1.3671197891235352 5.272999286651611 2.1500000953674316
    vertex 1.3400001525878906 5.522365093231201 2.1500000953674316
  endloop
endfacet
facet normal 0.0 0.0 0.0
  outer loop
    vertex -1.471923828125 5.995457649230957 1.0
    vertex -1.471923828125 5.995457649230957 0.0
    vertex -1.5 5.522365093231201 1.0
  endloop
endfacet
facet normal 0.0 0.0 0.0
  outer loop
    vertex -1.5 5.522365093231201 1.0
    vertex -1.471923828125 5.995457649230957 0.0
    vertex -1.5 5.522365093231201 0.0
  endloop
endfacet
facet normal 0.0 0.0 0.0
  outer loop
    vertex -1.5 5.522365093231201 1.0
    vertex -1.5 5.522365093231201 0.0
    vertex -1.471923828125 5.049272537231445 1.0
  endloop
endfacet
facet normal 0.0 0.0 0.0
  outer loop
    vertex -1.471923828125 5.049272537231445 1.0
    vertex -1.5 5.522365093231201 0.0
    vertex -1.471923828125 5.049272537231445 0.0
  endloop
endfacet
facet normal 0.0 0.0 0.0
  outer loop
    vertex -1.471923828125 5.049272537231445 1.0
    vertex -1.471923828125 5.049272537231445 0.0
    vertex -1.388092041015625 4.582820892333984 0.0
  endloop
endfacet
facet normal 0.0 0.0 0.0
  outer loop
    vertex -1.471923828125 5.995457649230957 1.0
    vertex -1.388092041015625 6.461909294128418 1.0
    vertex -1.471923828125 5.995457649230957 0.0
  endloop
endfacet
facet normal 0.0 0.0 0.0
  outer loop
    vertex -1.471923828125 5.995457649230957 0.0
    vertex -1.388092041015625 6.461909294128418 1.0
    vertex -1.388092041015625 6.461909294128418 0.0
  endloop
endfacet
facet normal 0.0 0.0 0.0
  outer loop
    vertex -1.388092041015625 6.461909294128418 0.0
    vertex -1.388092041015625 6.461909294128418 1.0
    vertex -1.2496790885925293 6.915172100067139 1.0
  endloop
endfacet
facet normal 0.0 0.0 0.0
  outer loop
    vertex -1.388092041015625 6.461909294128418 0.0
    vertex -1.2496790885925293 6.915172100067139 1.0
    vertex -1.2496790885925293 6.915172100067139 0.0
  endloop
endfacet
facet normal 0.0 0.0 0.0
  outer loop
    vertex -1.2496790885925293 6.915172100067139 0.0
    vertex -1.2496790885925293 6.915172100067139 1.0
    vertex -1.0586280822753906 7.34888219833374 1.0
  endloop
endfacet
facet normal 0.0 0.0 0.0
  outer loop
    vertex -1.2496790885925293 6.915172100067139 0.0
    vertex -1.0586280822753906 7.34888219833374 1.0
    vertex -1.0586280822753906 7.34888219833374 0.0
  endloop
endfacet
facet normal 0.0 0.0 0.0
  outer loop
    vertex -1.0586280822753906 7.34888219833374 0.0
    vertex -1.0586280822753906 7.34888219833374 1.0
    vertex -0.8176231384277344 7.756952285766602 1.0
  endloop
endfacet
facet normal 0.0 0.0 0.0
  outer loop
    vertex -1.0586280822753906 7.34888219833374 0.0
    vertex -0.8176231384277344 7.756952285766602 1.0
    vertex -0.8176231384277344 7.756952285766602 0.0
  endloop
endfacet
facet normal 0.0 0.0 0.0
  outer loop
    vertex -0.8176231384277344 7.756952285766602 0.0
    vertex -0.8176231384277344 7.756952285766602 1.0
    vertex -0.5300450325012207 8.13365364074707 1.0
  endloop
endfacet
facet normal 0.0 0.0 0.0
  outer loop
    vertex -0.8176231384277344 7.756952285766602 0.0
    vertex -0.5300450325012207 8.13365364074707 1.0
    vertex -0.5300450325012207 8.13365364074707 0.0
  endloop
endfacet
facet normal 0.0 0.0 0.0
  outer loop
    vertex -0.5300450325012207 8.13365364074707 0.0
    vertex -0.5300450325012207 8.13365364074707 1.0
    vertex -0.19993209838867188 8.473697662353516 1.0
  endloop
endfacet
facet normal 0.0 0.0 0.0
  outer loop
    vertex -0.5300450325012207 8.13365364074707 0.0
    vertex -0.19993209838867188 8.473697662353516 1.0
    vertex -0.19993209838867188 8.473697662353516 0.0
  endloop
endfacet
facet normal 0.0 0.0 0.0
  outer loop
    vertex -0.19993209838867188 8.473697662353516 0.0
    vertex -0.19993209838867188 8.473697662353516 1.0
    vertex 0.16808223724365234 8.772313117980957 1.0
  endloop
endfacet
facet normal 0.0 0.0 0.0
  outer loop
    vertex -0.19993209838867188 8.473697662353516 0.0
    vertex 0.16808223724365234 8.772313117980957 1.0
    vertex 0.16808223724365234 8.772313117980957 0.0
  endloop
endfacet
facet normal 0.0 0.0 0.0
  outer loop
    vertex 0.16808223724365234 8.772313117980957 0.0
    vertex 0.16808223724365234 8.772313117980957 1.0
    vertex 0.5688314437866211 9.025304794311523 1.0
  endloop
endfacet
facet normal 0.0 0.0 0.0
  outer loop
    vertex 0.16808223724365234 8.772313117980957 0.0
    vertex 0.5688314437866211 9.025304794311523 1.0
    vertex 0.5688314437866211 9.025304794311523 0.0
  endloop
endfacet
facet normal 0.0 0.0 0.0
  outer loop
    vertex 0.5688314437866211 9.025304794311523 0.0
    vertex 0.5688314437866211 9.025304794311523 1.0
    vertex 0.9966897964477539 9.22912311553955 1.0
  endloop
endfacet
facet normal 0.0 0.0 0.0
  outer loop
    vertex 0.5688314437866211 9.025304794311523 0.0
    vertex 0.9966897964477539 9.22912311553955 1.0
    vertex 0.9966897964477539 9.22912311553955 0.0
  endloop
endfacet
facet normal 0.0 0.0 0.0
  outer loop
    vertex 0.9966897964477539 9.22912311553955 0.0
    vertex 0.9966897964477539 9.22912311553955 1.0
    vertex 1.4456510543823242 9.38090705871582 1.0
  endloop
endfacet
facet normal 0.0 0.0 0.0
  outer loop
    vertex 0.9966897964477539 9.22912311553955 0.0
    vertex 1.4456510543823242 9.38090705871582 1.0
    vertex 1.4456510543823242 9.38090705871582 0.0
  endloop
endfacet
facet normal 0.0 0.0 0.0
  outer loop
    vertex 1.4456510543823242 9.38090705871582 0.0
    vertex 1.4456510543823242 9.38090705871582 1.0
    vertex 1.9094104766845703 9.47852611541748 1.0
  endloop
endfacet
facet normal 0.0 0.0 0.0
  outer loop
    vertex 1.4456510543823242 9.38090705871582 0.0
    vertex 1.9094104766845703 9.47852611541748 1.0
    vertex 1.9094104766845703 9.47852611541748 0.0
  endloop
endfacet
facet normal 0.0 0.0 0.0
  outer loop
    vertex 1.9094104766845703 9.47852611541748 0.0
    vertex 1.9094104766845703 9.47852611541748 1.0
    vertex 2.3814697265625 9.520607948303223 1.0
  endloop
endfacet
facet normal 0.0 0.0 0.0
  outer loop
    vertex 1.9094104766845703 9.47852611541748 0.0
    vertex 2.3814697265625 9.520607948303223 1.0
    vertex 2.3814697265625 9.520607948303223 0.0
  endloop
endfacet
facet normal 0.0 0.0 0.0
  outer loop
    vertex 2.3814697265625 9.520607948303223 0.0
    vertex 2.3814697265625 9.520607948303223 1.0
    vertex 2.855179786682129 9.506564140319824 1.0
  endloop
endfacet
facet normal 0.0 0.0 0.0
  outer loop
    vertex 2.3814697265625 9.520607948303223 0.0
    vertex 2.855179786682129 9.506564140319824 1.0
    vertex 2.855179786682129 9.506564140319824 0.0
  endloop
endfacet
facet normal 0.0 0.0 0.0
  outer loop
    vertex 2.855179786682129 9.506564140319824 0.0
    vertex 2.855179786682129 9.506564140319824 1.0
    vertex 3.3239097595214844 9.436591148376465 1.0
  endloop
endfacet
facet normal 0.0 0.0 0.0
  outer loop
    vertex 2.855179786682129 9.506564140319824 0.0
    vertex 3.3239097595214844 9.436591148376465 1.0
    vertex 3.3239097595214844 9.436591148376465 0.0
  endloop
endfacet
facet normal 0.0 0.0 0.0
  outer loop
    vertex 3.3239097595214844 9.436591148376465 0.0
    vertex 3.3239097595214844 9.436591148376465 1.0
    vertex 3.7810802459716797 9.311670303344727 1.0
  endloop
endfacet
facet normal 0.0 0.0 0.0
  outer loop
    vertex 3.3239097595214844 9.436591148376465 0.0
    vertex 3.7810802459716797 9.311670303344727 1.0
    vertex 3.7810802459716797 9.311670303344727 0.0
  endloop
endfacet
facet normal 0.0 0.0 0.0
  outer loop
    vertex 3.7810802459716797 9.311670303344727 0.0
    vertex 3.7810802459716797 9.311670303344727 1.0
    vertex 4.220259666442871 9.133556365966797 1.0
  endloop
endfacet
facet normal 0.0 0.0 0.0
  outer loop
    vertex 3.7810802459716797 9.311670303344727 0.0
    vertex 4.220259666442871 9.133556365966797 1.0
    vertex 4.220259666442871 9.133556365966797 0.0
  endloop
endfacet
facet normal 0.0 0.0 0.0
  outer loop
    vertex 4.220259666442871 9.133556365966797 0.0
    vertex 4.220259666442871 9.133556365966797 1.0
    vertex 4.635290145874023 8.904748916625977 1.0
  endloop
endfacet
facet normal 0.0 0.0 0.0
  outer loop
    vertex 4.220259666442871 9.133556365966797 0.0
    vertex 4.635290145874023 8.904748916625977 1.0
    vertex 4.635290145874023 8.904748916625977 0.0
  endloop
endfacet
facet normal 0.0 0.0 0.0
  outer loop
    vertex 4.635290145874023 8.904748916625977 0.0
    vertex 4.635290145874023 8.904748916625977 1.0
    vertex 5.020350456237793 8.628459930419922 1.0
  endloop
endfacet
facet normal 0.0 0.0 0.0
  outer loop
    vertex 4.635290145874023 8.904748916625977 0.0
    vertex 5.020350456237793 8.628459930419922 1.0
    vertex 5.020350456237793 8.628459930419922 0.0
  endloop
endfacet
facet normal 0.0 0.0 0.0
  outer loop
    vertex 5.020350456237793 8.628459930419922 0.0
    vertex 5.020350456237793 8.628459930419922 1.0
    vertex 5.370030403137207 8.308568954467773 1.0
  endloop
endfacet
facet normal 0.0 0.0 0.0
  outer loop
    vertex 5.020350456237793 8.628459930419922 0.0
    vertex 5.370030403137207 8.308568954467773 1.0
    vertex 5.370030403137207 8.308568954467773 0.0
  endloop
endfacet
facet normal 0.0 0.0 0.0
  outer loop
    vertex 5.370030403137207 8.308568954467773 0.0
    vertex 5.370030403137207 8.308568954467773 1.0
    vertex 5.679420471191406 7.949565887451172 1.0
  endloop
endfacet
facet normal 0.0 0.0 0.0
  outer loop
    vertex 5.370030403137207 8.308568954467773 0.0
    vertex 5.679420471191406 7.949565887451172 1.0
    vertex 5.679420471191406 7.949565887451172 0.0
  endloop
endfacet
facet normal 0.0 0.0 0.0
  outer loop
    vertex 5.679420471191406 7.949565887451172 0.0
    vertex 5.679420471191406 7.949565887451172 1.0
    vertex 5.944169998168945 7.556488990783691 1.0
  endloop
endfacet
facet normal 0.0 0.0 0.0
  outer loop
    vertex 5.679420471191406 7.949565887451172 0.0
    vertex 5.944169998168945 7.556488990783691 1.0
    vertex 5.944169998168945 7.556488990783691 0.0
  endloop
endfacet
facet normal 0.0 0.0 0.0
  outer loop
    vertex 5.944169998168945 7.556488990783691 0.0
    vertex 5.944169998168945 7.556488990783691 1.0
    vertex 6.160579681396484 7.134859085083008 1.0
  endloop
endfacet
facet normal 0.0 0.0 0.0
  outer loop
    vertex 5.944169998168945 7.556488990783691 0.0
    vertex 6.160579681396484 7.134859085083008 1.0
    vertex 6.160579681396484 7.134859085083008 0.0
  endloop
endfacet
facet normal 0.0 0.0 0.0
  outer loop
    vertex 6.160579681396484 7.134859085083008 0.0
    vertex 6.160579681396484 7.134859085083008 1.0
    vertex 6.325599670410156 6.690591812133789 1.0
  endloop
endfacet
facet normal 0.0 0.0 0.0
  outer loop
    vertex 6.160579681396484 7.134859085083008 0.0
    vertex 6.325599670410156 6.690591812133789 1.0
    vertex 6.325599670410156 6.690591812133789 0.0
  endloop
endfacet
facet normal 0.0 0.0 0.0
  outer loop
    vertex 6.325599670410156 6.690591812133789 0.0
    vertex 6.325599670410156 6.690591812133789 1.0
    vertex 6.436920166015625 6.229926109313965 1.0
  endloop
endfacet
facet normal 0.0 0.0 0.0
  outer loop
    vertex 6.325599670410156 6.690591812133789 0.0
    vertex 6.436920166015625 6.229926109313965 1.0
    vertex 6.436920166015625 6.229926109313965 0.0
  endloop
endfacet
facet normal 0.0 0.0 0.0
  outer loop
    vertex 6.436920166015625 6.229926109313965 0.0
    vertex 6.436920166015625 6.229926109313965 1.0
    vertex 6.4929704666137695 5.759327411651611 1.0
  endloop
endfacet
facet normal 0.0 0.0 0.0
  outer loop
    vertex 6.436920166015625 6.229926109313965 0.0
    vertex 6.4929704666137695 5.759327411651611 1.0
    vertex 6.4929704666137695 5.759327411651611 0.0
  endloop
endfacet
facet normal 0.0 0.0 0.0
  outer loop
    vertex 6.4929704666137695 5.759327411651611 0.0
    vertex 6.4929704666137695 5.759327411651611 1.0
    vertex 6.4929704666137695 5.285402774810791 1.0
  endloop
endfacet
facet normal 0.0 0.0 0.0
  outer loop
    vertex 6.4929704666137695 5.759327411651611 0.0
    vertex 6.4929704666137695 5.285402774810791 1.0
    vertex 6.4929704666137695 5.285402774810791 0.0
  endloop
endfacet
facet normal 0.0 0.0 0.0
  outer loop
    vertex 6.4929704666137695 5.285402774810791 0.0
    vertex 6.4929704666137695 5.285402774810791 1.0
    vertex 6.436920166015625 4.8148040771484375 1.0
  endloop
endfacet
facet normal 0.0 0.0 0.0
  outer loop
    vertex 6.4929704666137695 5.285402774810791 0.0
    vertex 6.436920166015625 4.8148040771484375 1.0
    vertex 6.436920166015625 4.8148040771484375 0.0
  endloop
endfacet
facet normal 0.0 0.0 0.0
  outer loop
    vertex 6.436920166015625 4.8148040771484375 0.0
    vertex 6.436920166015625 4.8148040771484375 1.0
    vertex 6.325599670410156 4.354138374328613 1.0
  endloop
endfacet
facet normal 0.0 0.0 0.0
  outer loop
    vertex 6.436920166015625 4.8148040771484375 0.0
    vertex 6.325599670410156 4.354138374328613 1.0
    vertex 6.325599670410156 4.354138374328613 0.0
  endloop
endfacet
facet normal 0.0 0.0 0.0
  outer loop
    vertex 6.325599670410156 4.354138374328613 0.0
    vertex 6.325599670410156 4.354138374328613 1.0
    vertex 6.160579681396484 3.9098711013793945 1.0
  endloop
endfacet
facet normal 0.0 0.0 0.0
  outer loop
    vertex 6.325599670410156 4.354138374328613 0.0
    vertex 6.160579681396484 3.9098711013793945 1.0
    vertex 6.160579681396484 3.9098711013793945 0.0
  endloop
endfacet
facet normal 0.0 0.0 0.0
  outer loop
    vertex 6.160579681396484 3.9098711013793945 0.0
    vertex 6.160579681396484 3.9098711013793945 1.0
    vertex 5.944169998168945 3.488241195678711 1.0
  endloop
endfacet
facet normal 0.0 0.0 0.0
  outer loop
    vertex 6.160579681396484 3.9098711013793945 0.0
    vertex 5.944169998168945 3.488241195678711 1.0
    vertex 5.944169998168945 3.488241195678711 0.0
  endloop
endfacet
facet normal 0.0 0.0 0.0
  outer loop
    vertex 5.944169998168945 3.488241195678711 0.0
    vertex 5.944169998168945 3.488241195678711 1.0
    vertex 5.679420471191406 3.0951640605926514 1.0
  endloop
endfacet
facet normal 0.0 0.0 0.0
  outer loop
    vertex 5.944169998168945 3.488241195678711 0.0
    vertex 5.679420471191406 3.0951640605926514 1.0
    vertex 5.679420471191406 3.0951640605926514 0.0
  endloop
endfacet
facet normal 0.0 0.0 0.0
  outer loop
    vertex 5.679420471191406 3.0951640605926514 0.0
    vertex 5.679420471191406 3.0951640605926514 1.0
    vertex 5.370030403137207 2.73616099357605 1.0
  endloop
endfacet
facet normal 0.0 0.0 0.0
  outer loop
    vertex 5.679420471191406 3.0951640605926514 0.0
    vertex 5.370030403137207 2.73616099357605 1.0
    vertex 5.370030403137207 2.73616099357605 0.0
  endloop
endfacet
facet normal 0.0 0.0 0.0
  outer loop
    vertex 5.370030403137207 2.73616099357605 0.0
    vertex 5.370030403137207 2.73616099357605 1.0
    vertex 5.020350456237793 2.4162700176239014 1.0
  endloop
endfacet
facet normal 0.0 0.0 0.0
  outer loop
    vertex 5.370030403137207 2.73616099357605 0.0
    vertex 5.020350456237793 2.4162700176239014 1.0
    vertex 5.020350456237793 2.4162700176239014 0.0
  endloop
endfacet
facet normal 0.0 0.0 0.0
  outer loop
    vertex 5.020350456237793 2.4162700176239014 0.0
    vertex 5.020350456237793 2.4162700176239014 1.0
    vertex 4.635290145874023 2.1399810314178467 1.0
  endloop
endfacet
facet normal 0.0 0.0 0.0
  outer loop
    vertex 5.020350456237793 2.4162700176239014 0.0
    vertex 4.635290145874023 2.1399810314178467 1.0
    vertex 4.635290145874023 2.1399810314178467 0.0
  endloop
endfacet
facet normal 0.0 0.0 0.0
  outer loop
    vertex 4.635290145874023 2.1399810314178467 0.0
    vertex 4.635290145874023 2.1399810314178467 1.0
    vertex 4.220259666442871 1.9111740589141846 1.0
  endloop
endfacet
facet normal 0.0 0.0 0.0
  outer loop
    vertex 4.635290145874023 2.1399810314178467 0.0
    vertex 4.220259666442871 1.9111740589141846 1.0
    vertex 4.220259666442871 1.9111740589141846 0.0
  endloop
endfacet
facet normal 0.0 0.0 0.0
  outer loop
    vertex 4.220259666442871 1.9111740589141846 0.0
    vertex 4.220259666442871 1.9111740589141846 1.0
    vertex 3.7810802459716797 1.7330601215362549 1.0
  endloop
endfacet
facet normal 0.0 0.0 0.0
  outer loop
    vertex 4.220259666442871 1.9111740589141846 0.0
    vertex 3.7810802459716797 1.7330601215362549 1.0
    vertex 3.7810802459716797 1.7330601215362549 0.0
  endloop
endfacet
facet normal 0.0 0.0 0.0
  outer loop
    vertex 3.7810802459716797 1.7330601215362549 0.0
    vertex 3.7810802459716797 1.7330601215362549 1.0
    vertex 3.3239097595214844 1.6081390380859375 1.0
  endloop
endfacet
facet normal 0.0 0.0 0.0
  outer loop
    vertex 3.7810802459716797 1.7330601215362549 0.0
    vertex 3.3239097595214844 1.6081390380859375 1.0
    vertex 3.3239097595214844 1.6081390380859375 0.0
  endloop
endfacet
facet normal 0.0 0.0 0.0
  outer loop
    vertex 3.3239097595214844 1.6081390380859375 0.0
    vertex 3.3239097595214844 1.6081390380859375 1.0
    vertex 2.855179786682129 1.5381660461425781 1.0
  endloop
endfacet
facet normal 0.0 0.0 0.0
  outer loop
    vertex 3.3239097595214844 1.6081390380859375 0.0
    vertex 2.855179786682129 1.5381660461425781 1.0
    vertex 2.855179786682129 1.5381660461425781 0.0
  endloop
endfacet
facet normal 0.0 0.0 0.0
  outer loop
    vertex 2.855179786682129 1.5381660461425781 0.0
    vertex 2.855179786682129 1.5381660461425781 1.0
    vertex 2.3814697265625 1.5241219997406006 1.0
  endloop
endfacet
facet normal 0.0 0.0 0.0
  outer loop
    vertex 2.855179786682129 1.5381660461425781 0.0
    vertex 2.3814697265625 1.5241219997406006 1.0
    vertex 2.3814697265625 1.5241219997406006 0.0
  endloop
endfacet
facet normal 0.0 0.0 0.0
  outer loop
    vertex 2.3814697265625 1.5241219997406006 0.0
    vertex 2.3814697265625 1.5241219997406006 1.0
    vertex 1.9094104766845703 1.5662040710449219 1.0
  endloop
endfacet
facet normal 0.0 0.0 0.0
  outer loop
    vertex 2.3814697265625 1.5241219997406006 0.0
    vertex 1.9094104766845703 1.5662040710449219 1.0
    vertex 1.9094104766845703 1.5662040710449219 0.0
  endloop
endfacet
facet normal 0.0 0.0 0.0
  outer loop
    vertex 1.9094104766845703 1.5662040710449219 0.0
    vertex 1.9094104766845703 1.5662040710449219 1.0
    vertex 1.4456510543823242 1.663823127746582 1.0
  endloop
endfacet
facet normal 0.0 0.0 0.0
  outer loop
    vertex 1.9094104766845703 1.5662040710449219 0.0
    vertex 1.4456510543823242 1.663823127746582 1.0
    vertex 1.4456510543823242 1.663823127746582 0.0
  endloop
endfacet
facet normal 0.0 0.0 0.0
  outer loop
    vertex 1.4456510543823242 1.663823127746582 0.0
    vertex 1.4456510543823242 1.663823127746582 1.0
    vertex 0.9966897964477539 1.8156070709228516 1.0
  endloop
endfacet
facet normal 0.0 0.0 0.0
  outer loop
    vertex 1.4456510543823242 1.663823127746582 0.0
    vertex 0.9966897964477539 1.8156070709228516 1.0
    vertex 0.9966897964477539 1.8156070709228516 0.0
  endloop
endfacet
facet normal 0.0 0.0 0.0
  outer loop
    vertex 0.9966897964477539 1.8156070709228516 0.0
    vertex 0.9966897964477539 1.8156070709228516 1.0
    vertex 0.5688314437866211 2.0194251537323 1.0
  endloop
endfacet
facet normal 0.0 0.0 0.0
  outer loop
    vertex 0.9966897964477539 1.8156070709228516 0.0
    vertex 0.5688314437866211 2.0194251537323 1.0
    vertex 0.5688314437866211 2.0194251537323 0.0
  endloop
endfacet
facet normal 0.0 0.0 0.0
  outer loop
    vertex 0.5688314437866211 2.0194251537323 0.0
    vertex 0.5688314437866211 2.0194251537323 1.0
    vertex 0.16808223724365234 2.2724170684814453 1.0
  endloop
endfacet
facet normal 0.0 0.0 0.0
  outer loop
    vertex 0.5688314437866211 2.0194251537323 0.0
    vertex 0.16808223724365234 2.2724170684814453 1.0
    vertex 0.16808223724365234 2.2724170684814453 0.0
  endloop
endfacet
facet normal 0.0 0.0 0.0
  outer loop
    vertex 0.16808223724365234 2.2724170684814453 0.0
    vertex 0.16808223724365234 2.2724170684814453 1.0
    vertex -0.19993209838867188 2.5710320472717285 1.0
  endloop
endfacet
facet normal 0.0 0.0 0.0
  outer loop
    vertex 0.16808223724365234 2.2724170684814453 0.0
    vertex -0.19993209838867188 2.5710320472717285 1.0
    vertex -0.19993209838867188 2.5710320472717285 0.0
  endloop
endfacet
facet normal 0.0 0.0 0.0
  outer loop
    vertex -0.19993209838867188 2.5710320472717285 0.0
    vertex -0.19993209838867188 2.5710320472717285 1.0
    vertex -0.5300450325012207 2.9110770225524902 1.0
  endloop
endfacet
facet normal 0.0 0.0 0.0
  outer loop
    vertex -0.19993209838867188 2.5710320472717285 0.0
    vertex -0.5300450325012207 2.9110770225524902 1.0
    vertex -0.5300450325012207 2.9110770225524902 0.0
  endloop
endfacet
facet normal 0.0 0.0 0.0
  outer loop
    vertex -0.5300450325012207 2.9110770225524902 0.0
    vertex -0.5300450325012207 2.9110770225524902 1.0
    vertex -0.8176231384277344 3.28777813911438 1.0
  endloop
endfacet
facet normal 0.0 0.0 0.0
  outer loop
    vertex -0.5300450325012207 2.9110770225524902 0.0
    vertex -0.8176231384277344 3.28777813911438 1.0
    vertex -0.8176231384277344 3.28777813911438 0.0
  endloop
endfacet
facet normal 0.0 0.0 0.0
  outer loop
    vertex -0.8176231384277344 3.28777813911438 0.0
    vertex -0.8176231384277344 3.28777813911438 1.0
    vertex -1.0586280822753906 3.695847988128662 1.0
  endloop
endfacet
facet normal 0.0 0.0 0.0
  outer loop
    vertex -0.8176231384277344 3.28777813911438 0.0
    vertex -1.0586280822753906 3.695847988128662 1.0
    vertex -1.0586280822753906 3.695847988128662 0.0
  endloop
endfacet
facet normal 0.0 0.0 0.0
  outer loop
    vertex -1.0586280822753906 3.695847988128662 0.0
    vertex -1.0586280822753906 3.695847988128662 1.0
    vertex -1.2496790885925293 4.129558086395264 1.0
  endloop
endfacet
facet normal 0.0 0.0 0.0
  outer loop
    vertex -1.0586280822753906 3.695847988128662 0.0
    vertex -1.2496790885925293 4.129558086395264 1.0
    vertex -1.2496790885925293 4.129558086395264 0.0
  endloop
endfacet
facet normal 0.0 0.0 0.0
  outer loop
    vertex -1.2496790885925293 4.129558086395264 0.0
    vertex -1.2496790885925293 4.129558086395264 1.0
    vertex -1.388092041015625 4.582820892333984 1.0
  endloop
endfacet
facet normal 0.0 0.0 0.0
  outer loop
    vertex -1.2496790885925293 4.129558086395264 0.0
    vertex -1.388092041015625 4.582820892333984 1.0
    vertex -1.388092041015625 4.582820892333984 0.0
  endloop
endfacet
facet normal 0.0 0.0 0.0
  outer loop
    vertex -1.388092041015625 4.582820892333984 0.0
    vertex -1.388092041015625 4.582820892333984 1.0
    vertex -1.471923828125 5.049272537231445 1.0
  endloop
endfacet
facet normal 0.0 0.0 0.0
  outer loop
    vertex 0.7781229019165039 5.834839820861816 1.0
    vertex -1.471923828125 5.995457649230957 1.0
    vertex 0.75 5.522365093231201 1.0
  endloop
endfacet
facet normal 0.0 0.0 0.0
  outer loop
    vertex 0.75 5.522365093231201 1.0
    vertex -1.471923828125 5.995457649230957 1.0
    vertex -1.5 5.522365093231201 1.0
  endloop
endfacet
facet normal 0.0 0.0 0.0
  outer loop
    vertex 0.75 5.522365093231201 1.0
    vertex -1.5 5.522365093231201 1.0
    vertex -1.471923828125 5.049272537231445 1.0
  endloop
endfacet
facet normal 0.0 0.0 0.0
  outer loop
    vertex -1.471923828125 5.995457649230957 1.0
    vertex 0.7781229019165039 5.834839820861816 1.0
    vertex -1.388092041015625 6.461909294128418 1.0
  endloop
endfacet
facet normal 0.0 0.0 0.0
  outer loop
    vertex -1.388092041015625 6.461909294128418 1.0
    vertex 0.7781229019165039 5.834839820861816 1.0
    vertex 0.8615894317626953 6.137270927429199 1.0
  endloop
endfacet
facet normal 0.0 0.0 0.0
  outer loop
    vertex -1.388092041015625 6.461909294128418 1.0
    vertex 0.8615894317626953 6.137270927429199 1.0
    vertex -1.2496790885925293 6.915172100067139 1.0
  endloop
endfacet
facet normal 0.0 0.0 0.0
  outer loop
    vertex -1.2496790885925293 6.915172100067139 1.0
    vertex 0.8615894317626953 6.137270927429199 1.0
    vertex -1.0586280822753906 7.34888219833374 1.0
  endloop
endfacet
facet normal 0.0 0.0 0.0
  outer loop
    vertex -1.0586280822753906 7.34888219833374 1.0
    vertex 0.8615894317626953 6.137270927429199 1.0
    vertex 0.9977149963378906 6.419939041137695 1.0
  endloop
endfacet
facet normal 0.0 0.0 0.0
  outer loop
    vertex -1.0586280822753906 7.34888219833374 1.0
    vertex 0.9977149963378906 6.419939041137695 1.0
    vertex -0.8176231384277344 7.756952285766602 1.0
  endloop
endfacet
facet normal 0.0 0.0 0.0
  outer loop
    vertex -0.8176231384277344 7.756952285766602 1.0
    vertex 0.9977149963378906 6.419939041137695 1.0
    vertex 1.1821250915527344 6.673758029937744 1.0
  endloop
endfacet
facet normal 0.0 0.0 0.0
  outer loop
    vertex -0.8176231384277344 7.756952285766602 1.0
    vertex 1.1821250915527344 6.673758029937744 1.0
    vertex -0.5300450325012207 8.13365364074707 1.0
  endloop
endfacet
facet normal 0.0 0.0 0.0
  outer loop
    vertex -0.5300450325012207 8.13365364074707 1.0
    vertex 1.1821250915527344 6.673758029937744 1.0
    vertex -0.19993209838867188 8.473697662353516 1.0
  endloop
endfacet
facet normal 0.0 0.0 0.0
  outer loop
    vertex -0.19993209838867188 8.473697662353516 1.0
    vertex 1.1821250915527344 6.673758029937744 1.0
    vertex 1.4088926315307617 6.890570163726807 1.0
  endloop
endfacet
facet normal 0.0 0.0 0.0
  outer loop
    vertex -0.19993209838867188 8.473697662353516 1.0
    vertex 1.4088926315307617 6.890570163726807 1.0
    vertex 0.16808223724365234 8.772313117980957 1.0
  endloop
endfacet
facet normal 0.0 0.0 0.0
  outer loop
    vertex 0.16808223724365234 8.772313117980957 1.0
    vertex 1.4088926315307617 6.890570163726807 1.0
    vertex 1.670729637145996 7.063406944274902 1.0
  endloop
endfacet
facet normal 0.0 0.0 0.0
  outer loop
    vertex 0.16808223724365234 8.772313117980957 1.0
    vertex 1.670729637145996 7.063406944274902 1.0
    vertex 0.5688314437866211 9.025304794311523 1.0
  endloop
endfacet
facet normal 0.0 0.0 0.0
  outer loop
    vertex 0.5688314437866211 9.025304794311523 1.0
    vertex 1.670729637145996 7.063406944274902 1.0
    vertex 0.9966897964477539 9.22912311553955 1.0
  endloop
endfacet
facet normal 0.0 0.0 0.0
  outer loop
    vertex 0.9966897964477539 9.22912311553955 1.0
    vertex 1.670729637145996 7.063406944274902 1.0
    vertex 1.9592199325561523 7.186714172363281 1.0
  endloop
endfacet
facet normal 0.0 0.0 0.0
  outer loop
    vertex 0.9966897964477539 9.22912311553955 1.0
    vertex 1.9592199325561523 7.186714172363281 1.0
    vertex 1.4456510543823242 9.38090705871582 1.0
  endloop
endfacet
facet normal 0.0 0.0 0.0
  outer loop
    vertex 1.4456510543823242 9.38090705871582 1.0
    vertex 1.9592199325561523 7.186714172363281 1.0
    vertex 2.265089988708496 7.256526947021484 1.0
  endloop
endfacet
facet normal 0.0 0.0 0.0
  outer loop
    vertex 1.4456510543823242 9.38090705871582 1.0
    vertex 2.265089988708496 7.256526947021484 1.0
    vertex 1.9094104766845703 9.47852611541748 1.0
  endloop
endfacet
facet normal 0.0 0.0 0.0
  outer loop
    vertex 1.9094104766845703 9.47852611541748 1.0
    vertex 2.265089988708496 7.256526947021484 1.0
    vertex 2.3814697265625 9.520607948303223 1.0
  endloop
endfacet
facet normal 0.0 0.0 0.0
  outer loop
    vertex 2.3814697265625 9.520607948303223 1.0
    vertex 2.265089988708496 7.256526947021484 1.0
    vertex 2.578510284423828 7.270603179931641 1.0
  endloop
endfacet
facet normal 0.0 0.0 0.0
  outer loop
    vertex 2.3814697265625 9.520607948303223 1.0
    vertex 2.578510284423828 7.270603179931641 1.0
    vertex 2.855179786682129 9.506564140319824 1.0
  endloop
endfacet
facet normal 0.0 0.0 0.0
  outer loop
    vertex 2.855179786682129 9.506564140319824 1.0
    vertex 2.578510284423828 7.270603179931641 1.0
    vertex 2.8894100189208984 7.228488922119141 1.0
  endloop
endfacet
facet normal 0.0 0.0 0.0
  outer loop
    vertex 2.855179786682129 9.506564140319824 1.0
    vertex 2.8894100189208984 7.228488922119141 1.0
    vertex 3.3239097595214844 9.436591148376465 1.0
  endloop
endfacet
facet normal 0.0 0.0 0.0
  outer loop
    vertex 3.3239097595214844 9.436591148376465 1.0
    vertex 2.8894100189208984 7.228488922119141 1.0
    vertex 3.7810802459716797 9.311670303344727 1.0
  endloop
endfacet
facet normal 0.0 0.0 0.0
  outer loop
    vertex 3.7810802459716797 9.311670303344727 1.0
    vertex 2.8894100189208984 7.228488922119141 1.0
    vertex 3.1877899169921875 7.131539344787598 1.0
  endloop
endfacet
facet normal 0.0 0.0 0.0
  outer loop
    vertex 3.7810802459716797 9.311670303344727 1.0
    vertex 3.1877899169921875 7.131539344787598 1.0
    vertex 4.220259666442871 9.133556365966797 1.0
  endloop
endfacet
facet normal 0.0 0.0 0.0
  outer loop
    vertex 4.220259666442871 9.133556365966797 1.0
    vertex 3.1877899169921875 7.131539344787598 1.0
    vertex 3.4640703201293945 6.982868194580078 1.0
  endloop
endfacet
facet normal 0.0 0.0 0.0
  outer loop
    vertex 4.220259666442871 9.133556365966797 1.0
    vertex 3.4640703201293945 6.982868194580078 1.0
    vertex 4.635290145874023 8.904748916625977 1.0
  endloop
endfacet
facet normal 0.0 0.0 0.0
  outer loop
    vertex 4.635290145874023 8.904748916625977 1.0
    vertex 3.4640703201293945 6.982868194580078 1.0
    vertex 5.020350456237793 8.628459930419922 1.0
  endloop
endfacet
facet normal 0.0 0.0 0.0
  outer loop
    vertex 5.020350456237793 8.628459930419922 1.0
    vertex 3.4640703201293945 6.982868194580078 1.0
    vertex 3.709360122680664 6.787256240844727 1.0
  endloop
endfacet
facet normal 0.0 0.0 0.0
  outer loop
    vertex 5.020350456237793 8.628459930419922 1.0
    vertex 3.709360122680664 6.787256240844727 1.0
    vertex 5.370030403137207 8.308568954467773 1.0
  endloop
endfacet
facet normal 0.0 0.0 0.0
  outer loop
    vertex 5.370030403137207 8.308568954467773 1.0
    vertex 3.709360122680664 6.787256240844727 1.0
    vertex 3.9157800674438477 6.550989151000977 1.0
  endloop
endfacet
facet normal 0.0 0.0 0.0
  outer loop
    vertex 5.370030403137207 8.308568954467773 1.0
    vertex 3.9157800674438477 6.550989151000977 1.0
    vertex 5.679420471191406 7.949565887451172 1.0
  endloop
endfacet
facet normal 0.0 0.0 0.0
  outer loop
    vertex 5.679420471191406 7.949565887451172 1.0
    vertex 3.9157800674438477 6.550989151000977 1.0
    vertex 5.944169998168945 7.556488990783691 1.0
  endloop
endfacet
facet normal 0.0 0.0 0.0
  outer loop
    vertex 5.944169998168945 7.556488990783691 1.0
    vertex 3.9157800674438477 6.550989151000977 1.0
    vertex 4.076700210571289 6.281661510467529 1.0
  endloop
endfacet
facet normal 0.0 0.0 0.0
  outer loop
    vertex 5.944169998168945 7.556488990783691 1.0
    vertex 4.076700210571289 6.281661510467529 1.0
    vertex 6.160579681396484 7.134859085083008 1.0
  endloop
endfacet
facet normal 0.0 0.0 0.0
  outer loop
    vertex 6.160579681396484 7.134859085083008 1.0
    vertex 4.076700210571289 6.281661510467529 1.0
    vertex 4.1869401931762695 5.987929344177246 1.0
  endloop
endfacet
facet normal 0.0 0.0 0.0
  outer loop
    vertex 6.160579681396484 7.134859085083008 1.0
    vertex 4.1869401931762695 5.987929344177246 1.0
    vertex 6.325599670410156 6.690591812133789 1.0
  endloop
endfacet
facet normal 0.0 0.0 0.0
  outer loop
    vertex 6.325599670410156 6.690591812133789 1.0
    vertex 4.1869401931762695 5.987929344177246 1.0
    vertex 6.436920166015625 6.229926109313965 1.0
  endloop
endfacet
facet normal 0.0 0.0 0.0
  outer loop
    vertex 6.436920166015625 6.229926109313965 1.0
    vertex 4.1869401931762695 5.987929344177246 1.0
    vertex 4.242959976196289 5.679234027862549 1.0
  endloop
endfacet
facet normal 0.0 0.0 0.0
  outer loop
    vertex 6.436920166015625 6.229926109313965 1.0
    vertex 4.242959976196289 5.679234027862549 1.0
    vertex 6.4929704666137695 5.759327411651611 1.0
  endloop
endfacet
facet normal 0.0 0.0 0.0
  outer loop
    vertex 6.4929704666137695 5.759327411651611 1.0
    vertex 4.242959976196289 5.679234027862549 1.0
    vertex 6.4929704666137695 5.285402774810791 1.0
  endloop
endfacet
facet normal 0.0 0.0 0.0
  outer loop
    vertex 6.4929704666137695 5.285402774810791 1.0
    vertex 4.242959976196289 5.679234027862549 1.0
    vertex 4.242959976196289 5.3654961585998535 1.0
  endloop
endfacet
facet normal 0.0 0.0 0.0
  outer loop
    vertex 6.4929704666137695 5.285402774810791 1.0
    vertex 4.242959976196289 5.3654961585998535 1.0
    vertex 6.436920166015625 4.8148040771484375 1.0
  endloop
endfacet
facet normal 0.0 0.0 0.0
  outer loop
    vertex 6.436920166015625 4.8148040771484375 1.0
    vertex 4.242959976196289 5.3654961585998535 1.0
    vertex 4.1869401931762695 5.056800842285156 1.0
  endloop
endfacet
facet normal 0.0 0.0 0.0
  outer loop
    vertex 6.436920166015625 4.8148040771484375 1.0
    vertex 4.1869401931762695 5.056800842285156 1.0
    vertex 6.325599670410156 4.354138374328613 1.0
  endloop
endfacet
facet normal 0.0 0.0 0.0
  outer loop
    vertex 6.325599670410156 4.354138374328613 1.0
    vertex 4.1869401931762695 5.056800842285156 1.0
    vertex 6.160579681396484 3.9098711013793945 1.0
  endloop
endfacet
facet normal 0.0 0.0 0.0
  outer loop
    vertex 6.160579681396484 3.9098711013793945 1.0
    vertex 4.1869401931762695 5.056800842285156 1.0
    vertex 4.076700210571289 4.763068675994873 1.0
  endloop
endfacet
facet normal 0.0 0.0 0.0
  outer loop
    vertex 6.160579681396484 3.9098711013793945 1.0
    vertex 4.076700210571289 4.763068675994873 1.0
    vertex 5.944169998168945 3.488241195678711 1.0
  endloop
endfacet
facet normal 0.0 0.0 0.0
  outer loop
    vertex 5.944169998168945 3.488241195678711 1.0
    vertex 4.076700210571289 4.763068675994873 1.0
    vertex 3.9157800674438477 4.493741035461426 1.0
  endloop
endfacet
facet normal 0.0 0.0 0.0
  outer loop
    vertex 5.944169998168945 3.488241195678711 1.0
    vertex 3.9157800674438477 4.493741035461426 1.0
    vertex 5.679420471191406 3.0951640605926514 1.0
  endloop
endfacet
facet normal 0.0 0.0 0.0
  outer loop
    vertex 5.679420471191406 3.0951640605926514 1.0
    vertex 3.9157800674438477 4.493741035461426 1.0
    vertex 5.370030403137207 2.73616099357605 1.0
  endloop
endfacet
facet normal 0.0 0.0 0.0
  outer loop
    vertex 5.370030403137207 2.73616099357605 1.0
    vertex 3.9157800674438477 4.493741035461426 1.0
    vertex 3.709360122680664 4.257473945617676 1.0
  endloop
endfacet
facet normal 0.0 0.0 0.0
  outer loop
    vertex 5.370030403137207 2.73616099357605 1.0
    vertex 3.709360122680664 4.257473945617676 1.0
    vertex 5.020350456237793 2.4162700176239014 1.0
  endloop
endfacet
facet normal 0.0 0.0 0.0
  outer loop
    vertex 5.020350456237793 2.4162700176239014 1.0
    vertex 3.709360122680664 4.257473945617676 1.0
    vertex 3.4640703201293945 4.061861991882324 1.0
  endloop
endfacet
facet normal 0.0 0.0 0.0
  outer loop
    vertex 5.020350456237793 2.4162700176239014 1.0
    vertex 3.4640703201293945 4.061861991882324 1.0
    vertex 4.635290145874023 2.1399810314178467 1.0
  endloop
endfacet
facet normal 0.0 0.0 0.0
  outer loop
    vertex 4.635290145874023 2.1399810314178467 1.0
    vertex 3.4640703201293945 4.061861991882324 1.0
    vertex 4.220259666442871 1.9111740589141846 1.0
  endloop
endfacet
facet normal 0.0 0.0 0.0
  outer loop
    vertex 4.220259666442871 1.9111740589141846 1.0
    vertex 3.4640703201293945 4.061861991882324 1.0
    vertex 3.1877899169921875 3.913191080093384 1.0
  endloop
endfacet
facet normal 0.0 0.0 0.0
  outer loop
    vertex 4.220259666442871 1.9111740589141846 1.0
    vertex 3.1877899169921875 3.913191080093384 1.0
    vertex 3.7810802459716797 1.7330601215362549 1.0
  endloop
endfacet
facet normal 0.0 0.0 0.0
  outer loop
    vertex 3.7810802459716797 1.7330601215362549 1.0
    vertex 3.1877899169921875 3.913191080093384 1.0
    vertex 2.8894100189208984 3.8162412643432617 1.0
  endloop
endfacet
facet normal 0.0 0.0 0.0
  outer loop
    vertex 3.7810802459716797 1.7330601215362549 1.0
    vertex 2.8894100189208984 3.8162412643432617 1.0
    vertex 3.3239097595214844 1.6081390380859375 1.0
  endloop
endfacet
facet normal 0.0 0.0 0.0
  outer loop
    vertex 3.3239097595214844 1.6081390380859375 1.0
    vertex 2.8894100189208984 3.8162412643432617 1.0
    vertex 2.855179786682129 1.5381660461425781 1.0
  endloop
endfacet
facet normal 0.0 0.0 0.0
  outer loop
    vertex 2.855179786682129 1.5381660461425781 1.0
    vertex 2.8894100189208984 3.8162412643432617 1.0
    vertex 2.578510284423828 3.7741270065307617 1.0
  endloop
endfacet
facet normal 0.0 0.0 0.0
  outer loop
    vertex 2.855179786682129 1.5381660461425781 1.0
    vertex 2.578510284423828 3.7741270065307617 1.0
    vertex 2.3814697265625 1.5241219997406006 1.0
  endloop
endfacet
facet normal 0.0 0.0 0.0
  outer loop
    vertex 2.3814697265625 1.5241219997406006 1.0
    vertex 2.578510284423828 3.7741270065307617 1.0
    vertex 2.265089988708496 3.788203239440918 1.0
  endloop
endfacet
facet normal 0.0 0.0 0.0
  outer loop
    vertex 2.3814697265625 1.5241219997406006 1.0
    vertex 2.265089988708496 3.788203239440918 1.0
    vertex 1.9094104766845703 1.5662040710449219 1.0
  endloop
endfacet
facet normal 0.0 0.0 0.0
  outer loop
    vertex 1.9094104766845703 1.5662040710449219 1.0
    vertex 2.265089988708496 3.788203239440918 1.0
    vertex 1.4456510543823242 1.663823127746582 1.0
  endloop
endfacet
facet normal 0.0 0.0 0.0
  outer loop
    vertex 1.4456510543823242 1.663823127746582 1.0
    vertex 2.265089988708496 3.788203239440918 1.0
    vertex 1.9592199325561523 3.858016014099121 1.0
  endloop
endfacet
facet normal 0.0 0.0 0.0
  outer loop
    vertex 1.4456510543823242 1.663823127746582 1.0
    vertex 1.9592199325561523 3.858016014099121 1.0
    vertex 0.9966897964477539 1.8156070709228516 1.0
  endloop
endfacet
facet normal 0.0 0.0 0.0
  outer loop
    vertex 0.9966897964477539 1.8156070709228516 1.0
    vertex 1.9592199325561523 3.858016014099121 1.0
    vertex 1.670729637145996 3.9813232421875 1.0
  endloop
endfacet
facet normal 0.0 0.0 0.0
  outer loop
    vertex 0.9966897964477539 1.8156070709228516 1.0
    vertex 1.670729637145996 3.9813232421875 1.0
    vertex 0.5688314437866211 2.0194251537323 1.0
  endloop
endfacet
facet normal 0.0 0.0 0.0
  outer loop
    vertex 0.5688314437866211 2.0194251537323 1.0
    vertex 1.670729637145996 3.9813232421875 1.0
    vertex 0.16808223724365234 2.2724170684814453 1.0
  endloop
endfacet
facet normal 0.0 0.0 0.0
  outer loop
    vertex 0.16808223724365234 2.2724170684814453 1.0
    vertex 1.670729637145996 3.9813232421875 1.0
    vertex 1.4088926315307617 4.154160022735596 1.0
  endloop
endfacet
facet normal 0.0 0.0 0.0
  outer loop
    vertex 0.16808223724365234 2.2724170684814453 1.0
    vertex 1.4088926315307617 4.154160022735596 1.0
    vertex -0.19993209838867188 2.5710320472717285 1.0
  endloop
endfacet
facet normal 0.0 0.0 0.0
  outer loop
    vertex -0.19993209838867188 2.5710320472717285 1.0
    vertex 1.4088926315307617 4.154160022735596 1.0
    vertex 1.1821250915527344 4.370972156524658 1.0
  endloop
endfacet
facet normal 0.0 0.0 0.0
  outer loop
    vertex -0.19993209838867188 2.5710320472717285 1.0
    vertex 1.1821250915527344 4.370972156524658 1.0
    vertex -0.5300450325012207 2.9110770225524902 1.0
  endloop
endfacet
facet normal 0.0 0.0 0.0
  outer loop
    vertex -0.5300450325012207 2.9110770225524902 1.0
    vertex 1.1821250915527344 4.370972156524658 1.0
    vertex -0.8176231384277344 3.28777813911438 1.0
  endloop
endfacet
facet normal 0.0 0.0 0.0
  outer loop
    vertex -0.8176231384277344 3.28777813911438 1.0
    vertex 1.1821250915527344 4.370972156524658 1.0
    vertex 0.9977149963378906 4.624791145324707 1.0
  endloop
endfacet
facet normal 0.0 0.0 0.0
  outer loop
    vertex -0.8176231384277344 3.28777813911438 1.0
    vertex 0.9977149963378906 4.624791145324707 1.0
    vertex -1.0586280822753906 3.695847988128662 1.0
  endloop
endfacet
facet normal 0.0 0.0 0.0
  outer loop
    vertex -1.0586280822753906 3.695847988128662 1.0
    vertex 0.9977149963378906 4.624791145324707 1.0
    vertex 0.8615894317626953 4.907459259033203 1.0
  endloop
endfacet
facet normal 0.0 0.0 0.0
  outer loop
    vertex -1.0586280822753906 3.695847988128662 1.0
    vertex 0.8615894317626953 4.907459259033203 1.0
    vertex -1.2496790885925293 4.129558086395264 1.0
  endloop
endfacet
facet normal 0.0 0.0 0.0
  outer loop
    vertex -1.2496790885925293 4.129558086395264 1.0
    vertex 0.8615894317626953 4.907459259033203 1.0
    vertex -1.388092041015625 4.582820892333984 1.0
  endloop
endfacet
facet normal 0.0 0.0 0.0
  outer loop
    vertex -1.388092041015625 4.582820892333984 1.0
    vertex 0.8615894317626953 4.907459259033203 1.0
    vertex 0.7781229019165039 5.209890365600586 1.0
  endloop
endfacet
facet normal 0.0 0.0 0.0
  outer loop
    vertex -1.388092041015625 4.582820892333984 1.0
    vertex 0.7781229019165039 5.209890365600586 1.0
    vertex -1.471923828125 5.049272537231445 1.0
  endloop
endfacet
facet normal 0.0 0.0 0.0
  outer loop
    vertex -1.471923828125 5.049272537231445 1.0
    vertex 0.7781229019165039 5.209890365600586 1.0
    vertex 0.75 5.522365093231201 1.0
  endloop
endfacet
facet normal 0.0 0.0 0.0
  outer loop
    vertex 1.3671197891235352 5.272999286651611 2.1500000953674316
    vertex 1.3671197891235352 5.272999286651611 0.0
    vertex 1.3400001525878906 5.522365093231201 2.1500000953674316
  endloop
endfacet
facet normal 0.0 0.0 0.0
  outer loop
    vertex 1.3400001525878906 5.522365093231201 2.1500000953674316
    vertex 1.3671197891235352 5.272999286651611 0.0
    vertex 1.3400001525878906 5.522365093231201 0.0
  endloop
endfacet
facet normal 0.0 0.0 0.0
  outer loop
    vertex 1.3400001525878906 5.522365093231201 2.1500000953674316
    vertex 1.3400001525878906 5.522365093231201 0.0
    vertex 1.3671197891235352 5.771730899810791 2.1500000953674316
  endloop
endfacet
facet normal 0.0 0.0 0.0
  outer loop
    vertex 1.3671197891235352 5.771730899810791 2.1500000953674316
    vertex 1.3400001525878906 5.522365093231201 0.0
    vertex 1.3671197891235352 5.771730899810791 0.0
  endloop
endfacet
facet normal 0.0 0.0 0.0
  outer loop
    vertex 1.3671197891235352 5.771730899810791 2.1500000953674316
    vertex 1.3671197891235352 5.771730899810791 0.0
    vertex 1.4472131729125977 6.00943660736084 0.0
  endloop
endfacet
facet normal 0.0 0.0 0.0
  outer loop
    vertex 1.3671197891235352 5.272999286651611 2.1500000953674316
    vertex 1.4472131729125977 5.0352935791015625 2.1500000953674316
    vertex 1.3671197891235352 5.272999286651611 0.0
  endloop
endfacet
facet normal 0.0 0.0 0.0
  outer loop
    vertex 1.3671197891235352 5.272999286651611 0.0
    vertex 1.4472131729125977 5.0352935791015625 2.1500000953674316
    vertex 1.4472131729125977 5.0352935791015625 0.0
  endloop
endfacet
facet normal 0.0 0.0 0.0
  outer loop
    vertex 1.4472131729125977 5.0352935791015625 0.0
    vertex 1.4472131729125977 5.0352935791015625 2.1500000953674316
    vertex 1.5765304565429688 4.8203630447387695 2.1500000953674316
  endloop
endfacet
facet normal 0.0 0.0 0.0
  outer loop
    vertex 1.4472131729125977 5.0352935791015625 0.0
    vertex 1.5765304565429688 4.8203630447387695 2.1500000953674316
    vertex 1.5765304565429688 4.8203630447387695 0.0
  endloop
endfacet
facet normal 0.0 0.0 0.0
  outer loop
    vertex 1.5765304565429688 4.8203630447387695 0.0
    vertex 1.5765304565429688 4.8203630447387695 2.1500000953674316
    vertex 1.7490301132202148 4.638257026672363 2.1500000953674316
  endloop
endfacet
facet normal 0.0 0.0 0.0
  outer loop
    vertex 1.5765304565429688 4.8203630447387695 0.0
    vertex 1.7490301132202148 4.638257026672363 2.1500000953674316
    vertex 1.7490301132202148 4.638257026672363 0.0
  endloop
endfacet
facet normal 0.0 0.0 0.0
  outer loop
    vertex 1.7490301132202148 4.638257026672363 0.0
    vertex 1.7490301132202148 4.638257026672363 2.1500000953674316
    vertex 1.9566497802734375 4.497490882873535 2.1500000953674316
  endloop
endfacet
facet normal 0.0 0.0 0.0
  outer loop
    vertex 1.7490301132202148 4.638257026672363 0.0
    vertex 1.9566497802734375 4.497490882873535 2.1500000953674316
    vertex 1.9566497802734375 4.497490882873535 0.0
  endloop
endfacet
facet normal 0.0 0.0 0.0
  outer loop
    vertex 1.9566497802734375 4.497490882873535 0.0
    vertex 1.9566497802734375 4.497490882873535 2.1500000953674316
    vertex 2.189669609069824 4.404646873474121 2.1500000953674316
  endloop
endfacet
facet normal 0.0 0.0 0.0
  outer loop
    vertex 1.9566497802734375 4.497490882873535 0.0
    vertex 2.189669609069824 4.404646873474121 2.1500000953674316
    vertex 2.189669609069824 4.404646873474121 0.0
  endloop
endfacet
facet normal 0.0 0.0 0.0
  outer loop
    vertex 2.189669609069824 4.404646873474121 0.0
    vertex 2.189669609069824 4.404646873474121 2.1500000953674316
    vertex 2.437199592590332 4.364066123962402 2.1500000953674316
  endloop
endfacet
facet normal 0.0 0.0 0.0
  outer loop
    vertex 2.189669609069824 4.404646873474121 0.0
    vertex 2.437199592590332 4.364066123962402 2.1500000953674316
    vertex 2.437199592590332 4.364066123962402 0.0
  endloop
endfacet
facet normal 0.0 0.0 0.0
  outer loop
    vertex 2.437199592590332 4.364066123962402 0.0
    vertex 2.437199592590332 4.364066123962402 2.1500000953674316
    vertex 2.6876697540283203 4.377645969390869 2.1500000953674316
  endloop
endfacet
facet normal 0.0 0.0 0.0
  outer loop
    vertex 2.437199592590332 4.364066123962402 0.0
    vertex 2.6876697540283203 4.377645969390869 2.1500000953674316
    vertex 2.6876697540283203 4.377645969390869 0.0
  endloop
endfacet
facet normal 0.0 0.0 0.0
  outer loop
    vertex 2.6876697540283203 4.377645969390869 0.0
    vertex 2.6876697540283203 4.377645969390869 2.1500000953674316
    vertex 2.9293603897094727 4.444752216339111 2.1500000953674316
  endloop
endfacet
facet normal 0.0 0.0 0.0
  outer loop
    vertex 2.6876697540283203 4.377645969390869 0.0
    vertex 2.9293603897094727 4.444752216339111 2.1500000953674316
    vertex 2.9293603897094727 4.444752216339111 0.0
  endloop
endfacet
facet normal 0.0 0.0 0.0
  outer loop
    vertex 2.9293603897094727 4.444752216339111 0.0
    vertex 2.9293603897094727 4.444752216339111 2.1500000953674316
    vertex 3.150979995727539 4.562245845794678 2.1500000953674316
  endloop
endfacet
facet normal 0.0 0.0 0.0
  outer loop
    vertex 2.9293603897094727 4.444752216339111 0.0
    vertex 3.150979995727539 4.562245845794678 2.1500000953674316
    vertex 3.150979995727539 4.562245845794678 0.0
  endloop
endfacet
facet normal 0.0 0.0 0.0
  outer loop
    vertex 3.150979995727539 4.562245845794678 0.0
    vertex 3.150979995727539 4.562245845794678 2.1500000953674316
    vertex 3.3421497344970703 4.724633693695068 2.1500000953674316
  endloop
endfacet
facet normal 0.0 0.0 0.0
  outer loop
    vertex 3.150979995727539 4.562245845794678 0.0
    vertex 3.3421497344970703 4.724633693695068 2.1500000953674316
    vertex 3.3421497344970703 4.724633693695068 0.0
  endloop
endfacet
facet normal 0.0 0.0 0.0
  outer loop
    vertex 3.3421497344970703 4.724633693695068 0.0
    vertex 3.3421497344970703 4.724633693695068 2.1500000953674316
    vertex 3.4939498901367188 4.924322605133057 2.1500000953674316
  endloop
endfacet
facet normal 0.0 0.0 0.0
  outer loop
    vertex 3.3421497344970703 4.724633693695068 0.0
    vertex 3.4939498901367188 4.924322605133057 2.1500000953674316
    vertex 3.4939498901367188 4.924322605133057 0.0
  endloop
endfacet
facet normal 0.0 0.0 0.0
  outer loop
    vertex 3.4939498901367188 4.924322605133057 0.0
    vertex 3.4939498901367188 4.924322605133057 2.1500000953674316
    vertex 3.59928035736084 5.151975154876709 2.1500000953674316
  endloop
endfacet
facet normal 0.0 0.0 0.0
  outer loop
    vertex 3.4939498901367188 4.924322605133057 0.0
    vertex 3.59928035736084 5.151975154876709 2.1500000953674316
    vertex 3.59928035736084 5.151975154876709 0.0
  endloop
endfacet
facet normal 0.0 0.0 0.0
  outer loop
    vertex 3.59928035736084 5.151975154876709 0.0
    vertex 3.59928035736084 5.151975154876709 2.1500000953674316
    vertex 3.653200149536133 5.396946907043457 2.1500000953674316
  endloop
endfacet
facet normal 0.0 0.0 0.0
  outer loop
    vertex 3.59928035736084 5.151975154876709 0.0
    vertex 3.653200149536133 5.396946907043457 2.1500000953674316
    vertex 3.653200149536133 5.396946907043457 0.0
  endloop
endfacet
facet normal 0.0 0.0 0.0
  outer loop
    vertex 3.653200149536133 5.396946907043457 0.0
    vertex 3.653200149536133 5.396946907043457 2.1500000953674316
    vertex 3.653200149536133 5.647783279418945 2.1500000953674316
  endloop
endfacet
facet normal 0.0 0.0 0.0
  outer loop
    vertex 3.653200149536133 5.396946907043457 0.0
    vertex 3.653200149536133 5.647783279418945 2.1500000953674316
    vertex 3.653200149536133 5.647783279418945 0.0
  endloop
endfacet
facet normal 0.0 0.0 0.0
  outer loop
    vertex 3.653200149536133 5.647783279418945 0.0
    vertex 3.653200149536133 5.647783279418945 2.1500000953674316
    vertex 3.59928035736084 5.892755031585693 2.1500000953674316
  endloop
endfacet
facet normal 0.0 0.0 0.0
  outer loop
    vertex 3.653200149536133 5.647783279418945 0.0
    vertex 3.59928035736084 5.892755031585693 2.1500000953674316
    vertex 3.59928035736084 5.892755031585693 0.0
  endloop
endfacet
facet normal 0.0 0.0 0.0
  outer loop
    vertex 3.59928035736084 5.892755031585693 0.0
    vertex 3.59928035736084 5.892755031585693 2.1500000953674316
    vertex 3.4939498901367188 6.120407581329346 2.1500000953674316
  endloop
endfacet
facet normal 0.0 0.0 0.0
  outer loop
    vertex 3.59928035736084 5.892755031585693 0.0
    vertex 3.4939498901367188 6.120407581329346 2.1500000953674316
    vertex 3.4939498901367188 6.120407581329346 0.0
  endloop
endfacet
facet normal 0.0 0.0 0.0
  outer loop
    vertex 3.4939498901367188 6.120407581329346 0.0
    vertex 3.4939498901367188 6.120407581329346 2.1500000953674316
    vertex 3.3421497344970703 6.320096492767334 2.1500000953674316
  endloop
endfacet
facet normal 0.0 0.0 0.0
  outer loop
    vertex 3.4939498901367188 6.120407581329346 0.0
    vertex 3.3421497344970703 6.320096492767334 2.1500000953674316
    vertex 3.3421497344970703 6.320096492767334 0.0
  endloop
endfacet
facet normal 0.0 0.0 0.0
  outer loop
    vertex 3.3421497344970703 6.320096492767334 0.0
    vertex 3.3421497344970703 6.320096492767334 2.1500000953674316
    vertex 3.150979995727539 6.482484340667725 2.1500000953674316
  endloop
endfacet
facet normal 0.0 0.0 0.0
  outer loop
    vertex 3.3421497344970703 6.320096492767334 0.0
    vertex 3.150979995727539 6.482484340667725 2.1500000953674316
    vertex 3.150979995727539 6.482484340667725 0.0
  endloop
endfacet
facet normal 0.0 0.0 0.0
  outer loop
    vertex 3.150979995727539 6.482484340667725 0.0
    vertex 3.150979995727539 6.482484340667725 2.1500000953674316
    vertex 2.9293603897094727 6.599977970123291 2.1500000953674316
  endloop
endfacet
facet normal 0.0 0.0 0.0
  outer loop
    vertex 3.150979995727539 6.482484340667725 0.0
    vertex 2.9293603897094727 6.599977970123291 2.1500000953674316
    vertex 2.9293603897094727 6.599977970123291 0.0
  endloop
endfacet
facet normal 0.0 0.0 0.0
  outer loop
    vertex 2.9293603897094727 6.599977970123291 0.0
    vertex 2.9293603897094727 6.599977970123291 2.1500000953674316
    vertex 2.6876697540283203 6.667084217071533 2.1500000953674316
  endloop
endfacet
facet normal 0.0 0.0 0.0
  outer loop
    vertex 2.9293603897094727 6.599977970123291 0.0
    vertex 2.6876697540283203 6.667084217071533 2.1500000953674316
    vertex 2.6876697540283203 6.667084217071533 0.0
  endloop
endfacet
facet normal 0.0 0.0 0.0
  outer loop
    vertex 2.6876697540283203 6.667084217071533 0.0
    vertex 2.6876697540283203 6.667084217071533 2.1500000953674316
    vertex 2.437199592590332 6.6806640625 2.1500000953674316
  endloop
endfacet
facet normal 0.0 0.0 0.0
  outer loop
    vertex 2.6876697540283203 6.667084217071533 0.0
    vertex 2.437199592590332 6.6806640625 2.1500000953674316
    vertex 2.437199592590332 6.6806640625 0.0
  endloop
endfacet
facet normal 0.0 0.0 0.0
  outer loop
    vertex 2.437199592590332 6.6806640625 0.0
    vertex 2.437199592590332 6.6806640625 2.1500000953674316
    vertex 2.189669609069824 6.640083312988281 2.1500000953674316
  endloop
endfacet
facet normal 0.0 0.0 0.0
  outer loop
    vertex 2.437199592590332 6.6806640625 0.0
    vertex 2.189669609069824 6.640083312988281 2.1500000953674316
    vertex 2.189669609069824 6.640083312988281 0.0
  endloop
endfacet
facet normal 0.0 0.0 0.0
  outer loop
    vertex 2.189669609069824 6.640083312988281 0.0
    vertex 2.189669609069824 6.640083312988281 2.1500000953674316
    vertex 1.9566497802734375 6.547239303588867 2.1500000953674316
  endloop
endfacet
facet normal 0.0 0.0 0.0
  outer loop
    vertex 2.189669609069824 6.640083312988281 0.0
    vertex 1.9566497802734375 6.547239303588867 2.1500000953674316
    vertex 1.9566497802734375 6.547239303588867 0.0
  endloop
endfacet
facet normal 0.0 0.0 0.0
  outer loop
    vertex 1.9566497802734375 6.547239303588867 0.0
    vertex 1.9566497802734375 6.547239303588867 2.1500000953674316
    vertex 1.7490301132202148 6.406473159790039 2.1500000953674316
  endloop
endfacet
facet normal 0.0 0.0 0.0
  outer loop
    vertex 1.9566497802734375 6.547239303588867 0.0
    vertex 1.7490301132202148 6.406473159790039 2.1500000953674316
    vertex 1.7490301132202148 6.406473159790039 0.0
  endloop
endfacet
facet normal 0.0 0.0 0.0
  outer loop
    vertex 1.7490301132202148 6.406473159790039 0.0
    vertex 1.7490301132202148 6.406473159790039 2.1500000953674316
    vertex 1.5765304565429688 6.224367141723633 2.1500000953674316
  endloop
endfacet
facet normal 0.0 0.0 0.0
  outer loop
    vertex 1.7490301132202148 6.406473159790039 0.0
    vertex 1.5765304565429688 6.224367141723633 2.1500000953674316
    vertex 1.5765304565429688 6.224367141723633 0.0
  endloop
endfacet
facet normal 0.0 0.0 0.0
  outer loop
    vertex 1.5765304565429688 6.224367141723633 0.0
    vertex 1.5765304565429688 6.224367141723633 2.1500000953674316
    vertex 1.4472131729125977 6.00943660736084 2.1500000953674316
  endloop
endfacet
facet normal 0.0 0.0 0.0
  outer loop
    vertex 1.5765304565429688 6.224367141723633 0.0
    vertex 1.4472131729125977 6.00943660736084 2.1500000953674316
    vertex 1.4472131729125977 6.00943660736084 0.0
  endloop
endfacet
facet normal 0.0 0.0 0.0
  outer loop
    vertex 1.4472131729125977 6.00943660736084 0.0
    vertex 1.4472131729125977 6.00943660736084 2.1500000953674316
    vertex 1.3671197891235352 5.771730899810791 2.1500000953674316
  endloop
endfacet
facet normal 0.0 0.0 0.0
  outer loop
    vertex 0.7781229019165039 5.834839820861816 2.1500000953674316
    vertex 0.7781229019165039 5.834839820861816 1.0
    vertex 0.75 5.522365093231201 2.1500000953674316
  endloop
endfacet
facet normal 0.0 0.0 0.0
  outer loop
    vertex 0.75 5.522365093231201 2.1500000953674316
    vertex 0.7781229019165039 5.834839820861816 1.0
    vertex 0.75 5.522365093231201 1.0
  endloop
endfacet
facet normal 0.0 0.0 0.0
  outer loop
    vertex 0.75 5.522365093231201 2.1500000953674316
    vertex 0.75 5.522365093231201 1.0
    vertex 0.7781229019165039 5.209890365600586 2.1500000953674316
  endloop
endfacet
facet normal 0.0 0.0 0.0
  outer loop
    vertex 0.7781229019165039 5.209890365600586 2.1500000953674316
    vertex 0.75 5.522365093231201 1.0
    vertex 0.7781229019165039 5.209890365600586 1.0
  endloop
endfacet
facet normal 0.0 0.0 0.0
  outer loop
    vertex 0.7781229019165039 5.209890365600586 2.1500000953674316
    vertex 0.7781229019165039 5.209890365600586 1.0
    vertex 0.8615894317626953 4.907459259033203 2.1500000953674316
  endloop
endfacet
facet normal 0.0 0.0 0.0
  outer loop
    vertex 0.8615894317626953 4.907459259033203 2.1500000953674316
    vertex 0.7781229019165039 5.209890365600586 1.0
    vertex 0.8615894317626953 4.907459259033203 1.0
  endloop
endfacet
facet normal 0.0 0.0 0.0
  outer loop
    vertex 0.8615894317626953 4.907459259033203 2.1500000953674316
    vertex 0.8615894317626953 4.907459259033203 1.0
    vertex 0.9977149963378906 4.624791145324707 2.1500000953674316
  endloop
endfacet
facet normal 0.0 0.0 0.0
  outer loop
    vertex 0.9977149963378906 4.624791145324707 2.1500000953674316
    vertex 0.8615894317626953 4.907459259033203 1.0
    vertex 0.9977149963378906 4.624791145324707 1.0
  endloop
endfacet
facet normal 0.0 0.0 0.0
  outer loop
    vertex 0.9977149963378906 4.624791145324707 2.1500000953674316
    vertex 0.9977149963378906 4.624791145324707 1.0
    vertex 1.1821250915527344 4.370972156524658 2.1500000953674316
  endloop
endfacet
facet normal 0.0 0.0 0.0
  outer loop
    vertex 1.1821250915527344 4.370972156524658 2.1500000953674316
    vertex 0.9977149963378906 4.624791145324707 1.0
    vertex 1.1821250915527344 4.370972156524658 1.0
  endloop
endfacet
facet normal 0.0 0.0 0.0
  outer loop
    vertex 1.1821250915527344 4.370972156524658 2.1500000953674316
    vertex 1.1821250915527344 4.370972156524658 1.0
    vertex 1.4088926315307617 4.154160022735596 2.1500000953674316
  endloop
endfacet
facet normal 0.0 0.0 0.0
  outer loop
    vertex 1.4088926315307617 4.154160022735596 2.1500000953674316
    vertex 1.1821250915527344 4.370972156524658 1.0
    vertex 1.4088926315307617 4.154160022735596 1.0
  endloop
endfacet
facet normal 0.0 0.0 0.0
  outer loop
    vertex 1.4088926315307617 4.154160022735596 2.1500000953674316
    vertex 1.4088926315307617 4.154160022735596 1.0
    vertex 1.670729637145996 3.9813232421875 2.1500000953674316
  endloop
endfacet
facet normal 0.0 0.0 0.0
  outer loop
    vertex 1.670729637145996 3.9813232421875 2.1500000953674316
    vertex 1.4088926315307617 4.154160022735596 1.0
    vertex 1.670729637145996 3.9813232421875 1.0
  endloop
endfacet
facet normal 0.0 0.0 0.0
  outer loop
    vertex 1.670729637145996 3.9813232421875 2.1500000953674316
    vertex 1.670729637145996 3.9813232421875 1.0
    vertex 1.9592199325561523 3.858016014099121 2.1500000953674316
  endloop
endfacet
facet normal 0.0 0.0 0.0
  outer loop
    vertex 1.9592199325561523 3.858016014099121 2.1500000953674316
    vertex 1.670729637145996 3.9813232421875 1.0
    vertex 1.9592199325561523 3.858016014099121 1.0
  endloop
endfacet
facet normal 0.0 0.0 0.0
  outer loop
    vertex 1.9592199325561523 3.858016014099121 2.1500000953674316
    vertex 1.9592199325561523 3.858016014099121 1.0
    vertex 2.265089988708496 3.788203239440918 2.1500000953674316
  endloop
endfacet
facet normal 0.0 0.0 0.0
  outer loop
    vertex 2.265089988708496 3.788203239440918 2.1500000953674316
    vertex 1.9592199325561523 3.858016014099121 1.0
    vertex 2.265089988708496 3.788203239440918 1.0
  endloop
endfacet
facet normal 0.0 0.0 0.0
  outer loop
    vertex 2.265089988708496 3.788203239440918 2.1500000953674316
    vertex 2.265089988708496 3.788203239440918 1.0
    vertex 2.578510284423828 3.7741270065307617 2.1500000953674316
  endloop
endfacet
facet normal 0.0 0.0 0.0
  outer loop
    vertex 2.578510284423828 3.7741270065307617 2.1500000953674316
    vertex 2.265089988708496 3.788203239440918 1.0
    vertex 2.578510284423828 3.7741270065307617 1.0
  endloop
endfacet
facet normal 0.0 0.0 0.0
  outer loop
    vertex 2.578510284423828 3.7741270065307617 2.1500000953674316
    vertex 2.578510284423828 3.7741270065307617 1.0
    vertex 2.8894100189208984 3.8162412643432617 2.1500000953674316
  endloop
endfacet
facet normal 0.0 0.0 0.0
  outer loop
    vertex 2.8894100189208984 3.8162412643432617 2.1500000953674316
    vertex 2.578510284423828 3.7741270065307617 1.0
    vertex 2.8894100189208984 3.8162412643432617 1.0
  endloop
endfacet
facet normal 0.0 0.0 0.0
  outer loop
    vertex 2.8894100189208984 3.8162412643432617 2.1500000953674316
    vertex 2.8894100189208984 3.8162412643432617 1.0
    vertex 3.1877899169921875 3.913191080093384 2.1500000953674316
  endloop
endfacet
facet normal 0.0 0.0 0.0
  outer loop
    vertex 3.1877899169921875 3.913191080093384 2.1500000953674316
    vertex 2.8894100189208984 3.8162412643432617 1.0
    vertex 3.1877899169921875 3.913191080093384 1.0
  endloop
endfacet
facet normal 0.0 0.0 0.0
  outer loop
    vertex 3.1877899169921875 3.913191080093384 2.1500000953674316
    vertex 3.1877899169921875 3.913191080093384 1.0
    vertex 3.4640703201293945 4.061861991882324 2.1500000953674316
  endloop
endfacet
facet normal 0.0 0.0 0.0
  outer loop
    vertex 3.4640703201293945 4.061861991882324 2.1500000953674316
    vertex 3.1877899169921875 3.913191080093384 1.0
    vertex 3.4640703201293945 4.061861991882324 1.0
  endloop
endfacet
facet normal 0.0 0.0 0.0
  outer loop
    vertex 3.4640703201293945 4.061861991882324 2.1500000953674316
    vertex 3.4640703201293945 4.061861991882324 1.0
    vertex 3.709360122680664 4.257473945617676 2.1500000953674316
  endloop
endfacet
facet normal 0.0 0.0 0.0
  outer loop
    vertex 3.709360122680664 4.257473945617676 2.1500000953674316
    vertex 3.4640703201293945 4.061861991882324 1.0
    vertex 3.709360122680664 4.257473945617676 1.0
  endloop
endfacet
facet normal 0.0 0.0 0.0
  outer loop
    vertex 3.709360122680664 4.257473945617676 2.1500000953674316
    vertex 3.709360122680664 4.257473945617676 1.0
    vertex 3.9157800674438477 4.493741035461426 2.1500000953674316
  endloop
endfacet
facet normal 0.0 0.0 0.0
  outer loop
    vertex 3.9157800674438477 4.493741035461426 2.1500000953674316
    vertex 3.709360122680664 4.257473945617676 1.0
    vertex 3.9157800674438477 4.493741035461426 1.0
  endloop
endfacet
facet normal 0.0 0.0 0.0
  outer loop
    vertex 3.9157800674438477 4.493741035461426 2.1500000953674316
    vertex 3.9157800674438477 4.493741035461426 1.0
    vertex 4.076700210571289 4.763068675994873 2.1500000953674316
  endloop
endfacet
facet normal 0.0 0.0 0.0
  outer loop
    vertex 4.076700210571289 4.763068675994873 2.1500000953674316
    vertex 3.9157800674438477 4.493741035461426 1.0
    vertex 4.076700210571289 4.763068675994873 1.0
  endloop
endfacet
facet normal 0.0 0.0 0.0
  outer loop
    vertex 4.076700210571289 4.763068675994873 2.1500000953674316
    vertex 4.076700210571289 4.763068675994873 1.0
    vertex 4.1869401931762695 5.056800842285156 2.1500000953674316
  endloop
endfacet
facet normal 0.0 0.0 0.0
  outer loop
    vertex 4.1869401931762695 5.056800842285156 2.1500000953674316
    vertex 4.076700210571289 4.763068675994873 1.0
    vertex 4.1869401931762695 5.056800842285156 1.0
  endloop
endfacet
facet normal 0.0 0.0 0.0
  outer loop
    vertex 4.1869401931762695 5.056800842285156 2.1500000953674316
    vertex 4.1869401931762695 5.056800842285156 1.0
    vertex 4.242959976196289 5.3654961585998535 2.1500000953674316
  endloop
endfacet
facet normal 0.0 0.0 0.0
  outer loop
    vertex 4.242959976196289 5.3654961585998535 2.1500000953674316
    vertex 4.1869401931762695 5.056800842285156 1.0
    vertex 4.242959976196289 5.3654961585998535 1.0
  endloop
endfacet
facet normal 0.0 0.0 0.0
  outer loop
    vertex 4.242959976196289 5.3654961585998535 2.1500000953674316
    vertex 4.242959976196289 5.3654961585998535 1.0
    vertex 4.242959976196289 5.679234027862549 2.1500000953674316
  endloop
endfacet
facet normal 0.0 0.0 0.0
  outer loop
    vertex 4.242959976196289 5.679234027862549 2.1500000953674316
    vertex 4.242959976196289 5.3654961585998535 1.0
    vertex 4.242959976196289 5.679234027862549 1.0
  endloop
endfacet
facet normal 0.0 0.0 0.0
  outer loop
    vertex 4.242959976196289 5.679234027862549 2.1500000953674316
    vertex 4.242959976196289 5.679234027862549 1.0
    vertex 4.1869401931762695 5.987929344177246 2.1500000953674316
  endloop
endfacet
facet normal 0.0 0.0 0.0
  outer loop
    vertex 4.1869401931762695 5.987929344177246 2.1500000953674316
    vertex 4.242959976196289 5.679234027862549 1.0
    vertex 4.1869401931762695 5.987929344177246 1.0
  endloop
endfacet
facet normal 0.0 0.0 0.0
  outer loop
    vertex 4.1869401931762695 5.987929344177246 2.1500000953674316
    vertex 4.1869401931762695 5.987929344177246 1.0
    vertex 4.076700210571289 6.281661510467529 2.1500000953674316
  endloop
endfacet
facet normal 0.0 0.0 0.0
  outer loop
    vertex 4.076700210571289 6.281661510467529 2.1500000953674316
    vertex 4.1869401931762695 5.987929344177246 1.0
    vertex 4.076700210571289 6.281661510467529 1.0
  endloop
endfacet
facet normal 0.0 0.0 0.0
  outer loop
    vertex 4.076700210571289 6.281661510467529 2.1500000953674316
    vertex 4.076700210571289 6.281661510467529 1.0
    vertex 3.9157800674438477 6.550989151000977 2.1500000953674316
  endloop
endfacet
facet normal 0.0 0.0 0.0
  outer loop
    vertex 3.9157800674438477 6.550989151000977 2.1500000953674316
    vertex 4.076700210571289 6.281661510467529 1.0
    vertex 3.9157800674438477 6.550989151000977 1.0
  endloop
endfacet
facet normal 0.0 0.0 0.0
  outer loop
    vertex 3.9157800674438477 6.550989151000977 2.1500000953674316
    vertex 3.9157800674438477 6.550989151000977 1.0
    vertex 3.709360122680664 6.787256240844727 2.1500000953674316
  endloop
endfacet
facet normal 0.0 0.0 0.0
  outer loop
    vertex 3.709360122680664 6.787256240844727 2.1500000953674316
    vertex 3.9157800674438477 6.550989151000977 1.0
    vertex 3.709360122680664 6.787256240844727 1.0
  endloop
endfacet
facet normal 0.0 0.0 0.0
  outer loop
    vertex 3.709360122680664 6.787256240844727 2.1500000953674316
    vertex 3.709360122680664 6.787256240844727 1.0
    vertex 3.4640703201293945 6.982868194580078 2.1500000953674316
  endloop
endfacet
facet normal 0.0 0.0 0.0
  outer loop
    vertex 3.4640703201293945 6.982868194580078 2.1500000953674316
    vertex 3.709360122680664 6.787256240844727 1.0
    vertex 3.4640703201293945 6.982868194580078 1.0
  endloop
endfacet
facet normal 0.0 0.0 0.0
  outer loop
    vertex 3.4640703201293945 6.982868194580078 2.1500000953674316
    vertex 3.4640703201293945 6.982868194580078 1.0
    vertex 3.1877899169921875 7.131539344787598 2.1500000953674316
  endloop
endfacet
facet normal 0.0 0.0 0.0
  outer loop
    vertex 3.1877899169921875 7.131539344787598 2.1500000953674316
    vertex 3.4640703201293945 6.982868194580078 1.0
    vertex 3.1877899169921875 7.131539344787598 1.0
  endloop
endfacet
facet normal 0.0 0.0 0.0
  outer loop
    vertex 3.1877899169921875 7.131539344787598 2.1500000953674316
    vertex 3.1877899169921875 7.131539344787598 1.0
    vertex 2.8894100189208984 7.228488922119141 2.1500000953674316
  endloop
endfacet
facet normal 0.0 0.0 0.0
  outer loop
    vertex 2.8894100189208984 7.228488922119141 2.1500000953674316
    vertex 3.1877899169921875 7.131539344787598 1.0
    vertex 2.8894100189208984 7.228488922119141 1.0
  endloop
endfacet
facet normal 0.0 0.0 0.0
  outer loop
    vertex 2.8894100189208984 7.228488922119141 2.1500000953674316
    vertex 2.8894100189208984 7.228488922119141 1.0
    vertex 2.578510284423828 7.270603179931641 2.1500000953674316
  endloop
endfacet
facet normal 0.0 0.0 0.0
  outer loop
    vertex 2.578510284423828 7.270603179931641 2.1500000953674316
    vertex 2.8894100189208984 7.228488922119141 1.0
    vertex 2.578510284423828 7.270603179931641 1.0
  endloop
endfacet
facet normal 0.0 0.0 0.0
  outer loop
    vertex 2.578510284423828 7.270603179931641 2.1500000953674316
    vertex 2.578510284423828 7.270603179931641 1.0
    vertex 2.265089988708496 7.256526947021484 2.1500000953674316
  endloop
endfacet
facet normal 0.0 0.0 0.0
  outer loop
    vertex 2.265089988708496 7.256526947021484 2.1500000953674316
    vertex 2.578510284423828 7.270603179931641 1.0
    vertex 2.265089988708496 7.256526947021484 1.0
  endloop
endfacet
facet normal 0.0 0.0 0.0
  outer loop
    vertex 2.265089988708496 7.256526947021484 2.1500000953674316
    vertex 2.265089988708496 7.256526947021484 1.0
    vertex 1.9592199325561523 7.186714172363281 2.1500000953674316
  endloop
endfacet
facet normal 0.0 0.0 0.0
  outer loop
    vertex 1.9592199325561523 7.186714172363281 2.1500000953674316
    vertex 2.265089988708496 7.256526947021484 1.0
    vertex 1.9592199325561523 7.186714172363281 1.0
  endloop
endfacet
facet normal 0.0 0.0 0.0
  outer loop
    vertex 1.9592199325561523 7.186714172363281 2.1500000953674316
    vertex 1.9592199325561523 7.186714172363281 1.0
    vertex 1.670729637145996 7.063406944274902 2.1500000953674316
  endloop
endfacet
facet normal 0.0 0.0 0.0
  outer loop
    vertex 1.670729637145996 7.063406944274902 2.1500000953674316
    vertex 1.9592199325561523 7.186714172363281 1.0
    vertex 1.670729637145996 7.063406944274902 1.0
  endloop
endfacet
facet normal 0.0 0.0 0.0
  outer loop
    vertex 1.670729637145996 7.063406944274902 2.1500000953674316
    vertex 1.670729637145996 7.063406944274902 1.0
    vertex 1.4088926315307617 6.890570163726807 2.1500000953674316
  endloop
endfacet
facet normal 0.0 0.0 0.0
  outer loop
    vertex 1.4088926315307617 6.890570163726807 2.1500000953674316
    vertex 1.670729637145996 7.063406944274902 1.0
    vertex 1.4088926315307617 6.890570163726807 1.0
  endloop
endfacet
facet normal 0.0 0.0 0.0
  outer loop
    vertex 1.4088926315307617 6.890570163726807 2.1500000953674316
    vertex 1.4088926315307617 6.890570163726807 1.0
    vertex 1.1821250915527344 6.673758029937744 2.1500000953674316
  endloop
endfacet
facet normal 0.0 0.0 0.0
  outer loop
    vertex 1.1821250915527344 6.673758029937744 2.1500000953674316
    vertex 1.4088926315307617 6.890570163726807 1.0
    vertex 1.1821250915527344 6.673758029937744 1.0
  endloop
endfacet
facet normal 0.0 0.0 0.0
  outer loop
    vertex 1.1821250915527344 6.673758029937744 2.1500000953674316
    vertex 1.1821250915527344 6.673758029937744 1.0
    vertex 0.9977149963378906 6.419939041137695 2.1500000953674316
  endloop
endfacet
facet normal 0.0 0.0 0.0
  outer loop
    vertex 0.9977149963378906 6.419939041137695 2.1500000953674316
    vertex 1.1821250915527344 6.673758029937744 1.0
    vertex 0.9977149963378906 6.419939041137695 1.0
  endloop
endfacet
facet normal 0.0 0.0 0.0
  outer loop
    vertex 0.9977149963378906 6.419939041137695 2.1500000953674316
    vertex 0.9977149963378906 6.419939041137695 1.0
    vertex 0.8615894317626953 6.137270927429199 2.1500000953674316
  endloop
endfacet
facet normal 0.0 0.0 0.0
  outer loop
    vertex 0.8615894317626953 6.137270927429199 2.1500000953674316
    vertex 0.9977149963378906 6.419939041137695 1.0
    vertex 0.8615894317626953 6.137270927429199 1.0
  endloop
endfacet
facet normal 0.0 0.0 0.0
  outer loop
    vertex 0.8615894317626953 6.137270927429199 2.1500000953674316
    vertex 0.8615894317626953 6.137270927429199 1.0
    vertex 0.7781229019165039 5.834839820861816 2.1500000953674316
  endloop
endfacet
facet normal 0.0 0.0 0.0
  outer loop
    vertex 0.7781229019165039 5.834839820861816 2.1500000953674316
    vertex 0.8615894317626953 6.137270927429199 1.0
    vertex 0.7781229019165039 5.834839820861816 1.0
  endloop
endfacet
facet normal 0.0 0.0 0.0
  outer loop
    vertex -1.471923828125 5.049272537231445 0.0
    vertex -1.5 5.522365093231201 0.0
    vertex 1.3400001525878906 5.522365093231201 0.0
  endloop
endfacet
facet normal 0.0 0.0 0.0
  outer loop
    vertex 1.3400001525878906 5.522365093231201 0.0
    vertex -1.5 5.522365093231201 0.0
    vertex -1.471923828125 5.995457649230957 0.0
  endloop
endfacet
facet normal 0.0 0.0 0.0
  outer loop
    vertex 1.3400001525878906 5.522365093231201 0.0
    vertex -1.471923828125 5.995457649230957 0.0
    vertex 1.3671197891235352 5.771730899810791 0.0
  endloop
endfacet
facet normal 0.0 0.0 0.0
  outer loop
    vertex 1.3671197891235352 5.771730899810791 0.0
    vertex -1.471923828125 5.995457649230957 0.0
    vertex -1.388092041015625 6.461909294128418 0.0
  endloop
endfacet
facet normal 0.0 0.0 0.0
  outer loop
    vertex 1.3671197891235352 5.771730899810791 0.0
    vertex -1.388092041015625 6.461909294128418 0.0
    vertex -1.2496790885925293 6.915172100067139 0.0
  endloop
endfacet
facet normal 0.0 0.0 0.0
  outer loop
    vertex 1.3671197891235352 5.771730899810791 0.0
    vertex -1.2496790885925293 6.915172100067139 0.0
    vertex 1.4472131729125977 6.00943660736084 0.0
  endloop
endfacet
facet normal 0.0 0.0 0.0
  outer loop
    vertex 1.4472131729125977 6.00943660736084 0.0
    vertex -1.2496790885925293 6.915172100067139 0.0
    vertex -1.0586280822753906 7.34888219833374 0.0
  endloop
endfacet
facet normal 0.0 0.0 0.0
  outer loop
    vertex 1.4472131729125977 6.00943660736084 0.0
    vertex -1.0586280822753906 7.34888219833374 0.0
    vertex -0.8176231384277344 7.756952285766602 0.0
  endloop
endfacet
facet normal 0.0 0.0 0.0
  outer loop
    vertex 1.4472131729125977 6.00943660736084 0.0
    vertex -0.8176231384277344 7.756952285766602 0.0
    vertex 1.5765304565429688 6.224367141723633 0.0
  endloop
endfacet
facet normal 0.0 0.0 0.0
  outer loop
    vertex 1.5765304565429688 6.224367141723633 0.0
    vertex -0.8176231384277344 7.756952285766602 0.0
    vertex -0.5300450325012207 8.13365364074707 0.0
  endloop
endfacet
facet normal 0.0 0.0 0.0
  outer loop
    vertex 1.5765304565429688 6.224367141723633 0.0
    vertex -0.5300450325012207 8.13365364074707 0.0
    vertex 1.7490301132202148 6.406473159790039 0.0
  endloop
endfacet
facet normal 0.0 0.0 0.0
  outer loop
    vertex 1.7490301132202148 6.406473159790039 0.0
    vertex -0.5300450325012207 8.13365364074707 0.0
    vertex -0.19993209838867188 8.473697662353516 0.0
  endloop
endfacet
facet normal 0.0 0.0 0.0
  outer loop
    vertex 1.7490301132202148 6.406473159790039 0.0
    vertex -0.19993209838867188 8.473697662353516 0.0
    vertex 0.16808223724365234 8.772313117980957 0.0
  endloop
endfacet
facet normal 0.0 0.0 0.0
  outer loop
    vertex 1.7490301132202148 6.406473159790039 0.0
    vertex 0.16808223724365234 8.772313117980957 0.0
    vertex 1.9566497802734375 6.547239303588867 0.0
  endloop
endfacet
facet normal 0.0 0.0 0.0
  outer loop
    vertex 1.9566497802734375 6.547239303588867 0.0
    vertex 0.16808223724365234 8.772313117980957 0.0
    vertex 0.5688314437866211 9.025304794311523 0.0
  endloop
endfacet
facet normal 0.0 0.0 0.0
  outer loop
    vertex 1.9566497802734375 6.547239303588867 0.0
    vertex 0.5688314437866211 9.025304794311523 0.0
    vertex 0.9966897964477539 9.22912311553955 0.0
  endloop
endfacet
facet normal 0.0 0.0 0.0
  outer loop
    vertex 1.9566497802734375 6.547239303588867 0.0
    vertex 0.9966897964477539 9.22912311553955 0.0
    vertex 2.189669609069824 6.640083312988281 0.0
  endloop
endfacet
facet normal 0.0 0.0 0.0
  outer loop
    vertex 2.189669609069824 6.640083312988281 0.0
    vertex 0.9966897964477539 9.22912311553955 0.0
    vertex 1.4456510543823242 9.38090705871582 0.0
  endloop
endfacet
facet normal 0.0 0.0 0.0
  outer loop
    vertex 2.189669609069824 6.640083312988281 0.0
    vertex 1.4456510543823242 9.38090705871582 0.0
    vertex 1.9094104766845703 9.47852611541748 0.0
  endloop
endfacet
facet normal 0.0 0.0 0.0
  outer loop
    vertex 2.189669609069824 6.640083312988281 0.0
    vertex 1.9094104766845703 9.47852611541748 0.0
    vertex 2.437199592590332 6.6806640625 0.0
  endloop
endfacet
facet normal 0.0 0.0 0.0
  outer loop
    vertex 2.437199592590332 6.6806640625 0.0
    vertex 1.9094104766845703 9.47852611541748 0.0
    vertex 2.3814697265625 9.520607948303223 0.0
  endloop
endfacet
facet normal 0.0 0.0 0.0
  outer loop
    vertex 2.437199592590332 6.6806640625 0.0
    vertex 2.3814697265625 9.520607948303223 0.0
    vertex 2.855179786682129 9.506564140319824 0.0
  endloop
endfacet
facet normal 0.0 0.0 0.0
  outer loop
    vertex 2.437199592590332 6.6806640625 0.0
    vertex 2.855179786682129 9.506564140319824 0.0
    vertex 2.6876697540283203 6.667084217071533 0.0
  endloop
endfacet
facet normal 0.0 0.0 0.0
  outer loop
    vertex 2.6876697540283203 6.667084217071533 0.0
    vertex 2.855179786682129 9.506564140319824 0.0
    vertex 3.3239097595214844 9.436591148376465 0.0
  endloop
endfacet
facet normal 0.0 0.0 0.0
  outer loop
    vertex 2.6876697540283203 6.667084217071533 0.0
    vertex 3.3239097595214844 9.436591148376465 0.0
    vertex 3.7810802459716797 9.311670303344727 0.0
  endloop
endfacet
facet normal 0.0 0.0 0.0
  outer loop
    vertex 2.6876697540283203 6.667084217071533 0.0
    vertex 3.7810802459716797 9.311670303344727 0.0
    vertex 2.9293603897094727 6.599977970123291 0.0
  endloop
endfacet
facet normal 0.0 0.0 0.0
  outer loop
    vertex 2.9293603897094727 6.599977970123291 0.0
    vertex 3.7810802459716797 9.311670303344727 0.0
    vertex 4.220259666442871 9.133556365966797 0.0
  endloop
endfacet
facet normal 0.0 0.0 0.0
  outer loop
    vertex 2.9293603897094727 6.599977970123291 0.0
    vertex 4.220259666442871 9.133556365966797 0.0
    vertex 3.150979995727539 6.482484340667725 0.0
  endloop
endfacet
facet normal 0.0 0.0 0.0
  outer loop
    vertex 3.150979995727539 6.482484340667725 0.0
    vertex 4.220259666442871 9.133556365966797 0.0
    vertex 4.635290145874023 8.904748916625977 0.0
  endloop
endfacet
facet normal 0.0 0.0 0.0
  outer loop
    vertex 3.150979995727539 6.482484340667725 0.0
    vertex 4.635290145874023 8.904748916625977 0.0
    vertex 5.020350456237793 8.628459930419922 0.0
  endloop
endfacet
facet normal 0.0 0.0 0.0
  outer loop
    vertex 3.150979995727539 6.482484340667725 0.0
    vertex 5.020350456237793 8.628459930419922 0.0
    vertex 3.3421497344970703 6.320096492767334 0.0
  endloop
endfacet
facet normal 0.0 0.0 0.0
  outer loop
    vertex 3.3421497344970703 6.320096492767334 0.0
    vertex 5.020350456237793 8.628459930419922 0.0
    vertex 5.370030403137207 8.308568954467773 0.0
  endloop
endfacet
facet normal 0.0 0.0 0.0
  outer loop
    vertex 3.3421497344970703 6.320096492767334 0.0
    vertex 5.370030403137207 8.308568954467773 0.0
    vertex 5.679420471191406 7.949565887451172 0.0
  endloop
endfacet
facet normal 0.0 0.0 0.0
  outer loop
    vertex 3.3421497344970703 6.320096492767334 0.0
    vertex 5.679420471191406 7.949565887451172 0.0
    vertex 3.4939498901367188 6.120407581329346 0.0
  endloop
endfacet
facet normal 0.0 0.0 0.0
  outer loop
    vertex 3.4939498901367188 6.120407581329346 0.0
    vertex 5.679420471191406 7.949565887451172 0.0
    vertex 5.944169998168945 7.556488990783691 0.0
  endloop
endfacet
facet normal 0.0 0.0 0.0
  outer loop
    vertex 3.4939498901367188 6.120407581329346 0.0
    vertex 5.944169998168945 7.556488990783691 0.0
    vertex 6.160579681396484 7.134859085083008 0.0
  endloop
endfacet
facet normal 0.0 0.0 0.0
  outer loop
    vertex 3.4939498901367188 6.120407581329346 0.0
    vertex 6.160579681396484 7.134859085083008 0.0
    vertex 3.59928035736084 5.892755031585693 0.0
  endloop
endfacet
facet normal 0.0 0.0 0.0
  outer loop
    vertex 3.59928035736084 5.892755031585693 0.0
    vertex 6.160579681396484 7.134859085083008 0.0
    vertex 6.325599670410156 6.690591812133789 0.0
  endloop
endfacet
facet normal 0.0 0.0 0.0
  outer loop
    vertex 3.59928035736084 5.892755031585693 0.0
    vertex 6.325599670410156 6.690591812133789 0.0
    vertex 6.436920166015625 6.229926109313965 0.0
  endloop
endfacet
facet normal 0.0 0.0 0.0
  outer loop
    vertex 3.59928035736084 5.892755031585693 0.0
    vertex 6.436920166015625 6.229926109313965 0.0
    vertex 3.653200149536133 5.647783279418945 0.0
  endloop
endfacet
facet normal 0.0 0.0 0.0
  outer loop
    vertex 3.653200149536133 5.647783279418945 0.0
    vertex 6.436920166015625 6.229926109313965 0.0
    vertex 6.4929704666137695 5.759327411651611 0.0
  endloop
endfacet
facet normal 0.0 0.0 0.0
  outer loop
    vertex 3.653200149536133 5.647783279418945 0.0
    vertex 6.4929704666137695 5.759327411651611 0.0
    vertex 6.4929704666137695 5.285402774810791 0.0
  endloop
endfacet
facet normal 0.0 0.0 0.0
  outer loop
    vertex 3.653200149536133 5.647783279418945 0.0
    vertex 6.4929704666137695 5.285402774810791 0.0
    vertex 3.653200149536133 5.396946907043457 0.0
  endloop
endfacet
facet normal 0.0 0.0 0.0
  outer loop
    vertex 3.653200149536133 5.396946907043457 0.0
    vertex 6.4929704666137695 5.285402774810791 0.0
    vertex 6.436920166015625 4.8148040771484375 0.0
  endloop
endfacet
facet normal 0.0 0.0 0.0
  outer loop
    vertex 3.653200149536133 5.396946907043457 0.0
    vertex 6.436920166015625 4.8148040771484375 0.0
    vertex 3.59928035736084 5.151975154876709 0.0
  endloop
endfacet
facet normal 0.0 0.0 0.0
  outer loop
    vertex 3.59928035736084 5.151975154876709 0.0
    vertex 6.436920166015625 4.8148040771484375 0.0
    vertex 6.325599670410156 4.354138374328613 0.0
  endloop
endfacet
facet normal 0.0 0.0 0.0
  outer loop
    vertex 3.59928035736084 5.151975154876709 0.0
    vertex 6.325599670410156 4.354138374328613 0.0
    vertex 6.160579681396484 3.9098711013793945 0.0
  endloop
endfacet
facet normal 0.0 0.0 0.0
  outer loop
    vertex 3.59928035736084 5.151975154876709 0.0
    vertex 6.160579681396484 3.9098711013793945 0.0
    vertex 3.4939498901367188 4.924322605133057 0.0
  endloop
endfacet
facet normal 0.0 0.0 0.0
  outer loop
    vertex 3.4939498901367188 4.924322605133057 0.0
    vertex 6.160579681396484 3.9098711013793945 0.0
    vertex 5.944169998168945 3.488241195678711 0.0
  endloop
endfacet
facet normal 0.0 0.0 0.0
  outer loop
    vertex 3.4939498901367188 4.924322605133057 0.0
    vertex 5.944169998168945 3.488241195678711 0.0
    vertex 5.679420471191406 3.0951640605926514 0.0
  endloop
endfacet
facet normal 0.0 0.0 0.0
  outer loop
    vertex 3.4939498901367188 4.924322605133057 0.0
    vertex 5.679420471191406 3.0951640605926514 0.0
    vertex 3.3421497344970703 4.724633693695068 0.0
  endloop
endfacet
facet normal 0.0 0.0 0.0
  outer loop
    vertex 3.3421497344970703 4.724633693695068 0.0
    vertex 5.679420471191406 3.0951640605926514 0.0
    vertex 5.370030403137207 2.73616099357605 0.0
  endloop
endfacet
facet normal 0.0 0.0 0.0
  outer loop
    vertex 3.3421497344970703 4.724633693695068 0.0
    vertex 5.370030403137207 2.73616099357605 0.0
    vertex 5.020350456237793 2.4162700176239014 0.0
  endloop
endfacet
facet normal 0.0 0.0 0.0
  outer loop
    vertex 3.3421497344970703 4.724633693695068 0.0
    vertex 5.020350456237793 2.4162700176239014 0.0
    vertex 3.150979995727539 4.562245845794678 0.0
  endloop
endfacet
facet normal 0.0 0.0 0.0
  outer loop
    vertex 3.150979995727539 4.562245845794678 0.0
    vertex 5.020350456237793 2.4162700176239014 0.0
    vertex 4.635290145874023 2.1399810314178467 0.0
  endloop
endfacet
facet normal 0.0 0.0 0.0
  outer loop
    vertex 3.150979995727539 4.562245845794678 0.0
    vertex 4.635290145874023 2.1399810314178467 0.0
    vertex 4.220259666442871 1.9111740589141846 0.0
  endloop
endfacet
facet normal 0.0 0.0 0.0
  outer loop
    vertex 3.150979995727539 4.562245845794678 0.0
    vertex 4.220259666442871 1.9111740589141846 0.0
    vertex 2.9293603897094727 4.444752216339111 0.0
  endloop
endfacet
facet normal 0.0 0.0 0.0
  outer loop
    vertex 2.9293603897094727 4.444752216339111 0.0
    vertex 4.220259666442871 1.9111740589141846 0.0
    vertex 3.7810802459716797 1.7330601215362549 0.0
  endloop
endfacet
facet normal 0.0 0.0 0.0
  outer loop
    vertex 2.9293603897094727 4.444752216339111 0.0
    vertex 3.7810802459716797 1.7330601215362549 0.0
    vertex 2.6876697540283203 4.377645969390869 0.0
  endloop
endfacet
facet normal 0.0 0.0 0.0
  outer loop
    vertex 2.6876697540283203 4.377645969390869 0.0
    vertex 3.7810802459716797 1.7330601215362549 0.0
    vertex 3.3239097595214844 1.6081390380859375 0.0
  endloop
endfacet
facet normal 0.0 0.0 0.0
  outer loop
    vertex 2.6876697540283203 4.377645969390869 0.0
    vertex 3.3239097595214844 1.6081390380859375 0.0
    vertex 2.855179786682129 1.5381660461425781 0.0
  endloop
endfacet
facet normal 0.0 0.0 0.0
  outer loop
    vertex 2.6876697540283203 4.377645969390869 0.0
    vertex 2.855179786682129 1.5381660461425781 0.0
    vertex 2.437199592590332 4.364066123962402 0.0
  endloop
endfacet
facet normal 0.0 0.0 0.0
  outer loop
    vertex 2.437199592590332 4.364066123962402 0.0
    vertex 2.855179786682129 1.5381660461425781 0.0
    vertex 2.3814697265625 1.5241219997406006 0.0
  endloop
endfacet
facet normal 0.0 0.0 0.0
  outer loop
    vertex 2.437199592590332 4.364066123962402 0.0
    vertex 2.3814697265625 1.5241219997406006 0.0
    vertex 1.9094104766845703 1.5662040710449219 0.0
  endloop
endfacet
facet normal 0.0 0.0 0.0
  outer loop
    vertex 2.437199592590332 4.364066123962402 0.0
    vertex 1.9094104766845703 1.5662040710449219 0.0
    vertex 2.189669609069824 4.404646873474121 0.0
  endloop
endfacet
facet normal 0.0 0.0 0.0
  outer loop
    vertex 2.189669609069824 4.404646873474121 0.0
    vertex 1.9094104766845703 1.5662040710449219 0.0
    vertex 1.4456510543823242 1.663823127746582 0.0
  endloop
endfacet
facet normal 0.0 0.0 0.0
  outer loop
    vertex 2.189669609069824 4.404646873474121 0.0
    vertex 1.4456510543823242 1.663823127746582 0.0
    vertex 0.9966897964477539 1.8156070709228516 0.0
  endloop
endfacet
facet normal 0.0 0.0 0.0
  outer loop
    vertex 2.189669609069824 4.404646873474121 0.0
    vertex 0.9966897964477539 1.8156070709228516 0.0
    vertex 1.9566497802734375 4.497490882873535 0.0
  endloop
endfacet
facet normal 0.0 0.0 0.0
  outer loop
    vertex 1.9566497802734375 4.497490882873535 0.0
    vertex 0.9966897964477539 1.8156070709228516 0.0
    vertex 0.5688314437866211 2.0194251537323 0.0
  endloop
endfacet
facet normal 0.0 0.0 0.0
  outer loop
    vertex 1.9566497802734375 4.497490882873535 0.0
    vertex 0.5688314437866211 2.0194251537323 0.0
    vertex 0.16808223724365234 2.2724170684814453 0.0
  endloop
endfacet
facet normal 0.0 0.0 0.0
  outer loop
    vertex 1.9566497802734375 4.497490882873535 0.0
    vertex 0.16808223724365234 2.2724170684814453 0.0
    vertex 1.7490301132202148 4.638257026672363 0.0
  endloop
endfacet
facet normal 0.0 0.0 0.0
  outer loop
    vertex 1.7490301132202148 4.638257026672363 0.0
    vertex 0.16808223724365234 2.2724170684814453 0.0
    vertex -0.19993209838867188 2.5710320472717285 0.0
  endloop
endfacet
facet normal 0.0 0.0 0.0
  outer loop
    vertex 1.7490301132202148 4.638257026672363 0.0
    vertex -0.19993209838867188 2.5710320472717285 0.0
    vertex -0.5300450325012207 2.9110770225524902 0.0
  endloop
endfacet
facet normal 0.0 0.0 0.0
  outer loop
    vertex 1.7490301132202148 4.638257026672363 0.0
    vertex -0.5300450325012207 2.9110770225524902 0.0
    vertex 1.5765304565429688 4.8203630447387695 0.0
  endloop
endfacet
facet normal 0.0 0.0 0.0
  outer loop
    vertex 1.5765304565429688 4.8203630447387695 0.0
    vertex -0.5300450325012207 2.9110770225524902 0.0
    vertex -0.8176231384277344 3.28777813911438 0.0
  endloop
endfacet
facet normal 0.0 0.0 0.0
  outer loop
    vertex 1.5765304565429688 4.8203630447387695 0.0
    vertex -0.8176231384277344 3.28777813911438 0.0
    vertex 1.4472131729125977 5.0352935791015625 0.0
  endloop
endfacet
facet normal 0.0 0.0 0.0
  outer loop
    vertex 1.4472131729125977 5.0352935791015625 0.0
    vertex -0.8176231384277344 3.28777813911438 0.0
    vertex -1.0586280822753906 3.695847988128662 0.0
  endloop
endfacet
facet normal 0.0 0.0 0.0
  outer loop
    vertex 1.4472131729125977 5.0352935791015625 0.0
    vertex -1.0586280822753906 3.695847988128662 0.0
    vertex -1.2496790885925293 4.129558086395264 0.0
  endloop
endfacet
facet normal 0.0 0.0 0.0
  outer loop
    vertex 1.4472131729125977 5.0352935791015625 0.0
    vertex -1.2496790885925293 4.129558086395264 0.0
    vertex 1.3671197891235352 5.272999286651611 0.0
  endloop
endfacet
facet normal 0.0 0.0 0.0
  outer loop
    vertex 1.3671197891235352 5.272999286651611 0.0
    vertex -1.2496790885925293 4.129558086395264 0.0
    vertex -1.388092041015625 4.582820892333984 0.0
  endloop
endfacet
facet normal 0.0 0.0 0.0
  outer loop
    vertex 1.3671197891235352 5.272999286651611 0.0
    vertex -1.388092041015625 4.582820892333984 0.0
    vertex -1.471923828125 5.049272537231445 0.0
  endloop
endfacet
facet normal 0.0 0.0 0.0
  outer loop
    vertex 1.3671197891235352 5.272999286651611 0.0
    vertex -1.471923828125 5.049272537231445 0.0
    vertex 1.3400001525878906 5.522365093231201 0.0
  endloop
endfacet
facet normal 0.0 0.0 0.0
  outer loop
    vertex 1.3671197891235352 15.771734237670898 2.1500000953674316
    vertex 0.7781229019165039 15.834835052490234 2.1500000953674316
    vertex 1.3400001525878906 15.52236557006836 2.1500000953674316
  endloop
endfacet
facet normal 0.0 0.0 0.0
  outer loop
    vertex 1.3400001525878906 15.52236557006836 2.1500000953674316
    vertex 0.7781229019165039 15.834835052490234 2.1500000953674316
    vertex 0.75 15.52236557006836 2.1500000953674316
  endloop
endfacet
facet normal 0.0 0.0 0.0
  outer loop
    vertex 1.3400001525878906 15.52236557006836 2.1500000953674316
    vertex 0.75 15.52236557006836 2.1500000953674316
    vertex 0.7781229019165039 15.209890365600586 2.1500000953674316
  endloop
endfacet
facet normal 0.0 0.0 0.0
  outer loop
    vertex 0.7781229019165039 15.834835052490234 2.1500000953674316
    vertex 1.3671197891235352 15.771734237670898 2.1500000953674316
    vertex 0.8615894317626953 16.13727569580078 2.1500000953674316
  endloop
endfacet
facet normal 0.0 0.0 0.0
  outer loop
    vertex 0.8615894317626953 16.13727569580078 2.1500000953674316
    vertex 1.3671197891235352 15.771734237670898 2.1500000953674316
    vertex 1.4472131729125977 16.009435653686523 2.1500000953674316
  endloop
endfacet
facet normal 0.0 0.0 0.0
  outer loop
    vertex 0.8615894317626953 16.13727569580078 2.1500000953674316
    vertex 1.4472131729125977 16.009435653686523 2.1500000953674316
    vertex 0.9977149963378906 16.41993522644043 2.1500000953674316
  endloop
endfacet
facet normal 0.0 0.0 0.0
  outer loop
    vertex 0.9977149963378906 16.41993522644043 2.1500000953674316
    vertex 1.4472131729125977 16.009435653686523 2.1500000953674316
    vertex 1.5765304565429688 16.224365234375 2.1500000953674316
  endloop
endfacet
facet normal 0.0 0.0 0.0
  outer loop
    vertex 0.9977149963378906 16.41993522644043 2.1500000953674316
    vertex 1.5765304565429688 16.224365234375 2.1500000953674316
    vertex 1.1821250915527344 16.673755645751953 2.1500000953674316
  endloop
endfacet
facet normal 0.0 0.0 0.0
  outer loop
    vertex 1.1821250915527344 16.673755645751953 2.1500000953674316
    vertex 1.5765304565429688 16.224365234375 2.1500000953674316
    vertex 1.7490301132202148 16.406475067138672 2.1500000953674316
  endloop
endfacet
facet normal 0.0 0.0 0.0
  outer loop
    vertex 1.1821250915527344 16.673755645751953 2.1500000953674316
    vertex 1.7490301132202148 16.406475067138672 2.1500000953674316
    vertex 1.4088926315307617 16.890575408935547 2.1500000953674316
  endloop
endfacet
facet normal 0.0 0.0 0.0
  outer loop
    vertex 1.4088926315307617 16.890575408935547 2.1500000953674316
    vertex 1.7490301132202148 16.406475067138672 2.1500000953674316
    vertex 1.9566497802734375 16.5472354888916 2.1500000953674316
  endloop
endfacet
facet normal 0.0 0.0 0.0
  outer loop
    vertex 1.4088926315307617 16.890575408935547 2.1500000953674316
    vertex 1.9566497802734375 16.5472354888916 2.1500000953674316
    vertex 1.670729637145996 17.063405990600586 2.1500000953674316
  endloop
endfacet
facet normal 0.0 0.0 0.0
  outer loop
    vertex 1.670729637145996 17.063405990600586 2.1500000953674316
    vertex 1.9566497802734375 16.5472354888916 2.1500000953674316
    vertex 1.9592199325561523 17.18671417236328 2.1500000953674316
  endloop
endfacet
facet normal 0.0 0.0 0.0
  outer loop
    vertex 1.9592199325561523 17.18671417236328 2.1500000953674316
    vertex 1.9566497802734375 16.5472354888916 2.1500000953674316
    vertex 2.189669609069824 16.640085220336914 2.1500000953674316
  endloop
endfacet
facet normal 0.0 0.0 0.0
  outer loop
    vertex 1.9592199325561523 17.18671417236328 2.1500000953674316
    vertex 2.189669609069824 16.640085220336914 2.1500000953674316
    vertex 2.265089988708496 17.25652503967285 2.1500000953674316
  endloop
endfacet
facet normal 0.0 0.0 0.0
  outer loop
    vertex 2.265089988708496 17.25652503967285 2.1500000953674316
    vertex 2.189669609069824 16.640085220336914 2.1500000953674316
    vertex 2.437199592590332 16.680665969848633 2.1500000953674316
  endloop
endfacet
facet normal 0.0 0.0 0.0
  outer loop
    vertex 2.265089988708496 17.25652503967285 2.1500000953674316
    vertex 2.437199592590332 16.680665969848633 2.1500000953674316
    vertex 2.578510284423828 17.270605087280273 2.1500000953674316
  endloop
endfacet
facet normal 0.0 0.0 0.0
  outer loop
    vertex 2.578510284423828 17.270605087280273 2.1500000953674316
    vertex 2.437199592590332 16.680665969848633 2.1500000953674316
    vertex 2.6876697540283203 16.667085647583008 2.1500000953674316
  endloop
endfacet
facet normal 0.0 0.0 0.0
  outer loop
    vertex 2.578510284423828 17.270605087280273 2.1500000953674316
    vertex 2.6876697540283203 16.667085647583008 2.1500000953674316
    vertex 2.8894100189208984 17.228485107421875 2.1500000953674316
  endloop
endfacet
facet normal 0.0 0.0 0.0
  outer loop
    vertex 2.8894100189208984 17.228485107421875 2.1500000953674316
    vertex 2.6876697540283203 16.667085647583008 2.1500000953674316
    vertex 2.9293603897094727 16.5999755859375 2.1500000953674316
  endloop
endfacet
facet normal 0.0 0.0 0.0
  outer loop
    vertex 2.8894100189208984 17.228485107421875 2.1500000953674316
    vertex 2.9293603897094727 16.5999755859375 2.1500000953674316
    vertex 3.1877899169921875 17.131534576416016 2.1500000953674316
  endloop
endfacet
facet normal 0.0 0.0 0.0
  outer loop
    vertex 3.1877899169921875 17.131534576416016 2.1500000953674316
    vertex 2.9293603897094727 16.5999755859375 2.1500000953674316
    vertex 3.150979995727539 16.482484817504883 2.1500000953674316
  endloop
endfacet
facet normal 0.0 0.0 0.0
  outer loop
    vertex 3.1877899169921875 17.131534576416016 2.1500000953674316
    vertex 3.150979995727539 16.482484817504883 2.1500000953674316
    vertex 3.4640703201293945 16.982864379882812 2.1500000953674316
  endloop
endfacet
facet normal 0.0 0.0 0.0
  outer loop
    vertex 3.4640703201293945 16.982864379882812 2.1500000953674316
    vertex 3.150979995727539 16.482484817504883 2.1500000953674316
    vertex 3.709360122680664 16.787254333496094 2.1500000953674316
  endloop
endfacet
facet normal 0.0 0.0 0.0
  outer loop
    vertex 3.709360122680664 16.787254333496094 2.1500000953674316
    vertex 3.150979995727539 16.482484817504883 2.1500000953674316
    vertex 3.3421497344970703 16.32009506225586 2.1500000953674316
  endloop
endfacet
facet normal 0.0 0.0 0.0
  outer loop
    vertex 3.709360122680664 16.787254333496094 2.1500000953674316
    vertex 3.3421497344970703 16.32009506225586 2.1500000953674316
    vertex 3.9157800674438477 16.55098533630371 2.1500000953674316
  endloop
endfacet
facet normal 0.0 0.0 0.0
  outer loop
    vertex 3.9157800674438477 16.55098533630371 2.1500000953674316
    vertex 3.3421497344970703 16.32009506225586 2.1500000953674316
    vertex 3.4939498901367188 16.120405197143555 2.1500000953674316
  endloop
endfacet
facet normal 0.0 0.0 0.0
  outer loop
    vertex 3.9157800674438477 16.55098533630371 2.1500000953674316
    vertex 3.4939498901367188 16.120405197143555 2.1500000953674316
    vertex 4.076700210571289 16.281665802001953 2.1500000953674316
  endloop
endfacet
facet normal 0.0 0.0 0.0
  outer loop
    vertex 4.076700210571289 16.281665802001953 2.1500000953674316
    vertex 3.4939498901367188 16.120405197143555 2.1500000953674316
    vertex 3.59928035736084 15.892755508422852 2.1500000953674316
  endloop
endfacet
facet normal 0.0 0.0 0.0
  outer loop
    vertex 4.076700210571289 16.281665802001953 2.1500000953674316
    vertex 3.59928035736084 15.892755508422852 2.1500000953674316
    vertex 4.1869401931762695 15.987924575805664 2.1500000953674316
  endloop
endfacet
facet normal 0.0 0.0 0.0
  outer loop
    vertex 4.1869401931762695 15.987924575805664 2.1500000953674316
    vertex 3.59928035736084 15.892755508422852 2.1500000953674316
    vertex 3.653200149536133 15.647785186767578 2.1500000953674316
  endloop
endfacet
facet normal 0.0 0.0 0.0
  outer loop
    vertex 4.1869401931762695 15.987924575805664 2.1500000953674316
    vertex 3.653200149536133 15.647785186767578 2.1500000953674316
    vertex 4.242959976196289 15.679235458374023 2.1500000953674316
  endloop
endfacet
facet normal 0.0 0.0 0.0
  outer loop
    vertex 4.242959976196289 15.679235458374023 2.1500000953674316
    vertex 3.653200149536133 15.647785186767578 2.1500000953674316
    vertex 4.242959976196289 15.365495681762695 2.1500000953674316
  endloop
endfacet
facet normal 0.0 0.0 0.0
  outer loop
    vertex 4.242959976196289 15.365495681762695 2.1500000953674316
    vertex 3.653200149536133 15.647785186767578 2.1500000953674316
    vertex 3.653200149536133 15.396947860717773 2.1500000953674316
  endloop
endfacet
facet normal 0.0 0.0 0.0
  outer loop
    vertex 4.242959976196289 15.365495681762695 2.1500000953674316
    vertex 3.653200149536133 15.396947860717773 2.1500000953674316
    vertex 4.1869401931762695 15.056800842285156 2.1500000953674316
  endloop
endfacet
facet normal 0.0 0.0 0.0
  outer loop
    vertex 4.1869401931762695 15.056800842285156 2.1500000953674316
    vertex 3.653200149536133 15.396947860717773 2.1500000953674316
    vertex 3.59928035736084 15.151975631713867 2.1500000953674316
  endloop
endfacet
facet normal 0.0 0.0 0.0
  outer loop
    vertex 4.1869401931762695 15.056800842285156 2.1500000953674316
    vertex 3.59928035736084 15.151975631713867 2.1500000953674316
    vertex 4.076700210571289 14.763067245483398 2.1500000953674316
  endloop
endfacet
facet normal 0.0 0.0 0.0
  outer loop
    vertex 4.076700210571289 14.763067245483398 2.1500000953674316
    vertex 3.59928035736084 15.151975631713867 2.1500000953674316
    vertex 3.4939498901367188 14.924324035644531 2.1500000953674316
  endloop
endfacet
facet normal 0.0 0.0 0.0
  outer loop
    vertex 4.076700210571289 14.763067245483398 2.1500000953674316
    vertex 3.4939498901367188 14.924324035644531 2.1500000953674316
    vertex 3.9157800674438477 14.493741989135742 2.1500000953674316
  endloop
endfacet
facet normal 0.0 0.0 0.0
  outer loop
    vertex 3.9157800674438477 14.493741989135742 2.1500000953674316
    vertex 3.4939498901367188 14.924324035644531 2.1500000953674316
    vertex 3.3421497344970703 14.724634170532227 2.1500000953674316
  endloop
endfacet
facet normal 0.0 0.0 0.0
  outer loop
    vertex 3.9157800674438477 14.493741989135742 2.1500000953674316
    vertex 3.3421497344970703 14.724634170532227 2.1500000953674316
    vertex 3.709360122680664 14.257474899291992 2.1500000953674316
  endloop
endfacet
facet normal 0.0 0.0 0.0
  outer loop
    vertex 3.709360122680664 14.257474899291992 2.1500000953674316
    vertex 3.3421497344970703 14.724634170532227 2.1500000953674316
    vertex 3.150979995727539 14.562246322631836 2.1500000953674316
  endloop
endfacet
facet normal 0.0 0.0 0.0
  outer loop
    vertex 3.709360122680664 14.257474899291992 2.1500000953674316
    vertex 3.150979995727539 14.562246322631836 2.1500000953674316
    vertex 3.4640703201293945 14.06186294555664 2.1500000953674316
  endloop
endfacet
facet normal 0.0 0.0 0.0
  outer loop
    vertex 3.4640703201293945 14.06186294555664 2.1500000953674316
    vertex 3.150979995727539 14.562246322631836 2.1500000953674316
    vertex 3.1877899169921875 13.913190841674805 2.1500000953674316
  endloop
endfacet
facet normal 0.0 0.0 0.0
  outer loop
    vertex 3.1877899169921875 13.913190841674805 2.1500000953674316
    vertex 3.150979995727539 14.562246322631836 2.1500000953674316
    vertex 2.9293603897094727 14.444751739501953 2.1500000953674316
  endloop
endfacet
facet normal 0.0 0.0 0.0
  outer loop
    vertex 3.1877899169921875 13.913190841674805 2.1500000953674316
    vertex 2.9293603897094727 14.444751739501953 2.1500000953674316
    vertex 2.8894100189208984 13.816240310668945 2.1500000953674316
  endloop
endfacet
facet normal 0.0 0.0 0.0
  outer loop
    vertex 2.8894100189208984 13.816240310668945 2.1500000953674316
    vertex 2.9293603897094727 14.444751739501953 2.1500000953674316
    vertex 2.6876697540283203 14.377645492553711 2.1500000953674316
  endloop
endfacet
facet normal 0.0 0.0 0.0
  outer loop
    vertex 2.8894100189208984 13.816240310668945 2.1500000953674316
    vertex 2.6876697540283203 14.377645492553711 2.1500000953674316
    vertex 2.578510284423828 13.774127960205078 2.1500000953674316
  endloop
endfacet
facet normal 0.0 0.0 0.0
  outer loop
    vertex 2.578510284423828 13.774127960205078 2.1500000953674316
    vertex 2.6876697540283203 14.377645492553711 2.1500000953674316
    vertex 2.437199592590332 14.364065170288086 2.1500000953674316
  endloop
endfacet
facet normal 0.0 0.0 0.0
  outer loop
    vertex 2.578510284423828 13.774127960205078 2.1500000953674316
    vertex 2.437199592590332 14.364065170288086 2.1500000953674316
    vertex 2.265089988708496 13.788202285766602 2.1500000953674316
  endloop
endfacet
facet normal 0.0 0.0 0.0
  outer loop
    vertex 2.265089988708496 13.788202285766602 2.1500000953674316
    vertex 2.437199592590332 14.364065170288086 2.1500000953674316
    vertex 2.189669609069824 14.404647827148438 2.1500000953674316
  endloop
endfacet
facet normal 0.0 0.0 0.0
  outer loop
    vertex 2.265089988708496 13.788202285766602 2.1500000953674316
    vertex 2.189669609069824 14.404647827148438 2.1500000953674316
    vertex 1.9592199325561523 13.858016967773438 2.1500000953674316
  endloop
endfacet
facet normal 0.0 0.0 0.0
  outer loop
    vertex 1.9592199325561523 13.858016967773438 2.1500000953674316
    vertex 2.189669609069824 14.404647827148438 2.1500000953674316
    vertex 1.9566497802734375 14.497491836547852 2.1500000953674316
  endloop
endfacet
facet normal 0.0 0.0 0.0
  outer loop
    vertex 1.9592199325561523 13.858016967773438 2.1500000953674316
    vertex 1.9566497802734375 14.497491836547852 2.1500000953674316
    vertex 1.670729637145996 13.9813232421875 2.1500000953674316
  endloop
endfacet
facet normal 0.0 0.0 0.0
  outer loop
    vertex 1.670729637145996 13.9813232421875 2.1500000953674316
    vertex 1.9566497802734375 14.497491836547852 2.1500000953674316
    vertex 1.4088926315307617 14.154159545898438 2.1500000953674316
  endloop
endfacet
facet normal 0.0 0.0 0.0
  outer loop
    vertex 1.4088926315307617 14.154159545898438 2.1500000953674316
    vertex 1.9566497802734375 14.497491836547852 2.1500000953674316
    vertex 1.7490301132202148 14.63825798034668 2.1500000953674316
  endloop
endfacet
facet normal 0.0 0.0 0.0
  outer loop
    vertex 1.4088926315307617 14.154159545898438 2.1500000953674316
    vertex 1.7490301132202148 14.63825798034668 2.1500000953674316
    vertex 1.1821250915527344 14.3709716796875 2.1500000953674316
  endloop
endfacet
facet normal 0.0 0.0 0.0
  outer loop
    vertex 1.1821250915527344 14.3709716796875 2.1500000953674316
    vertex 1.7490301132202148 14.63825798034668 2.1500000953674316
    vertex 1.5765304565429688 14.820363998413086 2.1500000953674316
  endloop
endfacet
facet normal 0.0 0.0 0.0
  outer loop
    vertex 1.1821250915527344 14.3709716796875 2.1500000953674316
    vertex 1.5765304565429688 14.820363998413086 2.1500000953674316
    vertex 0.9977149963378906 14.62479019165039 2.1500000953674316
  endloop
endfacet
facet normal 0.0 0.0 0.0
  outer loop
    vertex 0.9977149963378906 14.62479019165039 2.1500000953674316
    vertex 1.5765304565429688 14.820363998413086 2.1500000953674316
    vertex 1.4472131729125977 15.035293579101562 2.1500000953674316
  endloop
endfacet
facet normal 0.0 0.0 0.0
  outer loop
    vertex 0.9977149963378906 14.62479019165039 2.1500000953674316
    vertex 1.4472131729125977 15.035293579101562 2.1500000953674316
    vertex 0.8615894317626953 14.907459259033203 2.1500000953674316
  endloop
endfacet
facet normal 0.0 0.0 0.0
  outer loop
    vertex 0.8615894317626953 14.907459259033203 2.1500000953674316
    vertex 1.4472131729125977 15.035293579101562 2.1500000953674316
    vertex 1.3671197891235352 15.272998809814453 2.1500000953674316
  endloop
endfacet
facet normal 0.0 0.0 0.0
  outer loop
    vertex 0.8615894317626953 14.907459259033203 2.1500000953674316
    vertex 1.3671197891235352 15.272998809814453 2.1500000953674316
    vertex 0.7781229019165039 15.209890365600586 2.1500000953674316
  endloop
endfacet
facet normal 0.0 0.0 0.0
  outer loop
    vertex 0.7781229019165039 15.209890365600586 2.1500000953674316
    vertex 1.3671197891235352 15.272998809814453 2.1500000953674316
    vertex 1.3400001525878906 15.52236557006836 2.1500000953674316
  endloop
endfacet
facet normal 0.0 0.0 0.0
  outer loop
    vertex -1.471923828125 15.995454788208008 1.0
    vertex -1.471923828125 15.995454788208008 0.0
    vertex -1.5 15.52236557006836 1.0
  endloop
endfacet
facet normal 0.0 0.0 0.0
  outer loop
    vertex -1.5 15.52236557006836 1.0
    vertex -1.471923828125 15.995454788208008 0.0
    vertex -1.5 15.52236557006836 0.0
  endloop
endfacet
facet normal 0.0 0.0 0.0
  outer loop
    vertex -1.5 15.52236557006836 1.0
    vertex -1.5 15.52236557006836 0.0
    vertex -1.471923828125 15.049272537231445 1.0
  endloop
endfacet
facet normal 0.0 0.0 0.0
  outer loop
    vertex -1.471923828125 15.049272537231445 1.0
    vertex -1.5 15.52236557006836 0.0
    vertex -1.471923828125 15.049272537231445 0.0
  endloop
endfacet
facet normal 0.0 0.0 0.0
  outer loop
    vertex -1.471923828125 15.049272537231445 1.0
    vertex -1.471923828125 15.049272537231445 0.0
    vertex -1.388092041015625 14.582820892333984 0.0
  endloop
endfacet
facet normal 0.0 0.0 0.0
  outer loop
    vertex -1.471923828125 15.995454788208008 1.0
    vertex -1.388092041015625 16.461904525756836 1.0
    vertex -1.471923828125 15.995454788208008 0.0
  endloop
endfacet
facet normal 0.0 0.0 0.0
  outer loop
    vertex -1.471923828125 15.995454788208008 0.0
    vertex -1.388092041015625 16.461904525756836 1.0
    vertex -1.388092041015625 16.461904525756836 0.0
  endloop
endfacet
facet normal 0.0 0.0 0.0
  outer loop
    vertex -1.388092041015625 16.461904525756836 0.0
    vertex -1.388092041015625 16.461904525756836 1.0
    vertex -1.2496790885925293 16.91517448425293 1.0
  endloop
endfacet
facet normal 0.0 0.0 0.0
  outer loop
    vertex -1.388092041015625 16.461904525756836 0.0
    vertex -1.2496790885925293 16.91517448425293 1.0
    vertex -1.2496790885925293 16.91517448425293 0.0
  endloop
endfacet
facet normal 0.0 0.0 0.0
  outer loop
    vertex -1.2496790885925293 16.91517448425293 0.0
    vertex -1.2496790885925293 16.91517448425293 1.0
    vertex -1.0586280822753906 17.34888458251953 1.0
  endloop
endfacet
facet normal 0.0 0.0 0.0
  outer loop
    vertex -1.2496790885925293 16.91517448425293 0.0
    vertex -1.0586280822753906 17.34888458251953 1.0
    vertex -1.0586280822753906 17.34888458251953 0.0
  endloop
endfacet
facet normal 0.0 0.0 0.0
  outer loop
    vertex -1.0586280822753906 17.34888458251953 0.0
    vertex -1.0586280822753906 17.34888458251953 1.0
    vertex -0.8176231384277344 17.756954193115234 1.0
  endloop
endfacet
facet normal 0.0 0.0 0.0
  outer loop
    vertex -1.0586280822753906 17.34888458251953 0.0
    vertex -0.8176231384277344 17.756954193115234 1.0
    vertex -0.8176231384277344 17.756954193115234 0.0
  endloop
endfacet
facet normal 0.0 0.0 0.0
  outer loop
    vertex -0.8176231384277344 17.756954193115234 0.0
    vertex -0.8176231384277344 17.756954193115234 1.0
    vertex -0.5300450325012207 18.133655548095703 1.0
  endloop
endfacet
facet normal 0.0 0.0 0.0
  outer loop
    vertex -0.8176231384277344 17.756954193115234 0.0
    vertex -0.5300450325012207 18.133655548095703 1.0
    vertex -0.5300450325012207 18.133655548095703 0.0
  endloop
endfacet
facet normal 0.0 0.0 0.0
  outer loop
    vertex -0.5300450325012207 18.133655548095703 0.0
    vertex -0.5300450325012207 18.133655548095703 1.0
    vertex -0.19993209838867188 18.473695755004883 1.0
  endloop
endfacet
facet normal 0.0 0.0 0.0
  outer loop
    vertex -0.5300450325012207 18.133655548095703 0.0
    vertex -0.19993209838867188 18.473695755004883 1.0
    vertex -0.19993209838867188 18.473695755004883 0.0
  endloop
endfacet
facet normal 0.0 0.0 0.0
  outer loop
    vertex -0.19993209838867188 18.473695755004883 0.0
    vertex -0.19993209838867188 18.473695755004883 1.0
    vertex 0.16808223724365234 18.772315979003906 1.0
  endloop
endfacet
facet normal 0.0 0.0 0.0
  outer loop
    vertex -0.19993209838867188 18.473695755004883 0.0
    vertex 0.16808223724365234 18.772315979003906 1.0
    vertex 0.16808223724365234 18.772315979003906 0.0
  endloop
endfacet
facet normal 0.0 0.0 0.0
  outer loop
    vertex 0.16808223724365234 18.772315979003906 0.0
    vertex 0.16808223724365234 18.772315979003906 1.0
    vertex 0.5688314437866211 19.025304794311523 1.0
  endloop
endfacet
facet normal 0.0 0.0 0.0
  outer loop
    vertex 0.16808223724365234 18.772315979003906 0.0
    vertex 0.5688314437866211 19.025304794311523 1.0
    vertex 0.5688314437866211 19.025304794311523 0.0
  endloop
endfacet
facet normal 0.0 0.0 0.0
  outer loop
    vertex 0.5688314437866211 19.025304794311523 0.0
    vertex 0.5688314437866211 19.025304794311523 1.0
    vertex 0.9966897964477539 19.2291259765625 1.0
  endloop
endfacet
facet normal 0.0 0.0 0.0
  outer loop
    vertex 0.5688314437866211 19.025304794311523 0.0
    vertex 0.9966897964477539 19.2291259765625 1.0
    vertex 0.9966897964477539 19.2291259765625 0.0
  endloop
endfacet
facet normal 0.0 0.0 0.0
  outer loop
    vertex 0.9966897964477539 19.2291259765625 0.0
    vertex 0.9966897964477539 19.2291259765625 1.0
    vertex 1.4456510543823242 19.380905151367188 1.0
  endloop
endfacet
facet normal 0.0 0.0 0.0
  outer loop
    vertex 0.9966897964477539 19.2291259765625 0.0
    vertex 1.4456510543823242 19.380905151367188 1.0
    vertex 1.4456510543823242 19.380905151367188 0.0
  endloop
endfacet
facet normal 0.0 0.0 0.0
  outer loop
    vertex 1.4456510543823242 19.380905151367188 0.0
    vertex 1.4456510543823242 19.380905151367188 1.0
    vertex 1.9094104766845703 19.478525161743164 1.0
  endloop
endfacet
facet normal 0.0 0.0 0.0
  outer loop
    vertex 1.4456510543823242 19.380905151367188 0.0
    vertex 1.9094104766845703 19.478525161743164 1.0
    vertex 1.9094104766845703 19.478525161743164 0.0
  endloop
endfacet
facet normal 0.0 0.0 0.0
  outer loop
    vertex 1.9094104766845703 19.478525161743164 0.0
    vertex 1.9094104766845703 19.478525161743164 1.0
    vertex 2.3814697265625 19.520605087280273 1.0
  endloop
endfacet
facet normal 0.0 0.0 0.0
  outer loop
    vertex 1.9094104766845703 19.478525161743164 0.0
    vertex 2.3814697265625 19.520605087280273 1.0
    vertex 2.3814697265625 19.520605087280273 0.0
  endloop
endfacet
facet normal 0.0 0.0 0.0
  outer loop
    vertex 2.3814697265625 19.520605087280273 0.0
    vertex 2.3814697265625 19.520605087280273 1.0
    vertex 2.855179786682129 19.50656509399414 1.0
  endloop
endfacet
facet normal 0.0 0.0 0.0
  outer loop
    vertex 2.3814697265625 19.520605087280273 0.0
    vertex 2.855179786682129 19.50656509399414 1.0
    vertex 2.855179786682129 19.50656509399414 0.0
  endloop
endfacet
facet normal 0.0 0.0 0.0
  outer loop
    vertex 2.855179786682129 19.50656509399414 0.0
    vertex 2.855179786682129 19.50656509399414 1.0
    vertex 3.3239097595214844 19.436595916748047 1.0
  endloop
endfacet
facet normal 0.0 0.0 0.0
  outer loop
    vertex 2.855179786682129 19.50656509399414 0.0
    vertex 3.3239097595214844 19.436595916748047 1.0
    vertex 3.3239097595214844 19.436595916748047 0.0
  endloop
endfacet
facet normal 0.0 0.0 0.0
  outer loop
    vertex 3.3239097595214844 19.436595916748047 0.0
    vertex 3.3239097595214844 19.436595916748047 1.0
    vertex 3.7810802459716797 19.311676025390625 1.0
  endloop
endfacet
facet normal 0.0 0.0 0.0
  outer loop
    vertex 3.3239097595214844 19.436595916748047 0.0
    vertex 3.7810802459716797 19.311676025390625 1.0
    vertex 3.7810802459716797 19.311676025390625 0.0
  endloop
endfacet
facet normal 0.0 0.0 0.0
  outer loop
    vertex 3.7810802459716797 19.311676025390625 0.0
    vertex 3.7810802459716797 19.311676025390625 1.0
    vertex 4.220259666442871 19.133554458618164 1.0
  endloop
endfacet
facet normal 0.0 0.0 0.0
  outer loop
    vertex 3.7810802459716797 19.311676025390625 0.0
    vertex 4.220259666442871 19.133554458618164 1.0
    vertex 4.220259666442871 19.133554458618164 0.0
  endloop
endfacet
facet normal 0.0 0.0 0.0
  outer loop
    vertex 4.220259666442871 19.133554458618164 0.0
    vertex 4.220259666442871 19.133554458618164 1.0
    vertex 4.635290145874023 18.90474510192871 1.0
  endloop
endfacet
facet normal 0.0 0.0 0.0
  outer loop
    vertex 4.220259666442871 19.133554458618164 0.0
    vertex 4.635290145874023 18.90474510192871 1.0
    vertex 4.635290145874023 18.90474510192871 0.0
  endloop
endfacet
facet normal 0.0 0.0 0.0
  outer loop
    vertex 4.635290145874023 18.90474510192871 0.0
    vertex 4.635290145874023 18.90474510192871 1.0
    vertex 5.020350456237793 18.62846565246582 1.0
  endloop
endfacet
facet normal 0.0 0.0 0.0
  outer loop
    vertex 4.635290145874023 18.90474510192871 0.0
    vertex 5.020350456237793 18.62846565246582 1.0
    vertex 5.020350456237793 18.62846565246582 0.0
  endloop
endfacet
facet normal 0.0 0.0 0.0
  outer loop
    vertex 5.020350456237793 18.62846565246582 0.0
    vertex 5.020350456237793 18.62846565246582 1.0
    vertex 5.370030403137207 18.308565139770508 1.0
  endloop
endfacet
facet normal 0.0 0.0 0.0
  outer loop
    vertex 5.020350456237793 18.62846565246582 0.0
    vertex 5.370030403137207 18.308565139770508 1.0
    vertex 5.370030403137207 18.308565139770508 0.0
  endloop
endfacet
facet normal 0.0 0.0 0.0
  outer loop
    vertex 5.370030403137207 18.308565139770508 0.0
    vertex 5.370030403137207 18.308565139770508 1.0
    vertex 5.679420471191406 17.949565887451172 1.0
  endloop
endfacet
facet normal 0.0 0.0 0.0
  outer loop
    vertex 5.370030403137207 18.308565139770508 0.0
    vertex 5.679420471191406 17.949565887451172 1.0
    vertex 5.679420471191406 17.949565887451172 0.0
  endloop
endfacet
facet normal 0.0 0.0 0.0
  outer loop
    vertex 5.679420471191406 17.949565887451172 0.0
    vertex 5.679420471191406 17.949565887451172 1.0
    vertex 5.944169998168945 17.55648422241211 1.0
  endloop
endfacet
facet normal 0.0 0.0 0.0
  outer loop
    vertex 5.679420471191406 17.949565887451172 0.0
    vertex 5.944169998168945 17.55648422241211 1.0
    vertex 5.944169998168945 17.55648422241211 0.0
  endloop
endfacet
facet normal 0.0 0.0 0.0
  outer loop
    vertex 5.944169998168945 17.55648422241211 0.0
    vertex 5.944169998168945 17.55648422241211 1.0
    vertex 6.160579681396484 17.134855270385742 1.0
  endloop
endfacet
facet normal 0.0 0.0 0.0
  outer loop
    vertex 5.944169998168945 17.55648422241211 0.0
    vertex 6.160579681396484 17.134855270385742 1.0
    vertex 6.160579681396484 17.134855270385742 0.0
  endloop
endfacet
facet normal 0.0 0.0 0.0
  outer loop
    vertex 6.160579681396484 17.134855270385742 0.0
    vertex 6.160579681396484 17.134855270385742 1.0
    vertex 6.325599670410156 16.690595626831055 1.0
  endloop
endfacet
facet normal 0.0 0.0 0.0
  outer loop
    vertex 6.160579681396484 17.134855270385742 0.0
    vertex 6.325599670410156 16.690595626831055 1.0
    vertex 6.325599670410156 16.690595626831055 0.0
  endloop
endfacet
facet normal 0.0 0.0 0.0
  outer loop
    vertex 6.325599670410156 16.690595626831055 0.0
    vertex 6.325599670410156 16.690595626831055 1.0
    vertex 6.436920166015625 16.22992515563965 1.0
  endloop
endfacet
facet normal 0.0 0.0 0.0
  outer loop
    vertex 6.325599670410156 16.690595626831055 0.0
    vertex 6.436920166015625 16.22992515563965 1.0
    vertex 6.436920166015625 16.22992515563965 0.0
  endloop
endfacet
facet normal 0.0 0.0 0.0
  outer loop
    vertex 6.436920166015625 16.22992515563965 0.0
    vertex 6.436920166015625 16.22992515563965 1.0
    vertex 6.4929704666137695 15.75932502746582 1.0
  endloop
endfacet
facet normal 0.0 0.0 0.0
  outer loop
    vertex 6.436920166015625 16.22992515563965 0.0
    vertex 6.4929704666137695 15.75932502746582 1.0
    vertex 6.4929704666137695 15.75932502746582 0.0
  endloop
endfacet
facet normal 0.0 0.0 0.0
  outer loop
    vertex 6.4929704666137695 15.75932502746582 0.0
    vertex 6.4929704666137695 15.75932502746582 1.0
    vertex 6.4929704666137695 15.285402297973633 1.0
  endloop
endfacet
facet normal 0.0 0.0 0.0
  outer loop
    vertex 6.4929704666137695 15.75932502746582 0.0
    vertex 6.4929704666137695 15.285402297973633 1.0
    vertex 6.4929704666137695 15.285402297973633 0.0
  endloop
endfacet
facet normal 0.0 0.0 0.0
  outer loop
    vertex 6.4929704666137695 15.285402297973633 0.0
    vertex 6.4929704666137695 15.285402297973633 1.0
    vertex 6.436920166015625 14.814804077148438 1.0
  endloop
endfacet
facet normal 0.0 0.0 0.0
  outer loop
    vertex 6.4929704666137695 15.285402297973633 0.0
    vertex 6.436920166015625 14.814804077148438 1.0
    vertex 6.436920166015625 14.814804077148438 0.0
  endloop
endfacet
facet normal 0.0 0.0 0.0
  outer loop
    vertex 6.436920166015625 14.814804077148438 0.0
    vertex 6.436920166015625 14.814804077148438 1.0
    vertex 6.325599670410156 14.354137420654297 1.0
  endloop
endfacet
facet normal 0.0 0.0 0.0
  outer loop
    vertex 6.436920166015625 14.814804077148438 0.0
    vertex 6.325599670410156 14.354137420654297 1.0
    vertex 6.325599670410156 14.354137420654297 0.0
  endloop
endfacet
facet normal 0.0 0.0 0.0
  outer loop
    vertex 6.325599670410156 14.354137420654297 0.0
    vertex 6.325599670410156 14.354137420654297 1.0
    vertex 6.160579681396484 13.909870147705078 1.0
  endloop
endfacet
facet normal 0.0 0.0 0.0
  outer loop
    vertex 6.325599670410156 14.354137420654297 0.0
    vertex 6.160579681396484 13.909870147705078 1.0
    vertex 6.160579681396484 13.909870147705078 0.0
  endloop
endfacet
facet normal 0.0 0.0 0.0
  outer loop
    vertex 6.160579681396484 13.909870147705078 0.0
    vertex 6.160579681396484 13.909870147705078 1.0
    vertex 5.944169998168945 13.488241195678711 1.0
  endloop
endfacet
facet normal 0.0 0.0 0.0
  outer loop
    vertex 6.160579681396484 13.909870147705078 0.0
    vertex 5.944169998168945 13.488241195678711 1.0
    vertex 5.944169998168945 13.488241195678711 0.0
  endloop
endfacet
facet normal 0.0 0.0 0.0
  outer loop
    vertex 5.944169998168945 13.488241195678711 0.0
    vertex 5.944169998168945 13.488241195678711 1.0
    vertex 5.679420471191406 13.09516429901123 1.0
  endloop
endfacet
facet normal 0.0 0.0 0.0
  outer loop
    vertex 5.944169998168945 13.488241195678711 0.0
    vertex 5.679420471191406 13.09516429901123 1.0
    vertex 5.679420471191406 13.09516429901123 0.0
  endloop
endfacet
facet normal 0.0 0.0 0.0
  outer loop
    vertex 5.679420471191406 13.09516429901123 0.0
    vertex 5.679420471191406 13.09516429901123 1.0
    vertex 5.370030403137207 12.736161231994629 1.0
  endloop
endfacet
facet normal 0.0 0.0 0.0
  outer loop
    vertex 5.679420471191406 13.09516429901123 0.0
    vertex 5.370030403137207 12.736161231994629 1.0
    vertex 5.370030403137207 12.736161231994629 0.0
  endloop
endfacet
facet normal 0.0 0.0 0.0
  outer loop
    vertex 5.370030403137207 12.736161231994629 0.0
    vertex 5.370030403137207 12.736161231994629 1.0
    vertex 5.020350456237793 12.41627025604248 1.0
  endloop
endfacet
facet normal 0.0 0.0 0.0
  outer loop
    vertex 5.370030403137207 12.736161231994629 0.0
    vertex 5.020350456237793 12.41627025604248 1.0
    vertex 5.020350456237793 12.41627025604248 0.0
  endloop
endfacet
facet normal 0.0 0.0 0.0
  outer loop
    vertex 5.020350456237793 12.41627025604248 0.0
    vertex 5.020350456237793 12.41627025604248 1.0
    vertex 4.635290145874023 12.139981269836426 1.0
  endloop
endfacet
facet normal 0.0 0.0 0.0
  outer loop
    vertex 5.020350456237793 12.41627025604248 0.0
    vertex 4.635290145874023 12.139981269836426 1.0
    vertex 4.635290145874023 12.139981269836426 0.0
  endloop
endfacet
facet normal 0.0 0.0 0.0
  outer loop
    vertex 4.635290145874023 12.139981269836426 0.0
    vertex 4.635290145874023 12.139981269836426 1.0
    vertex 4.220259666442871 11.911174774169922 1.0
  endloop
endfacet
facet normal 0.0 0.0 0.0
  outer loop
    vertex 4.635290145874023 12.139981269836426 0.0
    vertex 4.220259666442871 11.911174774169922 1.0
    vertex 4.220259666442871 11.911174774169922 0.0
  endloop
endfacet
facet normal 0.0 0.0 0.0
  outer loop
    vertex 4.220259666442871 11.911174774169922 0.0
    vertex 4.220259666442871 11.911174774169922 1.0
    vertex 3.7810802459716797 11.733059883117676 1.0
  endloop
endfacet
facet normal 0.0 0.0 0.0
  outer loop
    vertex 4.220259666442871 11.911174774169922 0.0
    vertex 3.7810802459716797 11.733059883117676 1.0
    vertex 3.7810802459716797 11.733059883117676 0.0
  endloop
endfacet
facet normal 0.0 0.0 0.0
  outer loop
    vertex 3.7810802459716797 11.733059883117676 0.0
    vertex 3.7810802459716797 11.733059883117676 1.0
    vertex 3.3239097595214844 11.608139038085938 1.0
  endloop
endfacet
facet normal 0.0 0.0 0.0
  outer loop
    vertex 3.7810802459716797 11.733059883117676 0.0
    vertex 3.3239097595214844 11.608139038085938 1.0
    vertex 3.3239097595214844 11.608139038085938 0.0
  endloop
endfacet
facet normal 0.0 0.0 0.0
  outer loop
    vertex 3.3239097595214844 11.608139038085938 0.0
    vertex 3.3239097595214844 11.608139038085938 1.0
    vertex 2.855179786682129 11.538166046142578 1.0
  endloop
endfacet
facet normal 0.0 0.0 0.0
  outer loop
    vertex 3.3239097595214844 11.608139038085938 0.0
    vertex 2.855179786682129 11.538166046142578 1.0
    vertex 2.855179786682129 11.538166046142578 0.0
  endloop
endfacet
facet normal 0.0 0.0 0.0
  outer loop
    vertex 2.855179786682129 11.538166046142578 0.0
    vertex 2.855179786682129 11.538166046142578 1.0
    vertex 2.3814697265625 11.52412223815918 1.0
  endloop
endfacet
facet normal 0.0 0.0 0.0
  outer loop
    vertex 2.855179786682129 11.538166046142578 0.0
    vertex 2.3814697265625 11.52412223815918 1.0
    vertex 2.3814697265625 11.52412223815918 0.0
  endloop
endfacet
facet normal 0.0 0.0 0.0
  outer loop
    vertex 2.3814697265625 11.52412223815918 0.0
    vertex 2.3814697265625 11.52412223815918 1.0
    vertex 1.9094104766845703 11.566204071044922 1.0
  endloop
endfacet
facet normal 0.0 0.0 0.0
  outer loop
    vertex 2.3814697265625 11.52412223815918 0.0
    vertex 1.9094104766845703 11.566204071044922 1.0
    vertex 1.9094104766845703 11.566204071044922 0.0
  endloop
endfacet
facet normal 0.0 0.0 0.0
  outer loop
    vertex 1.9094104766845703 11.566204071044922 0.0
    vertex 1.9094104766845703 11.566204071044922 1.0
    vertex 1.4456510543823242 11.663823127746582 1.0
  endloop
endfacet
facet normal 0.0 0.0 0.0
  outer loop
    vertex 1.9094104766845703 11.566204071044922 0.0
    vertex 1.4456510543823242 11.663823127746582 1.0
    vertex 1.4456510543823242 11.663823127746582 0.0
  endloop
endfacet
facet normal 0.0 0.0 0.0
  outer loop
    vertex 1.4456510543823242 11.663823127746582 0.0
    vertex 1.4456510543823242 11.663823127746582 1.0
    vertex 0.9966897964477539 11.815607070922852 1.0
  endloop
endfacet
facet normal 0.0 0.0 0.0
  outer loop
    vertex 1.4456510543823242 11.663823127746582 0.0
    vertex 0.9966897964477539 11.815607070922852 1.0
    vertex 0.9966897964477539 11.815607070922852 0.0
  endloop
endfacet
facet normal 0.0 0.0 0.0
  outer loop
    vertex 0.9966897964477539 11.815607070922852 0.0
    vertex 0.9966897964477539 11.815607070922852 1.0
    vertex 0.5688314437866211 12.019424438476562 1.0
  endloop
endfacet
facet normal 0.0 0.0 0.0
  outer loop
    vertex 0.9966897964477539 11.815607070922852 0.0
    vertex 0.5688314437866211 12.019424438476562 1.0
    vertex 0.5688314437866211 12.019424438476562 0.0
  endloop
endfacet
facet normal 0.0 0.0 0.0
  outer loop
    vertex 0.5688314437866211 12.019424438476562 0.0
    vertex 0.5688314437866211 12.019424438476562 1.0
    vertex 0.16808223724365234 12.272417068481445 1.0
  endloop
endfacet
facet normal 0.0 0.0 0.0
  outer loop
    vertex 0.5688314437866211 12.019424438476562 0.0
    vertex 0.16808223724365234 12.272417068481445 1.0
    vertex 0.16808223724365234 12.272417068481445 0.0
  endloop
endfacet
facet normal 0.0 0.0 0.0
  outer loop
    vertex 0.16808223724365234 12.272417068481445 0.0
    vertex 0.16808223724365234 12.272417068481445 1.0
    vertex -0.19993209838867188 12.57103157043457 1.0
  endloop
endfacet
facet normal 0.0 0.0 0.0
  outer loop
    vertex 0.16808223724365234 12.272417068481445 0.0
    vertex -0.19993209838867188 12.57103157043457 1.0
    vertex -0.19993209838867188 12.57103157043457 0.0
  endloop
endfacet
facet normal 0.0 0.0 0.0
  outer loop
    vertex -0.19993209838867188 12.57103157043457 0.0
    vertex -0.19993209838867188 12.57103157043457 1.0
    vertex -0.5300450325012207 12.911077499389648 1.0
  endloop
endfacet
facet normal 0.0 0.0 0.0
  outer loop
    vertex -0.19993209838867188 12.57103157043457 0.0
    vertex -0.5300450325012207 12.911077499389648 1.0
    vertex -0.5300450325012207 12.911077499389648 0.0
  endloop
endfacet
facet normal 0.0 0.0 0.0
  outer loop
    vertex -0.5300450325012207 12.911077499389648 0.0
    vertex -0.5300450325012207 12.911077499389648 1.0
    vertex -0.8176231384277344 13.2877779006958 1.0
  endloop
endfacet
facet normal 0.0 0.0 0.0
  outer loop
    vertex -0.5300450325012207 12.911077499389648 0.0
    vertex -0.8176231384277344 13.2877779006958 1.0
    vertex -0.8176231384277344 13.2877779006958 0.0
  endloop
endfacet
facet normal 0.0 0.0 0.0
  outer loop
    vertex -0.8176231384277344 13.2877779006958 0.0
    vertex -0.8176231384277344 13.2877779006958 1.0
    vertex -1.0586280822753906 13.69584846496582 1.0
  endloop
endfacet
facet normal 0.0 0.0 0.0
  outer loop
    vertex -0.8176231384277344 13.2877779006958 0.0
    vertex -1.0586280822753906 13.69584846496582 1.0
    vertex -1.0586280822753906 13.69584846496582 0.0
  endloop
endfacet
facet normal 0.0 0.0 0.0
  outer loop
    vertex -1.0586280822753906 13.69584846496582 0.0
    vertex -1.0586280822753906 13.69584846496582 1.0
    vertex -1.2496790885925293 14.129558563232422 1.0
  endloop
endfacet
facet normal 0.0 0.0 0.0
  outer loop
    vertex -1.0586280822753906 13.69584846496582 0.0
    vertex -1.2496790885925293 14.129558563232422 1.0
    vertex -1.2496790885925293 14.129558563232422 0.0
  endloop
endfacet
facet normal 0.0 0.0 0.0
  outer loop
    vertex -1.2496790885925293 14.129558563232422 0.0
    vertex -1.2496790885925293 14.129558563232422 1.0
    vertex -1.388092041015625 14.582820892333984 1.0
  endloop
endfacet
facet normal 0.0 0.0 0.0
  outer loop
    vertex -1.2496790885925293 14.129558563232422 0.0
    vertex -1.388092041015625 14.582820892333984 1.0
    vertex -1.388092041015625 14.582820892333984 0.0
  endloop
endfacet
facet normal 0.0 0.0 0.0
  outer loop
    vertex -1.388092041015625 14.582820892333984 0.0
    vertex -1.388092041015625 14.582820892333984 1.0
    vertex -1.471923828125 15.049272537231445 1.0
  endloop
endfacet
facet normal 0.0 0.0 0.0
  outer loop
    vertex 0.7781229019165039 15.834835052490234 1.0
    vertex -1.471923828125 15.995454788208008 1.0
    vertex 0.75 15.52236557006836 1.0
  endloop
endfacet
facet normal 0.0 0.0 0.0
  outer loop
    vertex 0.75 15.52236557006836 1.0
    vertex -1.471923828125 15.995454788208008 1.0
    vertex -1.5 15.52236557006836 1.0
  endloop
endfacet
facet normal 0.0 0.0 0.0
  outer loop
    vertex 0.75 15.52236557006836 1.0
    vertex -1.5 15.52236557006836 1.0
    vertex -1.471923828125 15.049272537231445 1.0
  endloop
endfacet
facet normal 0.0 0.0 0.0
  outer loop
    vertex -1.471923828125 15.995454788208008 1.0
    vertex 0.7781229019165039 15.834835052490234 1.0
    vertex -1.388092041015625 16.461904525756836 1.0
  endloop
endfacet
facet normal 0.0 0.0 0.0
  outer loop
    vertex -1.388092041015625 16.461904525756836 1.0
    vertex 0.7781229019165039 15.834835052490234 1.0
    vertex 0.8615894317626953 16.13727569580078 1.0
  endloop
endfacet
facet normal 0.0 0.0 0.0
  outer loop
    vertex -1.388092041015625 16.461904525756836 1.0
    vertex 0.8615894317626953 16.13727569580078 1.0
    vertex -1.2496790885925293 16.91517448425293 1.0
  endloop
endfacet
facet normal 0.0 0.0 0.0
  outer loop
    vertex -1.2496790885925293 16.91517448425293 1.0
    vertex 0.8615894317626953 16.13727569580078 1.0
    vertex -1.0586280822753906 17.34888458251953 1.0
  endloop
endfacet
facet normal 0.0 0.0 0.0
  outer loop
    vertex -1.0586280822753906 17.34888458251953 1.0
    vertex 0.8615894317626953 16.13727569580078 1.0
    vertex 0.9977149963378906 16.41993522644043 1.0
  endloop
endfacet
facet normal 0.0 0.0 0.0
  outer loop
    vertex -1.0586280822753906 17.34888458251953 1.0
    vertex 0.9977149963378906 16.41993522644043 1.0
    vertex -0.8176231384277344 17.756954193115234 1.0
  endloop
endfacet
facet normal 0.0 0.0 0.0
  outer loop
    vertex -0.8176231384277344 17.756954193115234 1.0
    vertex 0.9977149963378906 16.41993522644043 1.0
    vertex 1.1821250915527344 16.673755645751953 1.0
  endloop
endfacet
facet normal 0.0 0.0 0.0
  outer loop
    vertex -0.8176231384277344 17.756954193115234 1.0
    vertex 1.1821250915527344 16.673755645751953 1.0
    vertex -0.5300450325012207 18.133655548095703 1.0
  endloop
endfacet
facet normal 0.0 0.0 0.0
  outer loop
    vertex -0.5300450325012207 18.133655548095703 1.0
    vertex 1.1821250915527344 16.673755645751953 1.0
    vertex -0.19993209838867188 18.473695755004883 1.0
  endloop
endfacet
facet normal 0.0 0.0 0.0
  outer loop
    vertex -0.19993209838867188 18.473695755004883 1.0
    vertex 1.1821250915527344 16.673755645751953 1.0
    vertex 1.4088926315307617 16.890575408935547 1.0
  endloop
endfacet
facet normal 0.0 0.0 0.0
  outer loop
    vertex -0.19993209838867188 18.473695755004883 1.0
    vertex 1.4088926315307617 16.890575408935547 1.0
    vertex 0.16808223724365234 18.772315979003906 1.0
  endloop
endfacet
facet normal 0.0 0.0 0.0
  outer loop
    vertex 0.16808223724365234 18.772315979003906 1.0
    vertex 1.4088926315307617 16.890575408935547 1.0
    vertex 1.670729637145996 17.063405990600586 1.0
  endloop
endfacet
facet normal 0.0 0.0 0.0
  outer loop
    vertex 0.16808223724365234 18.772315979003906 1.0
    vertex 1.670729637145996 17.063405990600586 1.0
    vertex 0.5688314437866211 19.025304794311523 1.0
  endloop
endfacet
facet normal 0.0 0.0 0.0
  outer loop
    vertex 0.5688314437866211 19.025304794311523 1.0
    vertex 1.670729637145996 17.063405990600586 1.0
    vertex 0.9966897964477539 19.2291259765625 1.0
  endloop
endfacet
facet normal 0.0 0.0 0.0
  outer loop
    vertex 0.9966897964477539 19.2291259765625 1.0
    vertex 1.670729637145996 17.063405990600586 1.0
    vertex 1.9592199325561523 17.18671417236328 1.0
  endloop
endfacet
facet normal 0.0 0.0 0.0
  outer loop
    vertex 0.9966897964477539 19.2291259765625 1.0
    vertex 1.9592199325561523 17.18671417236328 1.0
    vertex 1.4456510543823242 19.380905151367188 1.0
  endloop
endfacet
facet normal 0.0 0.0 0.0
  outer loop
    vertex 1.4456510543823242 19.380905151367188 1.0
    vertex 1.9592199325561523 17.18671417236328 1.0
    vertex 2.265089988708496 17.25652503967285 1.0
  endloop
endfacet
facet normal 0.0 0.0 0.0
  outer loop
    vertex 1.4456510543823242 19.380905151367188 1.0
    vertex 2.265089988708496 17.25652503967285 1.0
    vertex 1.9094104766845703 19.478525161743164 1.0
  endloop
endfacet
facet normal 0.0 0.0 0.0
  outer loop
    vertex 1.9094104766845703 19.478525161743164 1.0
    vertex 2.265089988708496 17.25652503967285 1.0
    vertex 2.3814697265625 19.520605087280273 1.0
  endloop
endfacet
facet normal 0.0 0.0 0.0
  outer loop
    vertex 2.3814697265625 19.520605087280273 1.0
    vertex 2.265089988708496 17.25652503967285 1.0
    vertex 2.578510284423828 17.270605087280273 1.0
  endloop
endfacet
facet normal 0.0 0.0 0.0
  outer loop
    vertex 2.3814697265625 19.520605087280273 1.0
    vertex 2.578510284423828 17.270605087280273 1.0
    vertex 2.855179786682129 19.50656509399414 1.0
  endloop
endfacet
facet normal 0.0 0.0 0.0
  outer loop
    vertex 2.855179786682129 19.50656509399414 1.0
    vertex 2.578510284423828 17.270605087280273 1.0
    vertex 2.8894100189208984 17.228485107421875 1.0
  endloop
endfacet
facet normal 0.0 0.0 0.0
  outer loop
    vertex 2.855179786682129 19.50656509399414 1.0
    vertex 2.8894100189208984 17.228485107421875 1.0
    vertex 3.3239097595214844 19.436595916748047 1.0
  endloop
endfacet
facet normal 0.0 0.0 0.0
  outer loop
    vertex 3.3239097595214844 19.436595916748047 1.0
    vertex 2.8894100189208984 17.228485107421875 1.0
    vertex 3.7810802459716797 19.311676025390625 1.0
  endloop
endfacet
facet normal 0.0 0.0 0.0
  outer loop
    vertex 3.7810802459716797 19.311676025390625 1.0
    vertex 2.8894100189208984 17.228485107421875 1.0
    vertex 3.1877899169921875 17.131534576416016 1.0
  endloop
endfacet
facet normal 0.0 0.0 0.0
  outer loop
    vertex 3.7810802459716797 19.311676025390625 1.0
    vertex 3.1877899169921875 17.131534576416016 1.0
    vertex 4.220259666442871 19.133554458618164 1.0
  endloop
endfacet
facet normal 0.0 0.0 0.0
  outer loop
    vertex 4.220259666442871 19.133554458618164 1.0
    vertex 3.1877899169921875 17.131534576416016 1.0
    vertex 3.4640703201293945 16.982864379882812 1.0
  endloop
endfacet
facet normal 0.0 0.0 0.0
  outer loop
    vertex 4.220259666442871 19.133554458618164 1.0
    vertex 3.4640703201293945 16.982864379882812 1.0
    vertex 4.635290145874023 18.90474510192871 1.0
  endloop
endfacet
facet normal 0.0 0.0 0.0
  outer loop
    vertex 4.635290145874023 18.90474510192871 1.0
    vertex 3.4640703201293945 16.982864379882812 1.0
    vertex 5.020350456237793 18.62846565246582 1.0
  endloop
endfacet
facet normal 0.0 0.0 0.0
  outer loop
    vertex 5.020350456237793 18.62846565246582 1.0
    vertex 3.4640703201293945 16.982864379882812 1.0
    vertex 3.709360122680664 16.787254333496094 1.0
  endloop
endfacet
facet normal 0.0 0.0 0.0
  outer loop
    vertex 5.020350456237793 18.62846565246582 1.0
    vertex 3.709360122680664 16.787254333496094 1.0
    vertex 5.370030403137207 18.308565139770508 1.0
  endloop
endfacet
facet normal 0.0 0.0 0.0
  outer loop
    vertex 5.370030403137207 18.308565139770508 1.0
    vertex 3.709360122680664 16.787254333496094 1.0
    vertex 3.9157800674438477 16.55098533630371 1.0
  endloop
endfacet
facet normal 0.0 0.0 0.0
  outer loop
    vertex 5.370030403137207 18.308565139770508 1.0
    vertex 3.9157800674438477 16.55098533630371 1.0
    vertex 5.679420471191406 17.949565887451172 1.0
  endloop
endfacet
facet normal 0.0 0.0 0.0
  outer loop
    vertex 5.679420471191406 17.949565887451172 1.0
    vertex 3.9157800674438477 16.55098533630371 1.0
    vertex 5.944169998168945 17.55648422241211 1.0
  endloop
endfacet
facet normal 0.0 0.0 0.0
  outer loop
    vertex 5.944169998168945 17.55648422241211 1.0
    vertex 3.9157800674438477 16.55098533630371 1.0
    vertex 4.076700210571289 16.281665802001953 1.0
  endloop
endfacet
facet normal 0.0 0.0 0.0
  outer loop
    vertex 5.944169998168945 17.55648422241211 1.0
    vertex 4.076700210571289 16.281665802001953 1.0
    vertex 6.160579681396484 17.134855270385742 1.0
  endloop
endfacet
facet normal 0.0 0.0 0.0
  outer loop
    vertex 6.160579681396484 17.134855270385742 1.0
    vertex 4.076700210571289 16.281665802001953 1.0
    vertex 4.1869401931762695 15.987924575805664 1.0
  endloop
endfacet
facet normal 0.0 0.0 0.0
  outer loop
    vertex 6.160579681396484 17.134855270385742 1.0
    vertex 4.1869401931762695 15.987924575805664 1.0
    vertex 6.325599670410156 16.690595626831055 1.0
  endloop
endfacet
facet normal 0.0 0.0 0.0
  outer loop
    vertex 6.325599670410156 16.690595626831055 1.0
    vertex 4.1869401931762695 15.987924575805664 1.0
    vertex 6.436920166015625 16.22992515563965 1.0
  endloop
endfacet
facet normal 0.0 0.0 0.0
  outer loop
    vertex 6.436920166015625 16.22992515563965 1.0
    vertex 4.1869401931762695 15.987924575805664 1.0
    vertex 4.242959976196289 15.679235458374023 1.0
  endloop
endfacet
facet normal 0.0 0.0 0.0
  outer loop
    vertex 6.436920166015625 16.22992515563965 1.0
    vertex 4.242959976196289 15.679235458374023 1.0
    vertex 6.4929704666137695 15.75932502746582 1.0
  endloop
endfacet
facet normal 0.0 0.0 0.0
  outer loop
    vertex 6.4929704666137695 15.75932502746582 1.0
    vertex 4.242959976196289 15.679235458374023 1.0
    vertex 6.4929704666137695 15.285402297973633 1.0
  endloop
endfacet
facet normal 0.0 0.0 0.0
  outer loop
    vertex 6.4929704666137695 15.285402297973633 1.0
    vertex 4.242959976196289 15.679235458374023 1.0
    vertex 4.242959976196289 15.365495681762695 1.0
  endloop
endfacet
facet normal 0.0 0.0 0.0
  outer loop
    vertex 6.4929704666137695 15.285402297973633 1.0
    vertex 4.242959976196289 15.365495681762695 1.0
    vertex 6.436920166015625 14.814804077148438 1.0
  endloop
endfacet
facet normal 0.0 0.0 0.0
  outer loop
    vertex 6.436920166015625 14.814804077148438 1.0
    vertex 4.242959976196289 15.365495681762695 1.0
    vertex 4.1869401931762695 15.056800842285156 1.0
  endloop
endfacet
facet normal 0.0 0.0 0.0
  outer loop
    vertex 6.436920166015625 14.814804077148438 1.0
    vertex 4.1869401931762695 15.056800842285156 1.0
    vertex 6.325599670410156 14.354137420654297 1.0
  endloop
endfacet
facet normal 0.0 0.0 0.0
  outer loop
    vertex 6.325599670410156 14.354137420654297 1.0
    vertex 4.1869401931762695 15.056800842285156 1.0
    vertex 6.160579681396484 13.909870147705078 1.0
  endloop
endfacet
facet normal 0.0 0.0 0.0
  outer loop
    vertex 6.160579681396484 13.909870147705078 1.0
    vertex 4.1869401931762695 15.056800842285156 1.0
    vertex 4.076700210571289 14.763067245483398 1.0
  endloop
endfacet
facet normal 0.0 0.0 0.0
  outer loop
    vertex 6.160579681396484 13.909870147705078 1.0
    vertex 4.076700210571289 14.763067245483398 1.0
    vertex 5.944169998168945 13.488241195678711 1.0
  endloop
endfacet
facet normal 0.0 0.0 0.0
  outer loop
    vertex 5.944169998168945 13.488241195678711 1.0
    vertex 4.076700210571289 14.763067245483398 1.0
    vertex 3.9157800674438477 14.493741989135742 1.0
  endloop
endfacet
facet normal 0.0 0.0 0.0
  outer loop
    vertex 5.944169998168945 13.488241195678711 1.0
    vertex 3.9157800674438477 14.493741989135742 1.0
    vertex 5.679420471191406 13.09516429901123 1.0
  endloop
endfacet
facet normal 0.0 0.0 0.0
  outer loop
    vertex 5.679420471191406 13.09516429901123 1.0
    vertex 3.9157800674438477 14.493741989135742 1.0
    vertex 5.370030403137207 12.736161231994629 1.0
  endloop
endfacet
facet normal 0.0 0.0 0.0
  outer loop
    vertex 5.370030403137207 12.736161231994629 1.0
    vertex 3.9157800674438477 14.493741989135742 1.0
    vertex 3.709360122680664 14.257474899291992 1.0
  endloop
endfacet
facet normal 0.0 0.0 0.0
  outer loop
    vertex 5.370030403137207 12.736161231994629 1.0
    vertex 3.709360122680664 14.257474899291992 1.0
    vertex 5.020350456237793 12.41627025604248 1.0
  endloop
endfacet
facet normal 0.0 0.0 0.0
  outer loop
    vertex 5.020350456237793 12.41627025604248 1.0
    vertex 3.709360122680664 14.257474899291992 1.0
    vertex 3.4640703201293945 14.06186294555664 1.0
  endloop
endfacet
facet normal 0.0 0.0 0.0
  outer loop
    vertex 5.020350456237793 12.41627025604248 1.0
    vertex 3.4640703201293945 14.06186294555664 1.0
    vertex 4.635290145874023 12.139981269836426 1.0
  endloop
endfacet
facet normal 0.0 0.0 0.0
  outer loop
    vertex 4.635290145874023 12.139981269836426 1.0
    vertex 3.4640703201293945 14.06186294555664 1.0
    vertex 4.220259666442871 11.911174774169922 1.0
  endloop
endfacet
facet normal 0.0 0.0 0.0
  outer loop
    vertex 4.220259666442871 11.911174774169922 1.0
    vertex 3.4640703201293945 14.06186294555664 1.0
    vertex 3.1877899169921875 13.913190841674805 1.0
  endloop
endfacet
facet normal 0.0 0.0 0.0
  outer loop
    vertex 4.220259666442871 11.911174774169922 1.0
    vertex 3.1877899169921875 13.913190841674805 1.0
    vertex 3.7810802459716797 11.733059883117676 1.0
  endloop
endfacet
facet normal 0.0 0.0 0.0
  outer loop
    vertex 3.7810802459716797 11.733059883117676 1.0
    vertex 3.1877899169921875 13.913190841674805 1.0
    vertex 2.8894100189208984 13.816240310668945 1.0
  endloop
endfacet
facet normal 0.0 0.0 0.0
  outer loop
    vertex 3.7810802459716797 11.733059883117676 1.0
    vertex 2.8894100189208984 13.816240310668945 1.0
    vertex 3.3239097595214844 11.608139038085938 1.0
  endloop
endfacet
facet normal 0.0 0.0 0.0
  outer loop
    vertex 3.3239097595214844 11.608139038085938 1.0
    vertex 2.8894100189208984 13.816240310668945 1.0
    vertex 2.855179786682129 11.538166046142578 1.0
  endloop
endfacet
facet normal 0.0 0.0 0.0
  outer loop
    vertex 2.855179786682129 11.538166046142578 1.0
    vertex 2.8894100189208984 13.816240310668945 1.0
    vertex 2.578510284423828 13.774127960205078 1.0
  endloop
endfacet
facet normal 0.0 0.0 0.0
  outer loop
    vertex 2.855179786682129 11.538166046142578 1.0
    vertex 2.578510284423828 13.774127960205078 1.0
    vertex 2.3814697265625 11.52412223815918 1.0
  endloop
endfacet
facet normal 0.0 0.0 0.0
  outer loop
    vertex 2.3814697265625 11.52412223815918 1.0
    vertex 2.578510284423828 13.774127960205078 1.0
    vertex 2.265089988708496 13.788202285766602 1.0
  endloop
endfacet
facet normal 0.0 0.0 0.0
  outer loop
    vertex 2.3814697265625 11.52412223815918 1.0
    vertex 2.265089988708496 13.788202285766602 1.0
    vertex 1.9094104766845703 11.566204071044922 1.0
  endloop
endfacet
facet normal 0.0 0.0 0.0
  outer loop
    vertex 1.9094104766845703 11.566204071044922 1.0
    vertex 2.265089988708496 13.788202285766602 1.0
    vertex 1.4456510543823242 11.663823127746582 1.0
  endloop
endfacet
facet normal 0.0 0.0 0.0
  outer loop
    vertex 1.4456510543823242 11.663823127746582 1.0
    vertex 2.265089988708496 13.788202285766602 1.0
    vertex 1.9592199325561523 13.858016967773438 1.0
  endloop
endfacet
facet normal 0.0 0.0 0.0
  outer loop
    vertex 1.4456510543823242 11.663823127746582 1.0
    vertex 1.9592199325561523 13.858016967773438 1.0
    vertex 0.9966897964477539 11.815607070922852 1.0
  endloop
endfacet
facet normal 0.0 0.0 0.0
  outer loop
    vertex 0.9966897964477539 11.815607070922852 1.0
    vertex 1.9592199325561523 13.858016967773438 1.0
    vertex 1.670729637145996 13.9813232421875 1.0
  endloop
endfacet
facet normal 0.0 0.0 0.0
  outer loop
    vertex 0.9966897964477539 11.815607070922852 1.0
    vertex 1.670729637145996 13.9813232421875 1.0
    vertex 0.5688314437866211 12.019424438476562 1.0
  endloop
endfacet
facet normal 0.0 0.0 0.0
  outer loop
    vertex 0.5688314437866211 12.019424438476562 1.0
    vertex 1.670729637145996 13.9813232421875 1.0
    vertex 0.16808223724365234 12.272417068481445 1.0
  endloop
endfacet
facet normal 0.0 0.0 0.0
  outer loop
    vertex 0.16808223724365234 12.272417068481445 1.0
    vertex 1.670729637145996 13.9813232421875 1.0
    vertex 1.4088926315307617 14.154159545898438 1.0
  endloop
endfacet
facet normal 0.0 0.0 0.0
  outer loop
    vertex 0.16808223724365234 12.272417068481445 1.0
    vertex 1.4088926315307617 14.154159545898438 1.0
    vertex -0.19993209838867188 12.57103157043457 1.0
  endloop
endfacet
facet normal 0.0 0.0 0.0
  outer loop
    vertex -0.19993209838867188 12.57103157043457 1.0
    vertex 1.4088926315307617 14.154159545898438 1.0
    vertex 1.1821250915527344 14.3709716796875 1.0
  endloop
endfacet
facet normal 0.0 0.0 0.0
  outer loop
    vertex -0.19993209838867188 12.57103157043457 1.0
    vertex 1.1821250915527344 14.3709716796875 1.0
    vertex -0.5300450325012207 12.911077499389648 1.0
  endloop
endfacet
facet normal 0.0 0.0 0.0
  outer loop
    vertex -0.5300450325012207 12.911077499389648 1.0
    vertex 1.1821250915527344 14.3709716796875 1.0
    vertex -0.8176231384277344 13.2877779006958 1.0
  endloop
endfacet
facet normal 0.0 0.0 0.0
  outer loop
    vertex -0.8176231384277344 13.2877779006958 1.0
    vertex 1.1821250915527344 14.3709716796875 1.0
    vertex 0.9977149963378906 14.62479019165039 1.0
  endloop
endfacet
facet normal 0.0 0.0 0.0
  outer loop
    vertex -0.8176231384277344 13.2877779006958 1.0
    vertex 0.9977149963378906 14.62479019165039 1.0
    vertex -1.0586280822753906 13.69584846496582 1.0
  endloop
endfacet
facet normal 0.0 0.0 0.0
  outer loop
    vertex -1.0586280822753906 13.69584846496582 1.0
    vertex 0.9977149963378906 14.62479019165039 1.0
    vertex 0.8615894317626953 14.907459259033203 1.0
  endloop
endfacet
facet normal 0.0 0.0 0.0
  outer loop
    vertex -1.0586280822753906 13.69584846496582 1.0
    vertex 0.8615894317626953 14.907459259033203 1.0
    vertex -1.2496790885925293 14.129558563232422 1.0
  endloop
endfacet
facet normal 0.0 0.0 0.0
  outer loop
    vertex -1.2496790885925293 14.129558563232422 1.0
    vertex 0.8615894317626953 14.907459259033203 1.0
    vertex -1.388092041015625 14.582820892333984 1.0
  endloop
endfacet
facet normal 0.0 0.0 0.0
  outer loop
    vertex -1.388092041015625 14.582820892333984 1.0
    vertex 0.8615894317626953 14.907459259033203 1.0
    vertex 0.7781229019165039 15.209890365600586 1.0
  endloop
endfacet
facet normal 0.0 0.0 0.0
  outer loop
    vertex -1.388092041015625 14.582820892333984 1.0
    vertex 0.7781229019165039 15.209890365600586 1.0
    vertex -1.471923828125 15.049272537231445 1.0
  endloop
endfacet
facet normal 0.0 0.0 0.0
  outer loop
    vertex -1.471923828125 15.049272537231445 1.0
    vertex 0.7781229019165039 15.209890365600586 1.0
    vertex 0.75 15.52236557006836 1.0
  endloop
endfacet
facet normal 0.0 0.0 0.0
  outer loop
    vertex 1.3671197891235352 15.272998809814453 2.1500000953674316
    vertex 1.3671197891235352 15.272998809814453 0.0
    vertex 1.3400001525878906 15.52236557006836 2.1500000953674316
  endloop
endfacet
facet normal 0.0 0.0 0.0
  outer loop
    vertex 1.3400001525878906 15.52236557006836 2.1500000953674316
    vertex 1.3671197891235352 15.272998809814453 0.0
    vertex 1.3400001525878906 15.52236557006836 0.0
  endloop
endfacet
facet normal 0.0 0.0 0.0
  outer loop
    vertex 1.3400001525878906 15.52236557006836 2.1500000953674316
    vertex 1.3400001525878906 15.52236557006836 0.0
    vertex 1.3671197891235352 15.771734237670898 2.1500000953674316
  endloop
endfacet
facet normal 0.0 0.0 0.0
  outer loop
    vertex 1.3671197891235352 15.771734237670898 2.1500000953674316
    vertex 1.3400001525878906 15.52236557006836 0.0
    vertex 1.3671197891235352 15.771734237670898 0.0
  endloop
endfacet
facet normal 0.0 0.0 0.0
  outer loop
    vertex 1.3671197891235352 15.771734237670898 2.1500000953674316
    vertex 1.3671197891235352 15.771734237670898 0.0
    vertex 1.4472131729125977 16.009435653686523 0.0
  endloop
endfacet
facet normal 0.0 0.0 0.0
  outer loop
    vertex 1.3671197891235352 15.272998809814453 2.1500000953674316
    vertex 1.4472131729125977 15.035293579101562 2.1500000953674316
    vertex 1.3671197891235352 15.272998809814453 0.0
  endloop
endfacet
facet normal 0.0 0.0 0.0
  outer loop
    vertex 1.3671197891235352 15.272998809814453 0.0
    vertex 1.4472131729125977 15.035293579101562 2.1500000953674316
    vertex 1.4472131729125977 15.035293579101562 0.0
  endloop
endfacet
facet normal 0.0 0.0 0.0
  outer loop
    vertex 1.4472131729125977 15.035293579101562 0.0
    vertex 1.4472131729125977 15.035293579101562 2.1500000953674316
    vertex 1.5765304565429688 14.820363998413086 2.1500000953674316
  endloop
endfacet
facet normal 0.0 0.0 0.0
  outer loop
    vertex 1.4472131729125977 15.035293579101562 0.0
    vertex 1.5765304565429688 14.820363998413086 2.1500000953674316
    vertex 1.5765304565429688 14.820363998413086 0.0
  endloop
endfacet
facet normal 0.0 0.0 0.0
  outer loop
    vertex 1.5765304565429688 14.820363998413086 0.0
    vertex 1.5765304565429688 14.820363998413086 2.1500000953674316
    vertex 1.7490301132202148 14.63825798034668 2.1500000953674316
  endloop
endfacet
facet normal 0.0 0.0 0.0
  outer loop
    vertex 1.5765304565429688 14.820363998413086 0.0
    vertex 1.7490301132202148 14.63825798034668 2.1500000953674316
    vertex 1.7490301132202148 14.63825798034668 0.0
  endloop
endfacet
facet normal 0.0 0.0 0.0
  outer loop
    vertex 1.7490301132202148 14.63825798034668 0.0
    vertex 1.7490301132202148 14.63825798034668 2.1500000953674316
    vertex 1.9566497802734375 14.497491836547852 2.1500000953674316
  endloop
endfacet
facet normal 0.0 0.0 0.0
  outer loop
    vertex 1.7490301132202148 14.63825798034668 0.0
    vertex 1.9566497802734375 14.497491836547852 2.1500000953674316
    vertex 1.9566497802734375 14.497491836547852 0.0
  endloop
endfacet
facet normal 0.0 0.0 0.0
  outer loop
    vertex 1.9566497802734375 14.497491836547852 0.0
    vertex 1.9566497802734375 14.497491836547852 2.1500000953674316
    vertex 2.189669609069824 14.404647827148438 2.1500000953674316
  endloop
endfacet
facet normal 0.0 0.0 0.0
  outer loop
    vertex 1.9566497802734375 14.497491836547852 0.0
    vertex 2.189669609069824 14.404647827148438 2.1500000953674316
    vertex 2.189669609069824 14.404647827148438 0.0
  endloop
endfacet
facet normal 0.0 0.0 0.0
  outer loop
    vertex 2.189669609069824 14.404647827148438 0.0
    vertex 2.189669609069824 14.404647827148438 2.1500000953674316
    vertex 2.437199592590332 14.364065170288086 2.1500000953674316
  endloop
endfacet
facet normal 0.0 0.0 0.0
  outer loop
    vertex 2.189669609069824 14.404647827148438 0.0
    vertex 2.437199592590332 14.364065170288086 2.1500000953674316
    vertex 2.437199592590332 14.364065170288086 0.0
  endloop
endfacet
facet normal 0.0 0.0 0.0
  outer loop
    vertex 2.437199592590332 14.364065170288086 0.0
    vertex 2.437199592590332 14.364065170288086 2.1500000953674316
    vertex 2.6876697540283203 14.377645492553711 2.1500000953674316
  endloop
endfacet
facet normal 0.0 0.0 0.0
  outer loop
    vertex 2.437199592590332 14.364065170288086 0.0
    vertex 2.6876697540283203 14.377645492553711 2.1500000953674316
    vertex 2.6876697540283203 14.377645492553711 0.0
  endloop
endfacet
facet normal 0.0 0.0 0.0
  outer loop
    vertex 2.6876697540283203 14.377645492553711 0.0
    vertex 2.6876697540283203 14.377645492553711 2.1500000953674316
    vertex 2.9293603897094727 14.444751739501953 2.1500000953674316
  endloop
endfacet
facet normal 0.0 0.0 0.0
  outer loop
    vertex 2.6876697540283203 14.377645492553711 0.0
    vertex 2.9293603897094727 14.444751739501953 2.1500000953674316
    vertex 2.9293603897094727 14.444751739501953 0.0
  endloop
endfacet
facet normal 0.0 0.0 0.0
  outer loop
    vertex 2.9293603897094727 14.444751739501953 0.0
    vertex 2.9293603897094727 14.444751739501953 2.1500000953674316
    vertex 3.150979995727539 14.562246322631836 2.1500000953674316
  endloop
endfacet
facet normal 0.0 0.0 0.0
  outer loop
    vertex 2.9293603897094727 14.444751739501953 0.0
    vertex 3.150979995727539 14.562246322631836 2.1500000953674316
    vertex 3.150979995727539 14.562246322631836 0.0
  endloop
endfacet
facet normal 0.0 0.0 0.0
  outer loop
    vertex 3.150979995727539 14.562246322631836 0.0
    vertex 3.150979995727539 14.562246322631836 2.1500000953674316
    vertex 3.3421497344970703 14.724634170532227 2.1500000953674316
  endloop
endfacet
facet normal 0.0 0.0 0.0
  outer loop
    vertex 3.150979995727539 14.562246322631836 0.0
    vertex 3.3421497344970703 14.724634170532227 2.1500000953674316
    vertex 3.3421497344970703 14.724634170532227 0.0
  endloop
endfacet
facet normal 0.0 0.0 0.0
  outer loop
    vertex 3.3421497344970703 14.724634170532227 0.0
    vertex 3.3421497344970703 14.724634170532227 2.1500000953674316
    vertex 3.4939498901367188 14.924324035644531 2.1500000953674316
  endloop
endfacet
facet normal 0.0 0.0 0.0
  outer loop
    vertex 3.3421497344970703 14.724634170532227 0.0
    vertex 3.4939498901367188 14.924324035644531 2.1500000953674316
    vertex 3.4939498901367188 14.924324035644531 0.0
  endloop
endfacet
facet normal 0.0 0.0 0.0
  outer loop
    vertex 3.4939498901367188 14.924324035644531 0.0
    vertex 3.4939498901367188 14.924324035644531 2.1500000953674316
    vertex 3.59928035736084 15.151975631713867 2.1500000953674316
  endloop
endfacet
facet normal 0.0 0.0 0.0
  outer loop
    vertex 3.4939498901367188 14.924324035644531 0.0
    vertex 3.59928035736084 15.151975631713867 2.1500000953674316
    vertex 3.59928035736084 15.151975631713867 0.0
  endloop
endfacet
facet normal 0.0 0.0 0.0
  outer loop
    vertex 3.59928035736084 15.151975631713867 0.0
    vertex 3.59928035736084 15.151975631713867 2.1500000953674316
    vertex 3.653200149536133 15.396947860717773 2.1500000953674316
  endloop
endfacet
facet normal 0.0 0.0 0.0
  outer loop
    vertex 3.59928035736084 15.151975631713867 0.0
    vertex 3.653200149536133 15.396947860717773 2.1500000953674316
    vertex 3.653200149536133 15.396947860717773 0.0
  endloop
endfacet
facet normal 0.0 0.0 0.0
  outer loop
    vertex 3.653200149536133 15.396947860717773 0.0
    vertex 3.653200149536133 15.396947860717773 2.1500000953674316
    vertex 3.653200149536133 15.647785186767578 2.1500000953674316
  endloop
endfacet
facet normal 0.0 0.0 0.0
  outer loop
    vertex 3.653200149536133 15.396947860717773 0.0
    vertex 3.653200149536133 15.647785186767578 2.1500000953674316
    vertex 3.653200149536133 15.647785186767578 0.0
  endloop
endfacet
facet normal 0.0 0.0 0.0
  outer loop
    vertex 3.653200149536133 15.647785186767578 0.0
    vertex 3.653200149536133 15.647785186767578 2.1500000953674316
    vertex 3.59928035736084 15.892755508422852 2.1500000953674316
  endloop
endfacet
facet normal 0.0 0.0 0.0
  outer loop
    vertex 3.653200149536133 15.647785186767578 0.0
    vertex 3.59928035736084 15.892755508422852 2.1500000953674316
    vertex 3.59928035736084 15.892755508422852 0.0
  endloop
endfacet
facet normal 0.0 0.0 0.0
  outer loop
    vertex 3.59928035736084 15.892755508422852 0.0
    vertex 3.59928035736084 15.892755508422852 2.1500000953674316
    vertex 3.4939498901367188 16.120405197143555 2.1500000953674316
  endloop
endfacet
facet normal 0.0 0.0 0.0
  outer loop
    vertex 3.59928035736084 15.892755508422852 0.0
    vertex 3.4939498901367188 16.120405197143555 2.1500000953674316
    vertex 3.4939498901367188 16.120405197143555 0.0
  endloop
endfacet
facet normal 0.0 0.0 0.0
  outer loop
    vertex 3.4939498901367188 16.120405197143555 0.0
    vertex 3.4939498901367188 16.120405197143555 2.1500000953674316
    vertex 3.3421497344970703 16.32009506225586 2.1500000953674316
  endloop
endfacet
facet normal 0.0 0.0 0.0
  outer loop
    vertex 3.4939498901367188 16.120405197143555 0.0
    vertex 3.3421497344970703 16.32009506225586 2.1500000953674316
    vertex 3.3421497344970703 16.32009506225586 0.0
  endloop
endfacet
facet normal 0.0 0.0 0.0
  outer loop
    vertex 3.3421497344970703 16.32009506225586 0.0
    vertex 3.3421497344970703 16.32009506225586 2.1500000953674316
    vertex 3.150979995727539 16.482484817504883 2.1500000953674316
  endloop
endfacet
facet normal 0.0 0.0 0.0
  outer loop
    vertex 3.3421497344970703 16.32009506225586 0.0
    vertex 3.150979995727539 16.482484817504883 2.1500000953674316
    vertex 3.150979995727539 16.482484817504883 0.0
  endloop
endfacet
facet normal 0.0 0.0 0.0
  outer loop
    vertex 3.150979995727539 16.482484817504883 0.0
    vertex 3.150979995727539 16.482484817504883 2.1500000953674316
    vertex 2.9293603897094727 16.5999755859375 2.1500000953674316
  endloop
endfacet
facet normal 0.0 0.0 0.0
  outer loop
    vertex 3.150979995727539 16.482484817504883 0.0
    vertex 2.9293603897094727 16.5999755859375 2.1500000953674316
    vertex 2.9293603897094727 16.5999755859375 0.0
  endloop
endfacet
facet normal 0.0 0.0 0.0
  outer loop
    vertex 2.9293603897094727 16.5999755859375 0.0
    vertex 2.9293603897094727 16.5999755859375 2.1500000953674316
    vertex 2.6876697540283203 16.667085647583008 2.1500000953674316
  endloop
endfacet
facet normal 0.0 0.0 0.0
  outer loop
    vertex 2.9293603897094727 16.5999755859375 0.0
    vertex 2.6876697540283203 16.667085647583008 2.1500000953674316
    vertex 2.6876697540283203 16.667085647583008 0.0
  endloop
endfacet
facet normal 0.0 0.0 0.0
  outer loop
    vertex 2.6876697540283203 16.667085647583008 0.0
    vertex 2.6876697540283203 16.667085647583008 2.1500000953674316
    vertex 2.437199592590332 16.680665969848633 2.1500000953674316
  endloop
endfacet
facet normal 0.0 0.0 0.0
  outer loop
    vertex 2.6876697540283203 16.667085647583008 0.0
    vertex 2.437199592590332 16.680665969848633 2.1500000953674316
    vertex 2.437199592590332 16.680665969848633 0.0
  endloop
endfacet
facet normal 0.0 0.0 0.0
  outer loop
    vertex 2.437199592590332 16.680665969848633 0.0
    vertex 2.437199592590332 16.680665969848633 2.1500000953674316
    vertex 2.189669609069824 16.640085220336914 2.1500000953674316
  endloop
endfacet
facet normal 0.0 0.0 0.0
  outer loop
    vertex 2.437199592590332 16.680665969848633 0.0
    vertex 2.189669609069824 16.640085220336914 2.1500000953674316
    vertex 2.189669609069824 16.640085220336914 0.0
  endloop
endfacet
facet normal 0.0 0.0 0.0
  outer loop
    vertex 2.189669609069824 16.640085220336914 0.0
    vertex 2.189669609069824 16.640085220336914 2.1500000953674316
    vertex 1.9566497802734375 16.5472354888916 2.1500000953674316
  endloop
endfacet
facet normal 0.0 0.0 0.0
  outer loop
    vertex 2.189669609069824 16.640085220336914 0.0
    vertex 1.9566497802734375 16.5472354888916 2.1500000953674316
    vertex 1.9566497802734375 16.5472354888916 0.0
  endloop
endfacet
facet normal 0.0 0.0 0.0
  outer loop
    vertex 1.9566497802734375 16.5472354888916 0.0
    vertex 1.9566497802734375 16.5472354888916 2.1500000953674316
    vertex 1.7490301132202148 16.406475067138672 2.1500000953674316
  endloop
endfacet
facet normal 0.0 0.0 0.0
  outer loop
    vertex 1.9566497802734375 16.5472354888916 0.0
    vertex 1.7490301132202148 16.406475067138672 2.1500000953674316
    vertex 1.7490301132202148 16.406475067138672 0.0
  endloop
endfacet
facet normal 0.0 0.0 0.0
  outer loop
    vertex 1.7490301132202148 16.406475067138672 0.0
    vertex 1.7490301132202148 16.406475067138672 2.1500000953674316
    vertex 1.5765304565429688 16.224365234375 2.1500000953674316
  endloop
endfacet
facet normal 0.0 0.0 0.0
  outer loop
    vertex 1.7490301132202148 16.406475067138672 0.0
    vertex 1.5765304565429688 16.224365234375 2.1500000953674316
    vertex 1.5765304565429688 16.224365234375 0.0
  endloop
endfacet
facet normal 0.0 0.0 0.0
  outer loop
    vertex 1.5765304565429688 16.224365234375 0.0
    vertex 1.5765304565429688 16.224365234375 2.1500000953674316
    vertex 1.4472131729125977 16.009435653686523 2.1500000953674316
  endloop
endfacet
facet normal 0.0 0.0 0.0
  outer loop
    vertex 1.5765304565429688 16.224365234375 0.0
    vertex 1.4472131729125977 16.009435653686523 2.1500000953674316
    vertex 1.4472131729125977 16.009435653686523 0.0
  endloop
endfacet
facet normal 0.0 0.0 0.0
  outer loop
    vertex 1.4472131729125977 16.009435653686523 0.0
    vertex 1.4472131729125977 16.009435653686523 2.1500000953674316
    vertex 1.3671197891235352 15.771734237670898 2.1500000953674316
  endloop
endfacet
facet normal 0.0 0.0 0.0
  outer loop
    vertex 0.7781229019165039 15.834835052490234 2.1500000953674316
    vertex 0.7781229019165039 15.834835052490234 1.0
    vertex 0.75 15.52236557006836 2.1500000953674316
  endloop
endfacet
facet normal 0.0 0.0 0.0
  outer loop
    vertex 0.75 15.52236557006836 2.1500000953674316
    vertex 0.7781229019165039 15.834835052490234 1.0
    vertex 0.75 15.52236557006836 1.0
  endloop
endfacet
facet normal 0.0 0.0 0.0
  outer loop
    vertex 0.75 15.52236557006836 2.1500000953674316
    vertex 0.75 15.52236557006836 1.0
    vertex 0.7781229019165039 15.209890365600586 2.1500000953674316
  endloop
endfacet
facet normal 0.0 0.0 0.0
  outer loop
    vertex 0.7781229019165039 15.209890365600586 2.1500000953674316
    vertex 0.75 15.52236557006836 1.0
    vertex 0.7781229019165039 15.209890365600586 1.0
  endloop
endfacet
facet normal 0.0 0.0 0.0
  outer loop
    vertex 0.7781229019165039 15.209890365600586 2.1500000953674316
    vertex 0.7781229019165039 15.209890365600586 1.0
    vertex 0.8615894317626953 14.907459259033203 2.1500000953674316
  endloop
endfacet
facet normal 0.0 0.0 0.0
  outer loop
    vertex 0.8615894317626953 14.907459259033203 2.1500000953674316
    vertex 0.7781229019165039 15.209890365600586 1.0
    vertex 0.8615894317626953 14.907459259033203 1.0
  endloop
endfacet
facet normal 0.0 0.0 0.0
  outer loop
    vertex 0.8615894317626953 14.907459259033203 2.1500000953674316
    vertex 0.8615894317626953 14.907459259033203 1.0
    vertex 0.9977149963378906 14.62479019165039 2.1500000953674316
  endloop
endfacet
facet normal 0.0 0.0 0.0
  outer loop
    vertex 0.9977149963378906 14.62479019165039 2.1500000953674316
    vertex 0.8615894317626953 14.907459259033203 1.0
    vertex 0.9977149963378906 14.62479019165039 1.0
  endloop
endfacet
facet normal 0.0 0.0 0.0
  outer loop
    vertex 0.9977149963378906 14.62479019165039 2.1500000953674316
    vertex 0.9977149963378906 14.62479019165039 1.0
    vertex 1.1821250915527344 14.3709716796875 2.1500000953674316
  endloop
endfacet
facet normal 0.0 0.0 0.0
  outer loop
    vertex 1.1821250915527344 14.3709716796875 2.1500000953674316
    vertex 0.9977149963378906 14.62479019165039 1.0
    vertex 1.1821250915527344 14.3709716796875 1.0
  endloop
endfacet
facet normal 0.0 0.0 0.0
  outer loop
    vertex 1.1821250915527344 14.3709716796875 2.1500000953674316
    vertex 1.1821250915527344 14.3709716796875 1.0
    vertex 1.4088926315307617 14.154159545898438 2.1500000953674316
  endloop
endfacet
facet normal 0.0 0.0 0.0
  outer loop
    vertex 1.4088926315307617 14.154159545898438 2.1500000953674316
    vertex 1.1821250915527344 14.3709716796875 1.0
    vertex 1.4088926315307617 14.154159545898438 1.0
  endloop
endfacet
facet normal 0.0 0.0 0.0
  outer loop
    vertex 1.4088926315307617 14.154159545898438 2.1500000953674316
    vertex 1.4088926315307617 14.154159545898438 1.0
    vertex 1.670729637145996 13.9813232421875 2.1500000953674316
  endloop
endfacet
facet normal 0.0 0.0 0.0
  outer loop
    vertex 1.670729637145996 13.9813232421875 2.1500000953674316
    vertex 1.4088926315307617 14.154159545898438 1.0
    vertex 1.670729637145996 13.9813232421875 1.0
  endloop
endfacet
facet normal 0.0 0.0 0.0
  outer loop
    vertex 1.670729637145996 13.9813232421875 2.1500000953674316
    vertex 1.670729637145996 13.9813232421875 1.0
    vertex 1.9592199325561523 13.858016967773438 2.1500000953674316
  endloop
endfacet
facet normal 0.0 0.0 0.0
  outer loop
    vertex 1.9592199325561523 13.858016967773438 2.1500000953674316
    vertex 1.670729637145996 13.9813232421875 1.0
    vertex 1.9592199325561523 13.858016967773438 1.0
  endloop
endfacet
facet normal 0.0 0.0 0.0
  outer loop
    vertex 1.9592199325561523 13.858016967773438 2.1500000953674316
    vertex 1.9592199325561523 13.858016967773438 1.0
    vertex 2.265089988708496 13.788202285766602 2.1500000953674316
  endloop
endfacet
facet normal 0.0 0.0 0.0
  outer loop
    vertex 2.265089988708496 13.788202285766602 2.1500000953674316
    vertex 1.9592199325561523 13.858016967773438 1.0
    vertex 2.265089988708496 13.788202285766602 1.0
  endloop
endfacet
facet normal 0.0 0.0 0.0
  outer loop
    vertex 2.265089988708496 13.788202285766602 2.1500000953674316
    vertex 2.265089988708496 13.788202285766602 1.0
    vertex 2.578510284423828 13.774127960205078 2.1500000953674316
  endloop
endfacet
facet normal 0.0 0.0 0.0
  outer loop
    vertex 2.578510284423828 13.774127960205078 2.1500000953674316
    vertex 2.265089988708496 13.788202285766602 1.0
    vertex 2.578510284423828 13.774127960205078 1.0
  endloop
endfacet
facet normal 0.0 0.0 0.0
  outer loop
    vertex 2.578510284423828 13.774127960205078 2.1500000953674316
    vertex 2.578510284423828 13.774127960205078 1.0
    vertex 2.8894100189208984 13.816240310668945 2.1500000953674316
  endloop
endfacet
facet normal 0.0 0.0 0.0
  outer loop
    vertex 2.8894100189208984 13.816240310668945 2.1500000953674316
    vertex 2.578510284423828 13.774127960205078 1.0
    vertex 2.8894100189208984 13.816240310668945 1.0
  endloop
endfacet
facet normal 0.0 0.0 0.0
  outer loop
    vertex 2.8894100189208984 13.816240310668945 2.1500000953674316
    vertex 2.8894100189208984 13.816240310668945 1.0
    vertex 3.1877899169921875 13.913190841674805 2.1500000953674316
  endloop
endfacet
facet normal 0.0 0.0 0.0
  outer loop
    vertex 3.1877899169921875 13.913190841674805 2.1500000953674316
    vertex 2.8894100189208984 13.816240310668945 1.0
    vertex 3.1877899169921875 13.913190841674805 1.0
  endloop
endfacet
facet normal 0.0 0.0 0.0
  outer loop
    vertex 3.1877899169921875 13.913190841674805 2.1500000953674316
    vertex 3.1877899169921875 13.913190841674805 1.0
    vertex 3.4640703201293945 14.06186294555664 2.1500000953674316
  endloop
endfacet
facet normal 0.0 0.0 0.0
  outer loop
    vertex 3.4640703201293945 14.06186294555664 2.1500000953674316
    vertex 3.1877899169921875 13.913190841674805 1.0
    vertex 3.4640703201293945 14.06186294555664 1.0
  endloop
endfacet
facet normal 0.0 0.0 0.0
  outer loop
    vertex 3.4640703201293945 14.06186294555664 2.1500000953674316
    vertex 3.4640703201293945 14.06186294555664 1.0
    vertex 3.709360122680664 14.257474899291992 2.1500000953674316
  endloop
endfacet
facet normal 0.0 0.0 0.0
  outer loop
    vertex 3.709360122680664 14.257474899291992 2.1500000953674316
    vertex 3.4640703201293945 14.06186294555664 1.0
    vertex 3.709360122680664 14.257474899291992 1.0
  endloop
endfacet
facet normal 0.0 0.0 0.0
  outer loop
    vertex 3.709360122680664 14.257474899291992 2.1500000953674316
    vertex 3.709360122680664 14.257474899291992 1.0
    vertex 3.9157800674438477 14.493741989135742 2.1500000953674316
  endloop
endfacet
facet normal 0.0 0.0 0.0
  outer loop
    vertex 3.9157800674438477 14.493741989135742 2.1500000953674316
    vertex 3.709360122680664 14.257474899291992 1.0
    vertex 3.9157800674438477 14.493741989135742 1.0
  endloop
endfacet
facet normal 0.0 0.0 0.0
  outer loop
    vertex 3.9157800674438477 14.493741989135742 2.1500000953674316
    vertex 3.9157800674438477 14.493741989135742 1.0
    vertex 4.076700210571289 14.763067245483398 2.1500000953674316
  endloop
endfacet
facet normal 0.0 0.0 0.0
  outer loop
    vertex 4.076700210571289 14.763067245483398 2.1500000953674316
    vertex 3.9157800674438477 14.493741989135742 1.0
    vertex 4.076700210571289 14.763067245483398 1.0
  endloop
endfacet
facet normal 0.0 0.0 0.0
  outer loop
    vertex 4.076700210571289 14.763067245483398 2.1500000953674316
    vertex 4.076700210571289 14.763067245483398 1.0
    vertex 4.1869401931762695 15.056800842285156 2.1500000953674316
  endloop
endfacet
facet normal 0.0 0.0 0.0
  outer loop
    vertex 4.1869401931762695 15.056800842285156 2.1500000953674316
    vertex 4.076700210571289 14.763067245483398 1.0
    vertex 4.1869401931762695 15.056800842285156 1.0
  endloop
endfacet
facet normal 0.0 0.0 0.0
  outer loop
    vertex 4.1869401931762695 15.056800842285156 2.1500000953674316
    vertex 4.1869401931762695 15.056800842285156 1.0
    vertex 4.242959976196289 15.365495681762695 2.1500000953674316
  endloop
endfacet
facet normal 0.0 0.0 0.0
  outer loop
    vertex 4.242959976196289 15.365495681762695 2.1500000953674316
    vertex 4.1869401931762695 15.056800842285156 1.0
    vertex 4.242959976196289 15.365495681762695 1.0
  endloop
endfacet
facet normal 0.0 0.0 0.0
  outer loop
    vertex 4.242959976196289 15.365495681762695 2.1500000953674316
    vertex 4.242959976196289 15.365495681762695 1.0
    vertex 4.242959976196289 15.679235458374023 2.1500000953674316
  endloop
endfacet
facet normal 0.0 0.0 0.0
  outer loop
    vertex 4.242959976196289 15.679235458374023 2.1500000953674316
    vertex 4.242959976196289 15.365495681762695 1.0
    vertex 4.242959976196289 15.679235458374023 1.0
  endloop
endfacet
facet normal 0.0 0.0 0.0
  outer loop
    vertex 4.242959976196289 15.679235458374023 2.1500000953674316
    vertex 4.242959976196289 15.679235458374023 1.0
    vertex 4.1869401931762695 15.987924575805664 2.1500000953674316
  endloop
endfacet
facet normal 0.0 0.0 0.0
  outer loop
    vertex 4.1869401931762695 15.987924575805664 2.1500000953674316
    vertex 4.242959976196289 15.679235458374023 1.0
    vertex 4.1869401931762695 15.987924575805664 1.0
  endloop
endfacet
facet normal 0.0 0.0 0.0
  outer loop
    vertex 4.1869401931762695 15.987924575805664 2.1500000953674316
    vertex 4.1869401931762695 15.987924575805664 1.0
    vertex 4.076700210571289 16.281665802001953 2.1500000953674316
  endloop
endfacet
facet normal 0.0 0.0 0.0
  outer loop
    vertex 4.076700210571289 16.281665802001953 2.1500000953674316
    vertex 4.1869401931762695 15.987924575805664 1.0
    vertex 4.076700210571289 16.281665802001953 1.0
  endloop
endfacet
facet normal 0.0 0.0 0.0
  outer loop
    vertex 4.076700210571289 16.281665802001953 2.1500000953674316
    vertex 4.076700210571289 16.281665802001953 1.0
    vertex 3.9157800674438477 16.55098533630371 2.1500000953674316
  endloop
endfacet
facet normal 0.0 0.0 0.0
  outer loop
    vertex 3.9157800674438477 16.55098533630371 2.1500000953674316
    vertex 4.076700210571289 16.281665802001953 1.0
    vertex 3.9157800674438477 16.55098533630371 1.0
  endloop
endfacet
facet normal 0.0 0.0 0.0
  outer loop
    vertex 3.9157800674438477 16.55098533630371 2.1500000953674316
    vertex 3.9157800674438477 16.55098533630371 1.0
    vertex 3.709360122680664 16.787254333496094 2.1500000953674316
  endloop
endfacet
facet normal 0.0 0.0 0.0
  outer loop
    vertex 3.709360122680664 16.787254333496094 2.1500000953674316
    vertex 3.9157800674438477 16.55098533630371 1.0
    vertex 3.709360122680664 16.787254333496094 1.0
  endloop
endfacet
facet normal 0.0 0.0 0.0
  outer loop
    vertex 3.709360122680664 16.787254333496094 2.1500000953674316
    vertex 3.709360122680664 16.787254333496094 1.0
    vertex 3.4640703201293945 16.982864379882812 2.1500000953674316
  endloop
endfacet
facet normal 0.0 0.0 0.0
  outer loop
    vertex 3.4640703201293945 16.982864379882812 2.1500000953674316
    vertex 3.709360122680664 16.787254333496094 1.0
    vertex 3.4640703201293945 16.982864379882812 1.0
  endloop
endfacet
facet normal 0.0 0.0 0.0
  outer loop
    vertex 3.4640703201293945 16.982864379882812 2.1500000953674316
    vertex 3.4640703201293945 16.982864379882812 1.0
    vertex 3.1877899169921875 17.131534576416016 2.1500000953674316
  endloop
endfacet
facet normal 0.0 0.0 0.0
  outer loop
    vertex 3.1877899169921875 17.131534576416016 2.1500000953674316
    vertex 3.4640703201293945 16.982864379882812 1.0
    vertex 3.1877899169921875 17.131534576416016 1.0
  endloop
endfacet
facet normal 0.0 0.0 0.0
  outer loop
    vertex 3.1877899169921875 17.131534576416016 2.1500000953674316
    vertex 3.1877899169921875 17.131534576416016 1.0
    vertex 2.8894100189208984 17.228485107421875 2.1500000953674316
  endloop
endfacet
facet normal 0.0 0.0 0.0
  outer loop
    vertex 2.8894100189208984 17.228485107421875 2.1500000953674316
    vertex 3.1877899169921875 17.131534576416016 1.0
    vertex 2.8894100189208984 17.228485107421875 1.0
  endloop
endfacet
facet normal 0.0 0.0 0.0
  outer loop
    vertex 2.8894100189208984 17.228485107421875 2.1500000953674316
    vertex 2.8894100189208984 17.228485107421875 1.0
    vertex 2.578510284423828 17.270605087280273 2.1500000953674316
  endloop
endfacet
facet normal 0.0 0.0 0.0
  outer loop
    vertex 2.578510284423828 17.270605087280273 2.1500000953674316
    vertex 2.8894100189208984 17.228485107421875 1.0
    vertex 2.578510284423828 17.270605087280273 1.0
  endloop
endfacet
facet normal 0.0 0.0 0.0
  outer loop
    vertex 2.578510284423828 17.270605087280273 2.1500000953674316
    vertex 2.578510284423828 17.270605087280273 1.0
    vertex 2.265089988708496 17.25652503967285 2.1500000953674316
  endloop
endfacet
facet normal 0.0 0.0 0.0
  outer loop
    vertex 2.265089988708496 17.25652503967285 2.1500000953674316
    vertex 2.578510284423828 17.270605087280273 1.0
    vertex 2.265089988708496 17.25652503967285 1.0
  endloop
endfacet
facet normal 0.0 0.0 0.0
  outer loop
    vertex 2.265089988708496 17.25652503967285 2.1500000953674316
    vertex 2.265089988708496 17.25652503967285 1.0
    vertex 1.9592199325561523 17.18671417236328 2.1500000953674316
  endloop
endfacet
facet normal 0.0 0.0 0.0
  outer loop
    vertex 1.9592199325561523 17.18671417236328 2.1500000953674316
    vertex 2.265089988708496 17.25652503967285 1.0
    vertex 1.9592199325561523 17.18671417236328 1.0
  endloop
endfacet
facet normal 0.0 0.0 0.0
  outer loop
    vertex 1.9592199325561523 17.18671417236328 2.1500000953674316
    vertex 1.9592199325561523 17.18671417236328 1.0
    vertex 1.670729637145996 17.063405990600586 2.1500000953674316
  endloop
endfacet
facet normal 0.0 0.0 0.0
  outer loop
    vertex 1.670729637145996 17.063405990600586 2.1500000953674316
    vertex 1.9592199325561523 17.18671417236328 1.0
    vertex 1.670729637145996 17.063405990600586 1.0
  endloop
endfacet
facet normal 0.0 0.0 0.0
  outer loop
    vertex 1.670729637145996 17.063405990600586 2.1500000953674316
    vertex 1.670729637145996 17.063405990600586 1.0
    vertex 1.4088926315307617 16.890575408935547 2.1500000953674316
  endloop
endfacet
facet normal 0.0 0.0 0.0
  outer loop
    vertex 1.4088926315307617 16.890575408935547 2.1500000953674316
    vertex 1.670729637145996 17.063405990600586 1.0
    vertex 1.4088926315307617 16.890575408935547 1.0
  endloop
endfacet
facet normal 0.0 0.0 0.0
  outer loop
    vertex 1.4088926315307617 16.890575408935547 2.1500000953674316
    vertex 1.4088926315307617 16.890575408935547 1.0
    vertex 1.1821250915527344 16.673755645751953 2.1500000953674316
  endloop
endfacet
facet normal 0.0 0.0 0.0
  outer loop
    vertex 1.1821250915527344 16.673755645751953 2.1500000953674316
    vertex 1.4088926315307617 16.890575408935547 1.0
    vertex 1.1821250915527344 16.673755645751953 1.0
  endloop
endfacet
facet normal 0.0 0.0 0.0
  outer loop
    vertex 1.1821250915527344 16.673755645751953 2.1500000953674316
    vertex 1.1821250915527344 16.673755645751953 1.0
    vertex 0.9977149963378906 16.41993522644043 2.1500000953674316
  endloop
endfacet
facet normal 0.0 0.0 0.0
  outer loop
    vertex 0.9977149963378906 16.41993522644043 2.1500000953674316
    vertex 1.1821250915527344 16.673755645751953 1.0
    vertex 0.9977149963378906 16.41993522644043 1.0
  endloop
endfacet
facet normal 0.0 0.0 0.0
  outer loop
    vertex 0.9977149963378906 16.41993522644043 2.1500000953674316
    vertex 0.9977149963378906 16.41993522644043 1.0
    vertex 0.8615894317626953 16.13727569580078 2.1500000953674316
  endloop
endfacet
facet normal 0.0 0.0 0.0
  outer loop
    vertex 0.8615894317626953 16.13727569580078 2.1500000953674316
    vertex 0.9977149963378906 16.41993522644043 1.0
    vertex 0.8615894317626953 16.13727569580078 1.0
  endloop
endfacet
facet normal 0.0 0.0 0.0
  outer loop
    vertex 0.8615894317626953 16.13727569580078 2.1500000953674316
    vertex 0.8615894317626953 16.13727569580078 1.0
    vertex 0.7781229019165039 15.834835052490234 2.1500000953674316
  endloop
endfacet
facet normal 0.0 0.0 0.0
  outer loop
    vertex 0.7781229019165039 15.834835052490234 2.1500000953674316
    vertex 0.8615894317626953 16.13727569580078 1.0
    vertex 0.7781229019165039 15.834835052490234 1.0
  endloop
endfacet
facet normal 0.0 0.0 0.0
  outer loop
    vertex -1.471923828125 15.049272537231445 0.0
    vertex -1.5 15.52236557006836 0.0
    vertex 1.3400001525878906 15.52236557006836 0.0
  endloop
endfacet
facet normal 0.0 0.0 0.0
  outer loop
    vertex 1.3400001525878906 15.52236557006836 0.0
    vertex -1.5 15.52236557006836 0.0
    vertex -1.471923828125 15.995454788208008 0.0
  endloop
endfacet
facet normal 0.0 0.0 0.0
  outer loop
    vertex 1.3400001525878906 15.52236557006836 0.0
    vertex -1.471923828125 15.995454788208008 0.0
    vertex 1.3671197891235352 15.771734237670898 0.0
  endloop
endfacet
facet normal 0.0 0.0 0.0
  outer loop
    vertex 1.3671197891235352 15.771734237670898 0.0
    vertex -1.471923828125 15.995454788208008 0.0
    vertex -1.388092041015625 16.461904525756836 0.0
  endloop
endfacet
facet normal 0.0 0.0 0.0
  outer loop
    vertex 1.3671197891235352 15.771734237670898 0.0
    vertex -1.388092041015625 16.461904525756836 0.0
    vertex -1.2496790885925293 16.91517448425293 0.0
  endloop
endfacet
facet normal 0.0 0.0 0.0
  outer loop
    vertex 1.3671197891235352 15.771734237670898 0.0
    vertex -1.2496790885925293 16.91517448425293 0.0
    vertex 1.4472131729125977 16.009435653686523 0.0
  endloop
endfacet
facet normal 0.0 0.0 0.0
  outer loop
    vertex 1.4472131729125977 16.009435653686523 0.0
    vertex -1.2496790885925293 16.91517448425293 0.0
    vertex -1.0586280822753906 17.34888458251953 0.0
  endloop
endfacet
facet normal 0.0 0.0 0.0
  outer loop
    vertex 1.4472131729125977 16.009435653686523 0.0
    vertex -1.0586280822753906 17.34888458251953 0.0
    vertex -0.8176231384277344 17.756954193115234 0.0
  endloop
endfacet
facet normal 0.0 0.0 0.0
  outer loop
    vertex 1.4472131729125977 16.009435653686523 0.0
    vertex -0.8176231384277344 17.756954193115234 0.0
    vertex 1.5765304565429688 16.224365234375 0.0
  endloop
endfacet
facet normal 0.0 0.0 0.0
  outer loop
    vertex 1.5765304565429688 16.224365234375 0.0
    vertex -0.8176231384277344 17.756954193115234 0.0
    vertex -0.5300450325012207 18.133655548095703 0.0
  endloop
endfacet
facet normal 0.0 0.0 0.0
  outer loop
    vertex 1.5765304565429688 16.224365234375 0.0
    vertex -0.5300450325012207 18.133655548095703 0.0
    vertex 1.7490301132202148 16.406475067138672 0.0
  endloop
endfacet
facet normal 0.0 0.0 0.0
  outer loop
    vertex 1.7490301132202148 16.406475067138672 0.0
    vertex -0.5300450325012207 18.133655548095703 0.0
    vertex -0.19993209838867188 18.473695755004883 0.0
  endloop
endfacet
facet normal 0.0 0.0 0.0
  outer loop
    vertex 1.7490301132202148 16.406475067138672 0.0
    vertex -0.19993209838867188 18.473695755004883 0.0
    vertex 0.16808223724365234 18.772315979003906 0.0
  endloop
endfacet
facet normal 0.0 0.0 0.0
  outer loop
    vertex 1.7490301132202148 16.406475067138672 0.0
    vertex 0.16808223724365234 18.772315979003906 0.0
    vertex 1.9566497802734375 16.5472354888916 0.0
  endloop
endfacet
facet normal 0.0 0.0 0.0
  outer loop
    vertex 1.9566497802734375 16.5472354888916 0.0
    vertex 0.16808223724365234 18.772315979003906 0.0
    vertex 0.5688314437866211 19.025304794311523 0.0
  endloop
endfacet
facet normal 0.0 0.0 0.0
  outer loop
    vertex 1.9566497802734375 16.5472354888916 0.0
    vertex 0.5688314437866211 19.025304794311523 0.0
    vertex 0.9966897964477539 19.2291259765625 0.0
  endloop
endfacet
facet normal 0.0 0.0 0.0
  outer loop
    vertex 1.9566497802734375 16.5472354888916 0.0
    vertex 0.9966897964477539 19.2291259765625 0.0
    vertex 2.189669609069824 16.640085220336914 0.0
  endloop
endfacet
facet normal 0.0 0.0 0.0
  outer loop
    vertex 2.189669609069824 16.640085220336914 0.0
    vertex 0.9966897964477539 19.2291259765625 0.0
    vertex 1.4456510543823242 19.380905151367188 0.0
  endloop
endfacet
facet normal 0.0 0.0 0.0
  outer loop
    vertex 2.189669609069824 16.640085220336914 0.0
    vertex 1.4456510543823242 19.380905151367188 0.0
    vertex 1.9094104766845703 19.478525161743164 0.0
  endloop
endfacet
facet normal 0.0 0.0 0.0
  outer loop
    vertex 2.189669609069824 16.640085220336914 0.0
    vertex 1.9094104766845703 19.478525161743164 0.0
    vertex 2.437199592590332 16.680665969848633 0.0
  endloop
endfacet
facet normal 0.0 0.0 0.0
  outer loop
    vertex 2.437199592590332 16.680665969848633 0.0
    vertex 1.9094104766845703 19.478525161743164 0.0
    vertex 2.3814697265625 19.520605087280273 0.0
  endloop
endfacet
facet normal 0.0 0.0 0.0
  outer loop
    vertex 2.437199592590332 16.680665969848633 0.0
    vertex 2.3814697265625 19.520605087280273 0.0
    vertex 2.855179786682129 19.50656509399414 0.0
  endloop
endfacet
facet normal 0.0 0.0 0.0
  outer loop
    vertex 2.437199592590332 16.680665969848633 0.0
    vertex 2.855179786682129 19.50656509399414 0.0
    vertex 2.6876697540283203 16.667085647583008 0.0
  endloop
endfacet
facet normal 0.0 0.0 0.0
  outer loop
    vertex 2.6876697540283203 16.667085647583008 0.0
    vertex 2.855179786682129 19.50656509399414 0.0
    vertex 3.3239097595214844 19.436595916748047 0.0
  endloop
endfacet
facet normal 0.0 0.0 0.0
  outer loop
    vertex 2.6876697540283203 16.667085647583008 0.0
    vertex 3.3239097595214844 19.436595916748047 0.0
    vertex 3.7810802459716797 19.311676025390625 0.0
  endloop
endfacet
facet normal 0.0 0.0 0.0
  outer loop
    vertex 2.6876697540283203 16.667085647583008 0.0
    vertex 3.7810802459716797 19.311676025390625 0.0
    vertex 2.9293603897094727 16.5999755859375 0.0
  endloop
endfacet
facet normal 0.0 0.0 0.0
  outer loop
    vertex 2.9293603897094727 16.5999755859375 0.0
    vertex 3.7810802459716797 19.311676025390625 0.0
    vertex 4.220259666442871 19.133554458618164 0.0
  endloop
endfacet
facet normal 0.0 0.0 0.0
  outer loop
    vertex 2.9293603897094727 16.5999755859375 0.0
    vertex 4.220259666442871 19.133554458618164 0.0
    vertex 3.150979995727539 16.482484817504883 0.0
  endloop
endfacet
facet normal 0.0 0.0 0.0
  outer loop
    vertex 3.150979995727539 16.482484817504883 0.0
    vertex 4.220259666442871 19.133554458618164 0.0
    vertex 4.635290145874023 18.90474510192871 0.0
  endloop
endfacet
facet normal 0.0 0.0 0.0
  outer loop
    vertex 3.150979995727539 16.482484817504883 0.0
    vertex 4.635290145874023 18.90474510192871 0.0
    vertex 5.020350456237793 18.62846565246582 0.0
  endloop
endfacet
facet normal 0.0 0.0 0.0
  outer loop
    vertex 3.150979995727539 16.482484817504883 0.0
    vertex 5.020350456237793 18.62846565246582 0.0
    vertex 3.3421497344970703 16.32009506225586 0.0
  endloop
endfacet
facet normal 0.0 0.0 0.0
  outer loop
    vertex 3.3421497344970703 16.32009506225586 0.0
    vertex 5.020350456237793 18.62846565246582 0.0
    vertex 5.370030403137207 18.308565139770508 0.0
  endloop
endfacet
facet normal 0.0 0.0 0.0
  outer loop
    vertex 3.3421497344970703 16.32009506225586 0.0
    vertex 5.370030403137207 18.308565139770508 0.0
    vertex 5.679420471191406 17.949565887451172 0.0
  endloop
endfacet
facet normal 0.0 0.0 0.0
  outer loop
    vertex 3.3421497344970703 16.32009506225586 0.0
    vertex 5.679420471191406 17.949565887451172 0.0
    vertex 3.4939498901367188 16.120405197143555 0.0
  endloop
endfacet
facet normal 0.0 0.0 0.0
  outer loop
    vertex 3.4939498901367188 16.120405197143555 0.0
    vertex 5.679420471191406 17.949565887451172 0.0
    vertex 5.944169998168945 17.55648422241211 0.0
  endloop
endfacet
facet normal 0.0 0.0 0.0
  outer loop
    vertex 3.4939498901367188 16.120405197143555 0.0
    vertex 5.944169998168945 17.55648422241211 0.0
    vertex 6.160579681396484 17.134855270385742 0.0
  endloop
endfacet
facet normal 0.0 0.0 0.0
  outer loop
    vertex 3.4939498901367188 16.120405197143555 0.0
    vertex 6.160579681396484 17.134855270385742 0.0
    vertex 3.59928035736084 15.892755508422852 0.0
  endloop
endfacet
facet normal 0.0 0.0 0.0
  outer loop
    vertex 3.59928035736084 15.892755508422852 0.0
    vertex 6.160579681396484 17.134855270385742 0.0
    vertex 6.325599670410156 16.690595626831055 0.0
  endloop
endfacet
facet normal 0.0 0.0 0.0
  outer loop
    vertex 3.59928035736084 15.892755508422852 0.0
    vertex 6.325599670410156 16.690595626831055 0.0
    vertex 6.436920166015625 16.22992515563965 0.0
  endloop
endfacet
facet normal 0.0 0.0 0.0
  outer loop
    vertex 3.59928035736084 15.892755508422852 0.0
    vertex 6.436920166015625 16.22992515563965 0.0
    vertex 3.653200149536133 15.647785186767578 0.0
  endloop
endfacet
facet normal 0.0 0.0 0.0
  outer loop
    vertex 3.653200149536133 15.647785186767578 0.0
    vertex 6.436920166015625 16.22992515563965 0.0
    vertex 6.4929704666137695 15.75932502746582 0.0
  endloop
endfacet
facet normal 0.0 0.0 0.0
  outer loop
    vertex 3.653200149536133 15.647785186767578 0.0
    vertex 6.4929704666137695 15.75932502746582 0.0
    vertex 6.4929704666137695 15.285402297973633 0.0
  endloop
endfacet
facet normal 0.0 0.0 0.0
  outer loop
    vertex 3.653200149536133 15.647785186767578 0.0
    vertex 6.4929704666137695 15.285402297973633 0.0
    vertex 3.653200149536133 15.396947860717773 0.0
  endloop
endfacet
facet normal 0.0 0.0 0.0
  outer loop
    vertex 3.653200149536133 15.396947860717773 0.0
    vertex 6.4929704666137695 15.285402297973633 0.0
    vertex 6.436920166015625 14.814804077148438 0.0
  endloop
endfacet
facet normal 0.0 0.0 0.0
  outer loop
    vertex 3.653200149536133 15.396947860717773 0.0
    vertex 6.436920166015625 14.814804077148438 0.0
    vertex 3.59928035736084 15.151975631713867 0.0
  endloop
endfacet
facet normal 0.0 0.0 0.0
  outer loop
    vertex 3.59928035736084 15.151975631713867 0.0
    vertex 6.436920166015625 14.814804077148438 0.0
    vertex 6.325599670410156 14.354137420654297 0.0
  endloop
endfacet
facet normal 0.0 0.0 0.0
  outer loop
    vertex 3.59928035736084 15.151975631713867 0.0
    vertex 6.325599670410156 14.354137420654297 0.0
    vertex 6.160579681396484 13.909870147705078 0.0
  endloop
endfacet
facet normal 0.0 0.0 0.0
  outer loop
    vertex 3.59928035736084 15.151975631713867 0.0
    vertex 6.160579681396484 13.909870147705078 0.0
    vertex 3.4939498901367188 14.924324035644531 0.0
  endloop
endfacet
facet normal 0.0 0.0 0.0
  outer loop
    vertex 3.4939498901367188 14.924324035644531 0.0
    vertex 6.160579681396484 13.909870147705078 0.0
    vertex 5.944169998168945 13.488241195678711 0.0
  endloop
endfacet
facet normal 0.0 0.0 0.0
  outer loop
    vertex 3.4939498901367188 14.924324035644531 0.0
    vertex 5.944169998168945 13.488241195678711 0.0
    vertex 5.679420471191406 13.09516429901123 0.0
  endloop
endfacet
facet normal 0.0 0.0 0.0
  outer loop
    vertex 3.4939498901367188 14.924324035644531 0.0
    vertex 5.679420471191406 13.09516429901123 0.0
    vertex 3.3421497344970703 14.724634170532227 0.0
  endloop
endfacet
facet normal 0.0 0.0 0.0
  outer loop
    vertex 3.3421497344970703 14.724634170532227 0.0
    vertex 5.679420471191406 13.09516429901123 0.0
    vertex 5.370030403137207 12.736161231994629 0.0
  endloop
endfacet
facet normal 0.0 0.0 0.0
  outer loop
    vertex 3.3421497344970703 14.724634170532227 0.0
    vertex 5.370030403137207 12.736161231994629 0.0
    vertex 5.020350456237793 12.41627025604248 0.0
  endloop
endfacet
facet normal 0.0 0.0 0.0
  outer loop
    vertex 3.3421497344970703 14.724634170532227 0.0
    vertex 5.020350456237793 12.41627025604248 0.0
    vertex 3.150979995727539 14.562246322631836 0.0
  endloop
endfacet
facet normal 0.0 0.0 0.0
  outer loop
    vertex 3.150979995727539 14.562246322631836 0.0
    vertex 5.020350456237793 12.41627025604248 0.0
    vertex 4.635290145874023 12.139981269836426 0.0
  endloop
endfacet
facet normal 0.0 0.0 0.0
  outer loop
    vertex 3.150979995727539 14.562246322631836 0.0
    vertex 4.635290145874023 12.139981269836426 0.0
    vertex 4.220259666442871 11.911174774169922 0.0
  endloop
endfacet
facet normal 0.0 0.0 0.0
  outer loop
    vertex 3.150979995727539 14.562246322631836 0.0
    vertex 4.220259666442871 11.911174774169922 0.0
    vertex 2.9293603897094727 14.444751739501953 0.0
  endloop
endfacet
facet normal 0.0 0.0 0.0
  outer loop
    vertex 2.9293603897094727 14.444751739501953 0.0
    vertex 4.220259666442871 11.911174774169922 0.0
    vertex 3.7810802459716797 11.733059883117676 0.0
  endloop
endfacet
facet normal 0.0 0.0 0.0
  outer loop
    vertex 2.9293603897094727 14.444751739501953 0.0
    vertex 3.7810802459716797 11.733059883117676 0.0
    vertex 2.6876697540283203 14.377645492553711 0.0
  endloop
endfacet
facet normal 0.0 0.0 0.0
  outer loop
    vertex 2.6876697540283203 14.377645492553711 0.0
    vertex 3.7810802459716797 11.733059883117676 0.0
    vertex 3.3239097595214844 11.608139038085938 0.0
  endloop
endfacet
facet normal 0.0 0.0 0.0
  outer loop
    vertex 2.6876697540283203 14.377645492553711 0.0
    vertex 3.3239097595214844 11.608139038085938 0.0
    vertex 2.855179786682129 11.538166046142578 0.0
  endloop
endfacet
facet normal 0.0 0.0 0.0
  outer loop
    vertex 2.6876697540283203 14.377645492553711 0.0
    vertex 2.855179786682129 11.538166046142578 0.0
    vertex 2.437199592590332 14.364065170288086 0.0
  endloop
endfacet
facet normal 0.0 0.0 0.0
  outer loop
    vertex 2.437199592590332 14.364065170288086 0.0
    vertex 2.855179786682129 11.538166046142578 0.0
    vertex 2.3814697265625 11.52412223815918 0.0
  endloop
endfacet
facet normal 0.0 0.0 0.0
  outer loop
    vertex 2.437199592590332 14.364065170288086 0.0
    vertex 2.3814697265625 11.52412223815918 0.0
    vertex 1.9094104766845703 11.566204071044922 0.0
  endloop
endfacet
facet normal 0.0 0.0 0.0
  outer loop
    vertex 2.437199592590332 14.364065170288086 0.0
    vertex 1.9094104766845703 11.566204071044922 0.0
    vertex 2.189669609069824 14.404647827148438 0.0
  endloop
endfacet
facet normal 0.0 0.0 0.0
  outer loop
    vertex 2.189669609069824 14.404647827148438 0.0
    vertex 1.9094104766845703 11.566204071044922 0.0
    vertex 1.4456510543823242 11.663823127746582 0.0
  endloop
endfacet
facet normal 0.0 0.0 0.0
  outer loop
    vertex 2.189669609069824 14.404647827148438 0.0
    vertex 1.4456510543823242 11.663823127746582 0.0
    vertex 0.9966897964477539 11.815607070922852 0.0
  endloop
endfacet
facet normal 0.0 0.0 0.0
  outer loop
    vertex 2.189669609069824 14.404647827148438 0.0
    vertex 0.9966897964477539 11.815607070922852 0.0
    vertex 1.9566497802734375 14.497491836547852 0.0
  endloop
endfacet
facet normal 0.0 0.0 0.0
  outer loop
    vertex 1.9566497802734375 14.497491836547852 0.0
    vertex 0.9966897964477539 11.815607070922852 0.0
    vertex 0.5688314437866211 12.019424438476562 0.0
  endloop
endfacet
facet normal 0.0 0.0 0.0
  outer loop
    vertex 1.9566497802734375 14.497491836547852 0.0
    vertex 0.5688314437866211 12.019424438476562 0.0
    vertex 0.16808223724365234 12.272417068481445 0.0
  endloop
endfacet
facet normal 0.0 0.0 0.0
  outer loop
    vertex 1.9566497802734375 14.497491836547852 0.0
    vertex 0.16808223724365234 12.272417068481445 0.0
    vertex 1.7490301132202148 14.63825798034668 0.0
  endloop
endfacet
facet normal 0.0 0.0 0.0
  outer loop
    vertex 1.7490301132202148 14.63825798034668 0.0
    vertex 0.16808223724365234 12.272417068481445 0.0
    vertex -0.19993209838867188 12.57103157043457 0.0
  endloop
endfacet
facet normal 0.0 0.0 0.0
  outer loop
    vertex 1.7490301132202148 14.63825798034668 0.0
    vertex -0.19993209838867188 12.57103157043457 0.0
    vertex -0.5300450325012207 12.911077499389648 0.0
  endloop
endfacet
facet normal 0.0 0.0 0.0
  outer loop
    vertex 1.7490301132202148 14.63825798034668 0.0
    vertex -0.5300450325012207 12.911077499389648 0.0
    vertex 1.5765304565429688 14.820363998413086 0.0
  endloop
endfacet
facet normal 0.0 0.0 0.0
  outer loop
    vertex 1.5765304565429688 14.820363998413086 0.0
    vertex -0.5300450325012207 12.911077499389648 0.0
    vertex -0.8176231384277344 13.2877779006958 0.0
  endloop
endfacet
facet normal 0.0 0.0 0.0
  outer loop
    vertex 1.5765304565429688 14.820363998413086 0.0
    vertex -0.8176231384277344 13.2877779006958 0.0
    vertex 1.4472131729125977 15.035293579101562 0.0
  endloop
endfacet
facet normal 0.0 0.0 0.0
  outer loop
    vertex 1.4472131729125977 15.035293579101562 0.0
    vertex -0.8176231384277344 13.2877779006958 0.0
    vertex -1.0586280822753906 13.69584846496582 0.0
  endloop
endfacet
facet normal 0.0 0.0 0.0
  outer loop
    vertex 1.4472131729125977 15.035293579101562 0.0
    vertex -1.0586280822753906 13.69584846496582 0.0
    vertex -1.2496790885925293 14.129558563232422 0.0
  endloop
endfacet
facet normal 0.0 0.0 0.0
  outer loop
    vertex 1.4472131729125977 15.035293579101562 0.0
    vertex -1.2496790885925293 14.129558563232422 0.0
    vertex 1.3671197891235352 15.272998809814453 0.0
  endloop
endfacet
facet normal 0.0 0.0 0.0
  outer loop
    vertex 1.3671197891235352 15.272998809814453 0.0
    vertex -1.2496790885925293 14.129558563232422 0.0
    vertex -1.388092041015625 14.582820892333984 0.0
  endloop
endfacet
facet normal 0.0 0.0 0.0
  outer loop
    vertex 1.3671197891235352 15.272998809814453 0.0
    vertex -1.388092041015625 14.582820892333984 0.0
    vertex -1.471923828125 15.049272537231445 0.0
  endloop
endfacet
facet normal 0.0 0.0 0.0
  outer loop
    vertex 1.3671197891235352 15.272998809814453 0.0
    vertex -1.471923828125 15.049272537231445 0.0
    vertex 1.3400001525878906 15.52236557006836 0.0
  endloop
endfacet
facet normal 0.0 0.0 0.0
  outer loop
    vertex -16.5 -2.5206046104431152 0.0
    vertex -16.5 -10.520605087280273 0.0
    vertex -16.5 -2.5206046104431152 2.0
  endloop
endfacet
facet normal 0.0 0.0 0.0
  outer loop
    vertex -16.5 -2.5206046104431152 2.0
    vertex -16.5 -10.520605087280273 0.0
    vertex -16.5 -10.520605087280273 2.0
  endloop
endfacet
facet normal 0.0 0.0 0.0
  outer loop
    vertex -16.5 -10.520605087280273 2.0
    vertex -12.493232727050781 -6.288025379180908 2.0
    vertex -16.5 -2.5206046104431152 2.0
  endloop
endfacet
facet normal 0.0 0.0 0.0
  outer loop
    vertex -16.5 -2.5206046104431152 2.0
    vertex -12.493232727050781 -6.288025379180908 2.0
    vertex -12.439230918884277 -5.826014995574951 2.0
  endloop
endfacet
facet normal 0.0 0.0 0.0
  outer loop
    vertex -16.5 -2.5206046104431152 2.0
    vertex -12.439230918884277 -5.826014995574951 2.0
    vertex -12.331957817077637 -5.37339448928833 2.0
  endloop
endfacet
facet normal 0.0 0.0 0.0
  outer loop
    vertex -8.5 -10.520605087280273 2.0
    vertex -8.964371681213379 -10.493555068969727 2.0
    vertex -16.5 -10.520605087280273 2.0
  endloop
endfacet
facet normal 0.0 0.0 0.0
  outer loop
    vertex -16.5 -10.520605087280273 2.0
    vertex -8.964371681213379 -10.493555068969727 2.0
    vertex -9.422463417053223 -10.412784576416016 2.0
  endloop
endfacet
facet normal 0.0 0.0 0.0
  outer loop
    vertex -16.5 -10.520605087280273 2.0
    vertex -9.422463417053223 -10.412784576416016 2.0
    vertex -9.868081092834473 -10.279375076293945 2.0
  endloop
endfacet
facet normal 0.0 0.0 0.0
  outer loop
    vertex -9.868081092834473 -10.279375076293945 2.0
    vertex -10.295196533203125 -10.095134735107422 2.0
    vertex -16.5 -10.520605087280273 2.0
  endloop
endfacet
facet normal 0.0 0.0 0.0
  outer loop
    vertex -16.5 -10.520605087280273 2.0
    vertex -10.295196533203125 -10.095134735107422 2.0
    vertex -10.698036193847656 -9.862554550170898 2.0
  endloop
endfacet
facet normal 0.0 0.0 0.0
  outer loop
    vertex -16.5 -10.520605087280273 2.0
    vertex -10.698036193847656 -9.862554550170898 2.0
    vertex -11.071149826049805 -9.584785461425781 2.0
  endloop
endfacet
facet normal 0.0 0.0 0.0
  outer loop
    vertex -11.071149826049805 -9.584785461425781 2.0
    vertex -11.40949535369873 -9.265575408935547 2.0
    vertex -16.5 -10.520605087280273 2.0
  endloop
endfacet
facet normal 0.0 0.0 0.0
  outer loop
    vertex -16.5 -10.520605087280273 2.0
    vertex -11.40949535369873 -9.265575408935547 2.0
    vertex -11.70849323272705 -8.909235000610352 2.0
  endloop
endfacet
facet normal 0.0 0.0 0.0
  outer loop
    vertex -16.5 -10.520605087280273 2.0
    vertex -11.70849323272705 -8.909235000610352 2.0
    vertex -11.964101791381836 -8.520605087280273 2.0
  endloop
endfacet
facet normal 0.0 0.0 0.0
  outer loop
    vertex -11.964101791381836 -8.520605087280273 2.0
    vertex -12.172863960266113 -8.104925155639648 2.0
    vertex -16.5 -10.520605087280273 2.0
  endloop
endfacet
facet normal 0.0 0.0 0.0
  outer loop
    vertex -16.5 -10.520605087280273 2.0
    vertex -12.172863960266113 -8.104925155639648 2.0
    vertex -12.331957817077637 -7.6678147315979 2.0
  endloop
endfacet
facet normal 0.0 0.0 0.0
  outer loop
    vertex -16.5 -10.520605087280273 2.0
    vertex -12.331957817077637 -7.6678147315979 2.0
    vertex -12.439230918884277 -7.215195178985596 2.0
  endloop
endfacet
facet normal 0.0 0.0 0.0
  outer loop
    vertex -12.439230918884277 -7.215195178985596 2.0
    vertex -12.493232727050781 -6.753184795379639 2.0
    vertex -16.5 -10.520605087280273 2.0
  endloop
endfacet
facet normal 0.0 0.0 0.0
  outer loop
    vertex -16.5 -10.520605087280273 2.0
    vertex -12.493232727050781 -6.753184795379639 2.0
    vertex -12.493232727050781 -6.288025379180908 2.0
  endloop
endfacet
facet normal 0.0 0.0 0.0
  outer loop
    vertex -12.331957817077637 -5.37339448928833 2.0
    vertex -12.172863960266113 -4.93628454208374 2.0
    vertex -16.5 -2.5206046104431152 2.0
  endloop
endfacet
facet normal 0.0 0.0 0.0
  outer loop
    vertex -16.5 -2.5206046104431152 2.0
    vertex -12.172863960266113 -4.93628454208374 2.0
    vertex -11.964101791381836 -4.520604610443115 2.0
  endloop
endfacet
facet normal 0.0 0.0 0.0
  outer loop
    vertex -16.5 -2.5206046104431152 2.0
    vertex -11.964101791381836 -4.520604610443115 2.0
    vertex -11.70849323272705 -4.1319708824157715 2.0
  endloop
endfacet
facet normal 0.0 0.0 0.0
  outer loop
    vertex -11.70849323272705 -4.1319708824157715 2.0
    vertex -11.40949535369873 -3.775639057159424 2.0
    vertex -16.5 -2.5206046104431152 2.0
  endloop
endfacet
facet normal 0.0 0.0 0.0
  outer loop
    vertex -16.5 -2.5206046104431152 2.0
    vertex -11.40949535369873 -3.775639057159424 2.0
    vertex -11.071149826049805 -3.4564270973205566 2.0
  endloop
endfacet
facet normal 0.0 0.0 0.0
  outer loop
    vertex -16.5 -2.5206046104431152 2.0
    vertex -11.071149826049805 -3.4564270973205566 2.0
    vertex -10.698036193847656 -3.178654193878174 2.0
  endloop
endfacet
facet normal 0.0 0.0 0.0
  outer loop
    vertex -10.698036193847656 -3.178654193878174 2.0
    vertex -10.295196533203125 -2.946074962615967 2.0
    vertex -16.5 -2.5206046104431152 2.0
  endloop
endfacet
facet normal 0.0 0.0 0.0
  outer loop
    vertex -16.5 -2.5206046104431152 2.0
    vertex -10.295196533203125 -2.946074962615967 2.0
    vertex -9.868081092834473 -2.7618346214294434 2.0
  endloop
endfacet
facet normal 0.0 0.0 0.0
  outer loop
    vertex -16.5 -2.5206046104431152 2.0
    vertex -9.868081092834473 -2.7618346214294434 2.0
    vertex -9.422463417053223 -2.6284260749816895 2.0
  endloop
endfacet
facet normal 0.0 0.0 0.0
  outer loop
    vertex -9.422463417053223 -2.6284260749816895 2.0
    vertex -8.964371681213379 -2.547651767730713 2.0
    vertex -16.5 -2.5206046104431152 2.0
  endloop
endfacet
facet normal 0.0 0.0 0.0
  outer loop
    vertex -16.5 -2.5206046104431152 2.0
    vertex -8.964371681213379 -2.547651767730713 2.0
    vertex -8.5 -2.5206046104431152 2.0
  endloop
endfacet
facet normal 0.0 0.0 0.0
  outer loop
    vertex -12.471923828125 -6.04751443862915 9.0
    vertex -12.493232727050781 -6.288025379180908 2.0
    vertex -12.5 -6.520604610443115 9.0
  endloop
endfacet
facet normal 0.0 0.0 0.0
  outer loop
    vertex -12.5 -6.520604610443115 9.0
    vertex -12.493232727050781 -6.288025379180908 2.0
    vertex -12.493232727050781 -6.753184795379639 2.0
  endloop
endfacet
facet normal 0.0 0.0 0.0
  outer loop
    vertex -12.5 -6.520604610443115 9.0
    vertex -12.493232727050781 -6.753184795379639 2.0
    vertex -12.471923828125 -6.99369478225708 9.0
  endloop
endfacet
facet normal 0.0 0.0 0.0
  outer loop
    vertex -12.471923828125 -6.99369478225708 9.0
    vertex -12.493232727050781 -6.753184795379639 2.0
    vertex -12.439230918884277 -7.215195178985596 2.0
  endloop
endfacet
facet normal 0.0 0.0 0.0
  outer loop
    vertex -12.471923828125 -6.99369478225708 9.0
    vertex -12.439230918884277 -7.215195178985596 2.0
    vertex -12.388092041015625 -7.460144519805908 9.0
  endloop
endfacet
facet normal 0.0 0.0 0.0
  outer loop
    vertex -12.388092041015625 -7.460144519805908 9.0
    vertex -12.439230918884277 -7.215195178985596 2.0
    vertex -12.331957817077637 -7.6678147315979 2.0
  endloop
endfacet
facet normal 0.0 0.0 0.0
  outer loop
    vertex -12.388092041015625 -7.460144519805908 9.0
    vertex -12.331957817077637 -7.6678147315979 2.0
    vertex -12.249679565429688 -7.913414478302002 9.0
  endloop
endfacet
facet normal 0.0 0.0 0.0
  outer loop
    vertex -12.249679565429688 -7.913414478302002 9.0
    vertex -12.331957817077637 -7.6678147315979 2.0
    vertex -12.172863960266113 -8.104925155639648 2.0
  endloop
endfacet
facet normal 0.0 0.0 0.0
  outer loop
    vertex -12.249679565429688 -7.913414478302002 9.0
    vertex -12.172863960266113 -8.104925155639648 2.0
    vertex -12.05862808227539 -8.347124099731445 9.0
  endloop
endfacet
facet normal 0.0 0.0 0.0
  outer loop
    vertex -12.05862808227539 -8.347124099731445 9.0
    vertex -12.172863960266113 -8.104925155639648 2.0
    vertex -11.964101791381836 -8.520605087280273 2.0
  endloop
endfacet
facet normal 0.0 0.0 0.0
  outer loop
    vertex -12.05862808227539 -8.347124099731445 9.0
    vertex -11.964101791381836 -8.520605087280273 2.0
    vertex -11.817623138427734 -8.755195617675781 9.0
  endloop
endfacet
facet normal 0.0 0.0 0.0
  outer loop
    vertex -11.817623138427734 -8.755195617675781 9.0
    vertex -11.964101791381836 -8.520605087280273 2.0
    vertex -11.70849323272705 -8.909235000610352 2.0
  endloop
endfacet
facet normal 0.0 0.0 0.0
  outer loop
    vertex -11.817623138427734 -8.755195617675781 9.0
    vertex -11.70849323272705 -8.909235000610352 2.0
    vertex -11.530044555664062 -9.131895065307617 9.0
  endloop
endfacet
facet normal 0.0 0.0 0.0
  outer loop
    vertex -11.530044555664062 -9.131895065307617 9.0
    vertex -11.70849323272705 -8.909235000610352 2.0
    vertex -11.40949535369873 -9.265575408935547 2.0
  endloop
endfacet
facet normal 0.0 0.0 0.0
  outer loop
    vertex -11.530044555664062 -9.131895065307617 9.0
    vertex -11.40949535369873 -9.265575408935547 2.0
    vertex -11.199932098388672 -9.471935272216797 9.0
  endloop
endfacet
facet normal 0.0 0.0 0.0
  outer loop
    vertex -11.199932098388672 -9.471935272216797 9.0
    vertex -11.40949535369873 -9.265575408935547 2.0
    vertex -11.071149826049805 -9.584785461425781 2.0
  endloop
endfacet
facet normal 0.0 0.0 0.0
  outer loop
    vertex -11.199932098388672 -9.471935272216797 9.0
    vertex -11.071149826049805 -9.584785461425781 2.0
    vertex -10.831917762756348 -9.77055549621582 9.0
  endloop
endfacet
facet normal 0.0 0.0 0.0
  outer loop
    vertex -10.831917762756348 -9.77055549621582 9.0
    vertex -11.071149826049805 -9.584785461425781 2.0
    vertex -10.698036193847656 -9.862554550170898 2.0
  endloop
endfacet
facet normal 0.0 0.0 0.0
  outer loop
    vertex -10.831917762756348 -9.77055549621582 9.0
    vertex -10.698036193847656 -9.862554550170898 2.0
    vertex -10.431169509887695 -10.023544311523438 9.0
  endloop
endfacet
facet normal 0.0 0.0 0.0
  outer loop
    vertex -10.431169509887695 -10.023544311523438 9.0
    vertex -10.698036193847656 -9.862554550170898 2.0
    vertex -10.295196533203125 -10.095134735107422 2.0
  endloop
endfacet
facet normal 0.0 0.0 0.0
  outer loop
    vertex -10.431169509887695 -10.023544311523438 9.0
    vertex -10.295196533203125 -10.095134735107422 2.0
    vertex -10.003310203552246 -10.227365493774414 9.0
  endloop
endfacet
facet normal 0.0 0.0 0.0
  outer loop
    vertex -10.003310203552246 -10.227365493774414 9.0
    vertex -10.295196533203125 -10.095134735107422 2.0
    vertex -9.868081092834473 -10.279375076293945 2.0
  endloop
endfacet
facet normal 0.0 0.0 0.0
  outer loop
    vertex -10.003310203552246 -10.227365493774414 9.0
    vertex -9.868081092834473 -10.279375076293945 2.0
    vertex -9.554348945617676 -10.379144668579102 9.0
  endloop
endfacet
facet normal 0.0 0.0 0.0
  outer loop
    vertex -9.554348945617676 -10.379144668579102 9.0
    vertex -9.868081092834473 -10.279375076293945 2.0
    vertex -9.422463417053223 -10.412784576416016 2.0
  endloop
endfacet
facet normal 0.0 0.0 0.0
  outer loop
    vertex -9.554348945617676 -10.379144668579102 9.0
    vertex -9.422463417053223 -10.412784576416016 2.0
    vertex -9.09058666229248 -10.476764678955078 9.0
  endloop
endfacet
facet normal 0.0 0.0 0.0
  outer loop
    vertex -9.09058666229248 -10.476764678955078 9.0
    vertex -9.422463417053223 -10.412784576416016 2.0
    vertex -8.964371681213379 -10.493555068969727 2.0
  endloop
endfacet
facet normal 0.0 0.0 0.0
  outer loop
    vertex -9.09058666229248 -10.476764678955078 9.0
    vertex -8.964371681213379 -10.493555068969727 2.0
    vertex -8.61853313446045 -10.518844604492188 9.0
  endloop
endfacet
facet normal 0.0 0.0 0.0
  outer loop
    vertex -8.61853313446045 -10.518844604492188 9.0
    vertex -8.964371681213379 -10.493555068969727 2.0
    vertex -8.5 -10.520605087280273 2.0
  endloop
endfacet
facet normal 0.0 0.0 0.0
  outer loop
    vertex -8.61853313446045 -10.518844604492188 9.0
    vertex -8.5 -10.520605087280273 2.0
    vertex -8.144816398620605 -10.504804611206055 9.0
  endloop
endfacet
facet normal 0.0 0.0 0.0
  outer loop
    vertex -8.144816398620605 -10.504804611206055 9.0
    vertex -8.5 -10.520605087280273 2.0
    vertex -8.035628318786621 -10.493555068969727 2.0
  endloop
endfacet
facet normal 0.0 0.0 0.0
  outer loop
    vertex -8.144816398620605 -10.504804611206055 9.0
    vertex -8.035628318786621 -10.493555068969727 2.0
    vertex -7.676085472106934 -10.434835433959961 9.0
  endloop
endfacet
facet normal 0.0 0.0 0.0
  outer loop
    vertex -7.676085472106934 -10.434835433959961 9.0
    vertex -8.035628318786621 -10.493555068969727 2.0
    vertex -7.577536582946777 -10.412784576416016 2.0
  endloop
endfacet
facet normal 0.0 0.0 0.0
  outer loop
    vertex -7.676085472106934 -10.434835433959961 9.0
    vertex -7.577536582946777 -10.412784576416016 2.0
    vertex -7.218920707702637 -10.309915542602539 9.0
  endloop
endfacet
facet normal 0.0 0.0 0.0
  outer loop
    vertex -7.218920707702637 -10.309915542602539 9.0
    vertex -7.577536582946777 -10.412784576416016 2.0
    vertex -7.131918907165527 -10.279375076293945 2.0
  endloop
endfacet
facet normal 0.0 0.0 0.0
  outer loop
    vertex -7.218920707702637 -10.309915542602539 9.0
    vertex -7.131918907165527 -10.279375076293945 2.0
    vertex -6.779738903045654 -10.131793975830078 9.0
  endloop
endfacet
facet normal 0.0 0.0 0.0
  outer loop
    vertex -6.779738903045654 -10.131793975830078 9.0
    vertex -7.131918907165527 -10.279375076293945 2.0
    vertex -6.704802989959717 -10.095134735107422 2.0
  endloop
endfacet
facet normal 0.0 0.0 0.0
  outer loop
    vertex -6.779738903045654 -10.131793975830078 9.0
    vertex -6.704802989959717 -10.095134735107422 2.0
    vertex -6.364706039428711 -9.902984619140625 9.0
  endloop
endfacet
facet normal 0.0 0.0 0.0
  outer loop
    vertex -6.364706039428711 -9.902984619140625 9.0
    vertex -6.704802989959717 -10.095134735107422 2.0
    vertex -6.301963806152344 -9.862554550170898 2.0
  endloop
endfacet
facet normal 0.0 0.0 0.0
  outer loop
    vertex -6.364706039428711 -9.902984619140625 9.0
    vertex -6.301963806152344 -9.862554550170898 2.0
    vertex -5.979649066925049 -9.626705169677734 9.0
  endloop
endfacet
facet normal 0.0 0.0 0.0
  outer loop
    vertex -5.979649066925049 -9.626705169677734 9.0
    vertex -6.301963806152344 -9.862554550170898 2.0
    vertex -5.928850173950195 -9.584785461425781 2.0
  endloop
endfacet
facet normal 0.0 0.0 0.0
  outer loop
    vertex -5.979649066925049 -9.626705169677734 9.0
    vertex -5.928850173950195 -9.584785461425781 2.0
    vertex -5.629971027374268 -9.306804656982422 9.0
  endloop
endfacet
facet normal 0.0 0.0 0.0
  outer loop
    vertex -5.629971027374268 -9.306804656982422 9.0
    vertex -5.928850173950195 -9.584785461425781 2.0
    vertex -5.5905046463012695 -9.265575408935547 2.0
  endloop
endfacet
facet normal 0.0 0.0 0.0
  outer loop
    vertex -5.629971027374268 -9.306804656982422 9.0
    vertex -5.5905046463012695 -9.265575408935547 2.0
    vertex -5.320581912994385 -8.947805404663086 9.0
  endloop
endfacet
facet normal 0.0 0.0 0.0
  outer loop
    vertex -5.320581912994385 -8.947805404663086 9.0
    vertex -5.5905046463012695 -9.265575408935547 2.0
    vertex -5.291506767272949 -8.909235000610352 2.0
  endloop
endfacet
facet normal 0.0 0.0 0.0
  outer loop
    vertex -5.320581912994385 -8.947805404663086 9.0
    vertex -5.291506767272949 -8.909235000610352 2.0
    vertex -5.055826187133789 -8.554725646972656 9.0
  endloop
endfacet
facet normal 0.0 0.0 0.0
  outer loop
    vertex -5.055826187133789 -8.554725646972656 9.0
    vertex -5.291506767272949 -8.909235000610352 2.0
    vertex -5.035898208618164 -8.520605087280273 2.0
  endloop
endfacet
facet normal 0.0 0.0 0.0
  outer loop
    vertex -5.055826187133789 -8.554725646972656 9.0
    vertex -5.035898208618164 -8.520605087280273 2.0
    vertex -4.839417934417725 -8.133094787597656 9.0
  endloop
endfacet
facet normal 0.0 0.0 0.0
  outer loop
    vertex -4.839417934417725 -8.133094787597656 9.0
    vertex -5.035898208618164 -8.520605087280273 2.0
    vertex -4.827136039733887 -8.104925155639648 2.0
  endloop
endfacet
facet normal 0.0 0.0 0.0
  outer loop
    vertex -4.839417934417725 -8.133094787597656 9.0
    vertex -4.827136039733887 -8.104925155639648 2.0
    vertex -4.67439603805542 -7.6888346672058105 9.0
  endloop
endfacet
facet normal 0.0 0.0 0.0
  outer loop
    vertex -4.67439603805542 -7.6888346672058105 9.0
    vertex -4.827136039733887 -8.104925155639648 2.0
    vertex -4.668042182922363 -7.6678147315979 2.0
  endloop
endfacet
facet normal 0.0 0.0 0.0
  outer loop
    vertex -4.67439603805542 -7.6888346672058105 9.0
    vertex -4.668042182922363 -7.6678147315979 2.0
    vertex -4.563077926635742 -7.228165149688721 9.0
  endloop
endfacet
facet normal 0.0 0.0 0.0
  outer loop
    vertex -4.563077926635742 -7.228165149688721 9.0
    vertex -4.668042182922363 -7.6678147315979 2.0
    vertex -4.560769081115723 -7.215195178985596 2.0
  endloop
endfacet
facet normal 0.0 0.0 0.0
  outer loop
    vertex -4.563077926635742 -7.228165149688721 9.0
    vertex -4.560769081115723 -7.215195178985596 2.0
    vertex -4.507024765014648 -6.757565021514893 9.0
  endloop
endfacet
facet normal 0.0 0.0 0.0
  outer loop
    vertex -4.507024765014648 -6.757565021514893 9.0
    vertex -4.560769081115723 -7.215195178985596 2.0
    vertex -4.506767272949219 -6.753184795379639 2.0
  endloop
endfacet
facet normal 0.0 0.0 0.0
  outer loop
    vertex -4.507024765014648 -6.757565021514893 9.0
    vertex -4.506767272949219 -6.753184795379639 2.0
    vertex -4.506767272949219 -6.288025379180908 2.0
  endloop
endfacet
facet normal 0.0 0.0 0.0
  outer loop
    vertex -12.493232727050781 -6.288025379180908 2.0
    vertex -12.471923828125 -6.04751443862915 9.0
    vertex -12.439230918884277 -5.826014995574951 2.0
  endloop
endfacet
facet normal 0.0 0.0 0.0
  outer loop
    vertex -12.439230918884277 -5.826014995574951 2.0
    vertex -12.471923828125 -6.04751443862915 9.0
    vertex -12.388092041015625 -5.581064701080322 9.0
  endloop
endfacet
facet normal 0.0 0.0 0.0
  outer loop
    vertex -12.439230918884277 -5.826014995574951 2.0
    vertex -12.388092041015625 -5.581064701080322 9.0
    vertex -12.331957817077637 -5.37339448928833 2.0
  endloop
endfacet
facet normal 0.0 0.0 0.0
  outer loop
    vertex -12.331957817077637 -5.37339448928833 2.0
    vertex -12.388092041015625 -5.581064701080322 9.0
    vertex -12.249679565429688 -5.1277947425842285 9.0
  endloop
endfacet
facet normal 0.0 0.0 0.0
  outer loop
    vertex -12.331957817077637 -5.37339448928833 2.0
    vertex -12.249679565429688 -5.1277947425842285 9.0
    vertex -12.172863960266113 -4.93628454208374 2.0
  endloop
endfacet
facet normal 0.0 0.0 0.0
  outer loop
    vertex -12.172863960266113 -4.93628454208374 2.0
    vertex -12.249679565429688 -5.1277947425842285 9.0
    vertex -12.05862808227539 -4.694084644317627 9.0
  endloop
endfacet
facet normal 0.0 0.0 0.0
  outer loop
    vertex -12.172863960266113 -4.93628454208374 2.0
    vertex -12.05862808227539 -4.694084644317627 9.0
    vertex -11.964101791381836 -4.520604610443115 2.0
  endloop
endfacet
facet normal 0.0 0.0 0.0
  outer loop
    vertex -11.964101791381836 -4.520604610443115 2.0
    vertex -12.05862808227539 -4.694084644317627 9.0
    vertex -11.817623138427734 -4.286017894744873 9.0
  endloop
endfacet
facet normal 0.0 0.0 0.0
  outer loop
    vertex -11.964101791381836 -4.520604610443115 2.0
    vertex -11.817623138427734 -4.286017894744873 9.0
    vertex -11.70849323272705 -4.1319708824157715 2.0
  endloop
endfacet
facet normal 0.0 0.0 0.0
  outer loop
    vertex -11.70849323272705 -4.1319708824157715 2.0
    vertex -11.817623138427734 -4.286017894744873 9.0
    vertex -11.530044555664062 -3.9093165397644043 9.0
  endloop
endfacet
facet normal 0.0 0.0 0.0
  outer loop
    vertex -11.70849323272705 -4.1319708824157715 2.0
    vertex -11.530044555664062 -3.9093165397644043 9.0
    vertex -11.40949535369873 -3.775639057159424 2.0
  endloop
endfacet
facet normal 0.0 0.0 0.0
  outer loop
    vertex -11.40949535369873 -3.775639057159424 2.0
    vertex -11.530044555664062 -3.9093165397644043 9.0
    vertex -11.199932098388672 -3.5692715644836426 9.0
  endloop
endfacet
facet normal 0.0 0.0 0.0
  outer loop
    vertex -11.40949535369873 -3.775639057159424 2.0
    vertex -11.199932098388672 -3.5692715644836426 9.0
    vertex -11.071149826049805 -3.4564270973205566 2.0
  endloop
endfacet
facet normal 0.0 0.0 0.0
  outer loop
    vertex -11.071149826049805 -3.4564270973205566 2.0
    vertex -11.199932098388672 -3.5692715644836426 9.0
    vertex -10.831917762756348 -3.270658016204834 9.0
  endloop
endfacet
facet normal 0.0 0.0 0.0
  outer loop
    vertex -11.071149826049805 -3.4564270973205566 2.0
    vertex -10.831917762756348 -3.270658016204834 9.0
    vertex -10.698036193847656 -3.178654193878174 2.0
  endloop
endfacet
facet normal 0.0 0.0 0.0
  outer loop
    vertex -10.698036193847656 -3.178654193878174 2.0
    vertex -10.831917762756348 -3.270658016204834 9.0
    vertex -10.431169509887695 -3.0176644325256348 9.0
  endloop
endfacet
facet normal 0.0 0.0 0.0
  outer loop
    vertex -10.698036193847656 -3.178654193878174 2.0
    vertex -10.431169509887695 -3.0176644325256348 9.0
    vertex -10.295196533203125 -2.946074962615967 2.0
  endloop
endfacet
facet normal 0.0 0.0 0.0
  outer loop
    vertex -10.295196533203125 -2.946074962615967 2.0
    vertex -10.431169509887695 -3.0176644325256348 9.0
    vertex -10.003310203552246 -2.813847064971924 9.0
  endloop
endfacet
facet normal 0.0 0.0 0.0
  outer loop
    vertex -10.295196533203125 -2.946074962615967 2.0
    vertex -10.003310203552246 -2.813847064971924 9.0
    vertex -9.868081092834473 -2.7618346214294434 2.0
  endloop
endfacet
facet normal 0.0 0.0 0.0
  outer loop
    vertex -9.868081092834473 -2.7618346214294434 2.0
    vertex -10.003310203552246 -2.813847064971924 9.0
    vertex -9.554348945617676 -2.6620631217956543 9.0
  endloop
endfacet
facet normal 0.0 0.0 0.0
  outer loop
    vertex -9.868081092834473 -2.7618346214294434 2.0
    vertex -9.554348945617676 -2.6620631217956543 9.0
    vertex -9.422463417053223 -2.6284260749816895 2.0
  endloop
endfacet
facet normal 0.0 0.0 0.0
  outer loop
    vertex -9.422463417053223 -2.6284260749816895 2.0
    vertex -9.554348945617676 -2.6620631217956543 9.0
    vertex -9.09058666229248 -2.564444065093994 9.0
  endloop
endfacet
facet normal 0.0 0.0 0.0
  outer loop
    vertex -9.422463417053223 -2.6284260749816895 2.0
    vertex -9.09058666229248 -2.564444065093994 9.0
    vertex -8.964371681213379 -2.547651767730713 2.0
  endloop
endfacet
facet normal 0.0 0.0 0.0
  outer loop
    vertex -8.964371681213379 -2.547651767730713 2.0
    vertex -9.09058666229248 -2.564444065093994 9.0
    vertex -8.61853313446045 -2.522362232208252 9.0
  endloop
endfacet
facet normal 0.0 0.0 0.0
  outer loop
    vertex -8.964371681213379 -2.547651767730713 2.0
    vertex -8.61853313446045 -2.522362232208252 9.0
    vertex -8.5 -2.5206046104431152 2.0
  endloop
endfacet
facet normal 0.0 0.0 0.0
  outer loop
    vertex -8.5 -2.5206046104431152 2.0
    vertex -8.61853313446045 -2.522362232208252 9.0
    vertex -8.144816398620605 -2.5364060401916504 9.0
  endloop
endfacet
facet normal 0.0 0.0 0.0
  outer loop
    vertex -8.5 -2.5206046104431152 2.0
    vertex -8.144816398620605 -2.5364060401916504 9.0
    vertex -8.035628318786621 -2.547651767730713 2.0
  endloop
endfacet
facet normal 0.0 0.0 0.0
  outer loop
    vertex -8.035628318786621 -2.547651767730713 2.0
    vertex -8.144816398620605 -2.5364060401916504 9.0
    vertex -7.676085472106934 -2.6063790321350098 9.0
  endloop
endfacet
facet normal 0.0 0.0 0.0
  outer loop
    vertex -8.035628318786621 -2.547651767730713 2.0
    vertex -7.676085472106934 -2.6063790321350098 9.0
    vertex -7.577536582946777 -2.6284260749816895 2.0
  endloop
endfacet
facet normal 0.0 0.0 0.0
  outer loop
    vertex -7.577536582946777 -2.6284260749816895 2.0
    vertex -7.676085472106934 -2.6063790321350098 9.0
    vertex -7.218920707702637 -2.731299877166748 9.0
  endloop
endfacet
facet normal 0.0 0.0 0.0
  outer loop
    vertex -7.577536582946777 -2.6284260749816895 2.0
    vertex -7.218920707702637 -2.731299877166748 9.0
    vertex -7.131918907165527 -2.7618346214294434 2.0
  endloop
endfacet
facet normal 0.0 0.0 0.0
  outer loop
    vertex -7.131918907165527 -2.7618346214294434 2.0
    vertex -7.218920707702637 -2.731299877166748 9.0
    vertex -6.779738903045654 -2.9094138145446777 9.0
  endloop
endfacet
facet normal 0.0 0.0 0.0
  outer loop
    vertex -7.131918907165527 -2.7618346214294434 2.0
    vertex -6.779738903045654 -2.9094138145446777 9.0
    vertex -6.704802989959717 -2.946074962615967 2.0
  endloop
endfacet
facet normal 0.0 0.0 0.0
  outer loop
    vertex -6.704802989959717 -2.946074962615967 2.0
    vertex -6.779738903045654 -2.9094138145446777 9.0
    vertex -6.364706039428711 -3.138221263885498 9.0
  endloop
endfacet
facet normal 0.0 0.0 0.0
  outer loop
    vertex -6.704802989959717 -2.946074962615967 2.0
    vertex -6.364706039428711 -3.138221263885498 9.0
    vertex -6.301963806152344 -3.178654193878174 2.0
  endloop
endfacet
facet normal 0.0 0.0 0.0
  outer loop
    vertex -6.301963806152344 -3.178654193878174 2.0
    vertex -6.364706039428711 -3.138221263885498 9.0
    vertex -5.979649066925049 -3.4145102500915527 9.0
  endloop
endfacet
facet normal 0.0 0.0 0.0
  outer loop
    vertex -6.301963806152344 -3.178654193878174 2.0
    vertex -5.979649066925049 -3.4145102500915527 9.0
    vertex -5.928850173950195 -3.4564270973205566 2.0
  endloop
endfacet
facet normal 0.0 0.0 0.0
  outer loop
    vertex -5.928850173950195 -3.4564270973205566 2.0
    vertex -5.979649066925049 -3.4145102500915527 9.0
    vertex -5.629971027374268 -3.734401226043701 9.0
  endloop
endfacet
facet normal 0.0 0.0 0.0
  outer loop
    vertex -5.928850173950195 -3.4564270973205566 2.0
    vertex -5.629971027374268 -3.734401226043701 9.0
    vertex -5.5905046463012695 -3.775639057159424 2.0
  endloop
endfacet
facet normal 0.0 0.0 0.0
  outer loop
    vertex -5.5905046463012695 -3.775639057159424 2.0
    vertex -5.629971027374268 -3.734401226043701 9.0
    vertex -5.320581912994385 -4.093405246734619 9.0
  endloop
endfacet
facet normal 0.0 0.0 0.0
  outer loop
    vertex -5.5905046463012695 -3.775639057159424 2.0
    vertex -5.320581912994385 -4.093405246734619 9.0
    vertex -5.291506767272949 -4.1319708824157715 2.0
  endloop
endfacet
facet normal 0.0 0.0 0.0
  outer loop
    vertex -5.291506767272949 -4.1319708824157715 2.0
    vertex -5.320581912994385 -4.093405246734619 9.0
    vertex -5.055826187133789 -4.486485004425049 9.0
  endloop
endfacet
facet normal 0.0 0.0 0.0
  outer loop
    vertex -5.291506767272949 -4.1319708824157715 2.0
    vertex -5.055826187133789 -4.486485004425049 9.0
    vertex -5.035898208618164 -4.520604610443115 2.0
  endloop
endfacet
facet normal 0.0 0.0 0.0
  outer loop
    vertex -5.035898208618164 -4.520604610443115 2.0
    vertex -5.055826187133789 -4.486485004425049 9.0
    vertex -4.839417934417725 -4.908114910125732 9.0
  endloop
endfacet
facet normal 0.0 0.0 0.0
  outer loop
    vertex -5.035898208618164 -4.520604610443115 2.0
    vertex -4.839417934417725 -4.908114910125732 9.0
    vertex -4.827136039733887 -4.93628454208374 2.0
  endloop
endfacet
facet normal 0.0 0.0 0.0
  outer loop
    vertex -4.827136039733887 -4.93628454208374 2.0
    vertex -4.839417934417725 -4.908114910125732 9.0
    vertex -4.67439603805542 -5.35237455368042 9.0
  endloop
endfacet
facet normal 0.0 0.0 0.0
  outer loop
    vertex -4.827136039733887 -4.93628454208374 2.0
    vertex -4.67439603805542 -5.35237455368042 9.0
    vertex -4.668042182922363 -5.37339448928833 2.0
  endloop
endfacet
facet normal 0.0 0.0 0.0
  outer loop
    vertex -4.668042182922363 -5.37339448928833 2.0
    vertex -4.67439603805542 -5.35237455368042 9.0
    vertex -4.563077926635742 -5.813045024871826 9.0
  endloop
endfacet
facet normal 0.0 0.0 0.0
  outer loop
    vertex -4.668042182922363 -5.37339448928833 2.0
    vertex -4.563077926635742 -5.813045024871826 9.0
    vertex -4.560769081115723 -5.826014995574951 2.0
  endloop
endfacet
facet normal 0.0 0.0 0.0
  outer loop
    vertex -4.560769081115723 -5.826014995574951 2.0
    vertex -4.563077926635742 -5.813045024871826 9.0
    vertex -4.507024765014648 -6.283645153045654 9.0
  endloop
endfacet
facet normal 0.0 0.0 0.0
  outer loop
    vertex -4.560769081115723 -5.826014995574951 2.0
    vertex -4.507024765014648 -6.283645153045654 9.0
    vertex -4.506767272949219 -6.288025379180908 2.0
  endloop
endfacet
facet normal 0.0 0.0 0.0
  outer loop
    vertex -4.506767272949219 -6.288025379180908 2.0
    vertex -4.507024765014648 -6.283645153045654 9.0
    vertex -4.507024765014648 -6.757565021514893 9.0
  endloop
endfacet
facet normal 0.0 0.0 0.0
  outer loop
    vertex -0.5 -2.5206046104431152 2.0
    vertex -0.5 -2.5206046104431152 0.0
    vertex -8.5 -2.5206046104431152 2.0
  endloop
endfacet
facet normal 0.0 0.0 0.0
  outer loop
    vertex -8.5 -2.5206046104431152 2.0
    vertex -0.5 -2.5206046104431152 0.0
    vertex -16.5 -2.5206046104431152 0.0
  endloop
endfacet
facet normal 0.0 0.0 0.0
  outer loop
    vertex -8.5 -2.5206046104431152 2.0
    vertex -16.5 -2.5206046104431152 0.0
    vertex -16.5 -2.5206046104431152 2.0
  endloop
endfacet
facet normal 0.0 0.0 0.0
  outer loop
    vertex -0.5 -10.520605087280273 0.0
    vertex -0.5 -2.5206046104431152 0.0
    vertex -0.5 -10.520605087280273 2.0
  endloop
endfacet
facet normal 0.0 0.0 0.0
  outer loop
    vertex -0.5 -10.520605087280273 2.0
    vertex -0.5 -2.5206046104431152 0.0
    vertex -0.5 -2.5206046104431152 2.0
  endloop
endfacet
facet normal 0.0 0.0 0.0
  outer loop
    vertex -16.5 -10.520605087280273 2.0
    vertex -16.5 -10.520605087280273 0.0
    vertex -8.5 -10.520605087280273 2.0
  endloop
endfacet
facet normal 0.0 0.0 0.0
  outer loop
    vertex -8.5 -10.520605087280273 2.0
    vertex -16.5 -10.520605087280273 0.0
    vertex -0.5 -10.520605087280273 0.0
  endloop
endfacet
facet normal 0.0 0.0 0.0
  outer loop
    vertex -8.5 -10.520605087280273 2.0
    vertex -0.5 -10.520605087280273 0.0
    vertex -0.5 -10.520605087280273 2.0
  endloop
endfacet
facet normal 0.0 0.0 0.0
  outer loop
    vertex -8.5 -10.520605087280273 2.0
    vertex -0.5 -10.520605087280273 2.0
    vertex -8.035628318786621 -10.493555068969727 2.0
  endloop
endfacet
facet normal 0.0 0.0 0.0
  outer loop
    vertex -8.035628318786621 -10.493555068969727 2.0
    vertex -0.5 -10.520605087280273 2.0
    vertex -7.577536582946777 -10.412784576416016 2.0
  endloop
endfacet
facet normal 0.0 0.0 0.0
  outer loop
    vertex -7.577536582946777 -10.412784576416016 2.0
    vertex -0.5 -10.520605087280273 2.0
    vertex -7.131918907165527 -10.279375076293945 2.0
  endloop
endfacet
facet normal 0.0 0.0 0.0
  outer loop
    vertex -7.131918907165527 -10.279375076293945 2.0
    vertex -0.5 -10.520605087280273 2.0
    vertex -6.704802989959717 -10.095134735107422 2.0
  endloop
endfacet
facet normal 0.0 0.0 0.0
  outer loop
    vertex -6.704802989959717 -10.095134735107422 2.0
    vertex -0.5 -10.520605087280273 2.0
    vertex -6.301963806152344 -9.862554550170898 2.0
  endloop
endfacet
facet normal 0.0 0.0 0.0
  outer loop
    vertex -6.301963806152344 -9.862554550170898 2.0
    vertex -0.5 -10.520605087280273 2.0
    vertex -5.928850173950195 -9.584785461425781 2.0
  endloop
endfacet
facet normal 0.0 0.0 0.0
  outer loop
    vertex -5.928850173950195 -9.584785461425781 2.0
    vertex -0.5 -10.520605087280273 2.0
    vertex -5.5905046463012695 -9.265575408935547 2.0
  endloop
endfacet
facet normal 0.0 0.0 0.0
  outer loop
    vertex -5.5905046463012695 -9.265575408935547 2.0
    vertex -0.5 -10.520605087280273 2.0
    vertex -5.291506767272949 -8.909235000610352 2.0
  endloop
endfacet
facet normal 0.0 0.0 0.0
  outer loop
    vertex -5.291506767272949 -8.909235000610352 2.0
    vertex -0.5 -10.520605087280273 2.0
    vertex -5.035898208618164 -8.520605087280273 2.0
  endloop
endfacet
facet normal 0.0 0.0 0.0
  outer loop
    vertex -5.035898208618164 -8.520605087280273 2.0
    vertex -0.5 -10.520605087280273 2.0
    vertex -4.827136039733887 -8.104925155639648 2.0
  endloop
endfacet
facet normal 0.0 0.0 0.0
  outer loop
    vertex -4.827136039733887 -8.104925155639648 2.0
    vertex -0.5 -10.520605087280273 2.0
    vertex -4.668042182922363 -7.6678147315979 2.0
  endloop
endfacet
facet normal 0.0 0.0 0.0
  outer loop
    vertex -4.668042182922363 -7.6678147315979 2.0
    vertex -0.5 -10.520605087280273 2.0
    vertex -4.560769081115723 -7.215195178985596 2.0
  endloop
endfacet
facet normal 0.0 0.0 0.0
  outer loop
    vertex -4.560769081115723 -7.215195178985596 2.0
    vertex -0.5 -10.520605087280273 2.0
    vertex -4.506767272949219 -6.753184795379639 2.0
  endloop
endfacet
facet normal 0.0 0.0 0.0
  outer loop
    vertex -4.506767272949219 -6.753184795379639 2.0
    vertex -0.5 -10.520605087280273 2.0
    vertex -4.506767272949219 -6.288025379180908 2.0
  endloop
endfacet
facet normal 0.0 0.0 0.0
  outer loop
    vertex -4.506767272949219 -6.288025379180908 2.0
    vertex -0.5 -10.520605087280273 2.0
    vertex -0.5 -2.5206046104431152 2.0
  endloop
endfacet
facet normal 0.0 0.0 0.0
  outer loop
    vertex -4.506767272949219 -6.288025379180908 2.0
    vertex -0.5 -2.5206046104431152 2.0
    vertex -4.560769081115723 -5.826014995574951 2.0
  endloop
endfacet
facet normal 0.0 0.0 0.0
  outer loop
    vertex -4.560769081115723 -5.826014995574951 2.0
    vertex -0.5 -2.5206046104431152 2.0
    vertex -4.668042182922363 -5.37339448928833 2.0
  endloop
endfacet
facet normal 0.0 0.0 0.0
  outer loop
    vertex -4.668042182922363 -5.37339448928833 2.0
    vertex -0.5 -2.5206046104431152 2.0
    vertex -4.827136039733887 -4.93628454208374 2.0
  endloop
endfacet
facet normal 0.0 0.0 0.0
  outer loop
    vertex -4.827136039733887 -4.93628454208374 2.0
    vertex -0.5 -2.5206046104431152 2.0
    vertex -5.035898208618164 -4.520604610443115 2.0
  endloop
endfacet
facet normal 0.0 0.0 0.0
  outer loop
    vertex -5.035898208618164 -4.520604610443115 2.0
    vertex -0.5 -2.5206046104431152 2.0
    vertex -5.291506767272949 -4.1319708824157715 2.0
  endloop
endfacet
facet normal 0.0 0.0 0.0
  outer loop
    vertex -5.291506767272949 -4.1319708824157715 2.0
    vertex -0.5 -2.5206046104431152 2.0
    vertex -5.5905046463012695 -3.775639057159424 2.0
  endloop
endfacet
facet normal 0.0 0.0 0.0
  outer loop
    vertex -5.5905046463012695 -3.775639057159424 2.0
    vertex -0.5 -2.5206046104431152 2.0
    vertex -5.928850173950195 -3.4564270973205566 2.0
  endloop
endfacet
facet normal 0.0 0.0 0.0
  outer loop
    vertex -5.928850173950195 -3.4564270973205566 2.0
    vertex -0.5 -2.5206046104431152 2.0
    vertex -6.301963806152344 -3.178654193878174 2.0
  endloop
endfacet
facet normal 0.0 0.0 0.0
  outer loop
    vertex -6.301963806152344 -3.178654193878174 2.0
    vertex -0.5 -2.5206046104431152 2.0
    vertex -6.704802989959717 -2.946074962615967 2.0
  endloop
endfacet
facet normal 0.0 0.0 0.0
  outer loop
    vertex -6.704802989959717 -2.946074962615967 2.0
    vertex -0.5 -2.5206046104431152 2.0
    vertex -7.131918907165527 -2.7618346214294434 2.0
  endloop
endfacet
facet normal 0.0 0.0 0.0
  outer loop
    vertex -7.131918907165527 -2.7618346214294434 2.0
    vertex -0.5 -2.5206046104431152 2.0
    vertex -7.577536582946777 -2.6284260749816895 2.0
  endloop
endfacet
facet normal 0.0 0.0 0.0
  outer loop
    vertex -7.577536582946777 -2.6284260749816895 2.0
    vertex -0.5 -2.5206046104431152 2.0
    vertex -8.035628318786621 -2.547651767730713 2.0
  endloop
endfacet
facet normal 0.0 0.0 0.0
  outer loop
    vertex -8.035628318786621 -2.547651767730713 2.0
    vertex -0.5 -2.5206046104431152 2.0
    vertex -8.5 -2.5206046104431152 2.0
  endloop
endfacet
facet normal 0.0 0.0 0.0
  outer loop
    vertex -9.422394752502441 -6.747954845428467 9.0
    vertex -9.422394752502441 -6.747954845428467 4.5
    vertex -9.449999809265137 -6.520604610443115 9.0
  endloop
endfacet
facet normal 0.0 0.0 0.0
  outer loop
    vertex -9.449999809265137 -6.520604610443115 9.0
    vertex -9.422394752502441 -6.747954845428467 4.5
    vertex -9.449999809265137 -6.520604610443115 4.5
  endloop
endfacet
facet normal 0.0 0.0 0.0
  outer loop
    vertex -9.449999809265137 -6.520604610443115 9.0
    vertex -9.449999809265137 -6.520604610443115 4.5
    vertex -9.422394752502441 -6.29325532913208 9.0
  endloop
endfacet
facet normal 0.0 0.0 0.0
  outer loop
    vertex -9.422394752502441 -6.29325532913208 9.0
    vertex -9.449999809265137 -6.520604610443115 4.5
    vertex -9.422394752502441 -6.29325532913208 4.5
  endloop
endfacet
facet normal 0.0 0.0 0.0
  outer loop
    vertex -9.422394752502441 -6.29325532913208 9.0
    vertex -9.422394752502441 -6.29325532913208 4.5
    vertex -9.341182708740234 -6.0791144371032715 9.0
  endloop
endfacet
facet normal 0.0 0.0 0.0
  outer loop
    vertex -9.341182708740234 -6.0791144371032715 9.0
    vertex -9.422394752502441 -6.29325532913208 4.5
    vertex -9.341182708740234 -6.0791144371032715 4.5
  endloop
endfacet
facet normal 0.0 0.0 0.0
  outer loop
    vertex -9.341182708740234 -6.0791144371032715 9.0
    vertex -9.341182708740234 -6.0791144371032715 4.5
    vertex -9.211085319519043 -5.890635013580322 9.0
  endloop
endfacet
facet normal 0.0 0.0 0.0
  outer loop
    vertex -9.211085319519043 -5.890635013580322 9.0
    vertex -9.341182708740234 -6.0791144371032715 4.5
    vertex -9.211085319519043 -5.890635013580322 4.5
  endloop
endfacet
facet normal 0.0 0.0 0.0
  outer loop
    vertex -9.211085319519043 -5.890635013580322 9.0
    vertex -9.211085319519043 -5.890635013580322 4.5
    vertex -9.039661407470703 -5.73877477645874 9.0
  endloop
endfacet
facet normal 0.0 0.0 0.0
  outer loop
    vertex -9.039661407470703 -5.73877477645874 9.0
    vertex -9.211085319519043 -5.890635013580322 4.5
    vertex -9.039661407470703 -5.73877477645874 4.5
  endloop
endfacet
facet normal 0.0 0.0 0.0
  outer loop
    vertex -9.039661407470703 -5.73877477645874 9.0
    vertex -9.039661407470703 -5.73877477645874 4.5
    vertex -8.836874961853027 -5.632335186004639 9.0
  endloop
endfacet
facet normal 0.0 0.0 0.0
  outer loop
    vertex -8.836874961853027 -5.632335186004639 9.0
    vertex -9.039661407470703 -5.73877477645874 4.5
    vertex -8.836874961853027 -5.632335186004639 4.5
  endloop
endfacet
facet normal 0.0 0.0 0.0
  outer loop
    vertex -8.836874961853027 -5.632335186004639 9.0
    vertex -8.836874961853027 -5.632335186004639 4.5
    vertex -8.614509582519531 -5.577535152435303 9.0
  endloop
endfacet
facet normal 0.0 0.0 0.0
  outer loop
    vertex -8.614509582519531 -5.577535152435303 9.0
    vertex -8.836874961853027 -5.632335186004639 4.5
    vertex -8.614509582519531 -5.577535152435303 4.5
  endloop
endfacet
facet normal 0.0 0.0 0.0
  outer loop
    vertex -8.614509582519531 -5.577535152435303 9.0
    vertex -8.614509582519531 -5.577535152435303 4.5
    vertex -8.385490417480469 -5.577535152435303 9.0
  endloop
endfacet
facet normal 0.0 0.0 0.0
  outer loop
    vertex -8.385490417480469 -5.577535152435303 9.0
    vertex -8.614509582519531 -5.577535152435303 4.5
    vertex -8.385490417480469 -5.577535152435303 4.5
  endloop
endfacet
facet normal 0.0 0.0 0.0
  outer loop
    vertex -8.385490417480469 -5.577535152435303 9.0
    vertex -8.385490417480469 -5.577535152435303 4.5
    vertex -8.163125038146973 -5.632335186004639 9.0
  endloop
endfacet
facet normal 0.0 0.0 0.0
  outer loop
    vertex -8.163125038146973 -5.632335186004639 9.0
    vertex -8.385490417480469 -5.577535152435303 4.5
    vertex -8.163125038146973 -5.632335186004639 4.5
  endloop
endfacet
facet normal 0.0 0.0 0.0
  outer loop
    vertex -8.163125038146973 -5.632335186004639 9.0
    vertex -8.163125038146973 -5.632335186004639 4.5
    vertex -7.960338592529297 -5.73877477645874 9.0
  endloop
endfacet
facet normal 0.0 0.0 0.0
  outer loop
    vertex -7.960338592529297 -5.73877477645874 9.0
    vertex -8.163125038146973 -5.632335186004639 4.5
    vertex -7.960338592529297 -5.73877477645874 4.5
  endloop
endfacet
facet normal 0.0 0.0 0.0
  outer loop
    vertex -7.960338592529297 -5.73877477645874 9.0
    vertex -7.960338592529297 -5.73877477645874 4.5
    vertex -7.788914680480957 -5.890635013580322 9.0
  endloop
endfacet
facet normal 0.0 0.0 0.0
  outer loop
    vertex -7.788914680480957 -5.890635013580322 9.0
    vertex -7.960338592529297 -5.73877477645874 4.5
    vertex -7.788914680480957 -5.890635013580322 4.5
  endloop
endfacet
facet normal 0.0 0.0 0.0
  outer loop
    vertex -7.788914680480957 -5.890635013580322 9.0
    vertex -7.788914680480957 -5.890635013580322 4.5
    vertex -7.658816814422607 -6.0791144371032715 9.0
  endloop
endfacet
facet normal 0.0 0.0 0.0
  outer loop
    vertex -7.658816814422607 -6.0791144371032715 9.0
    vertex -7.788914680480957 -5.890635013580322 4.5
    vertex -7.658816814422607 -6.0791144371032715 4.5
  endloop
endfacet
facet normal 0.0 0.0 0.0
  outer loop
    vertex -7.658816814422607 -6.0791144371032715 9.0
    vertex -7.658816814422607 -6.0791144371032715 4.5
    vertex -7.577605247497559 -6.29325532913208 9.0
  endloop
endfacet
facet normal 0.0 0.0 0.0
  outer loop
    vertex -7.577605247497559 -6.29325532913208 9.0
    vertex -7.658816814422607 -6.0791144371032715 4.5
    vertex -7.577605247497559 -6.29325532913208 4.5
  endloop
endfacet
facet normal 0.0 0.0 0.0
  outer loop
    vertex -7.577605247497559 -6.29325532913208 9.0
    vertex -7.577605247497559 -6.29325532913208 4.5
    vertex -7.550000190734863 -6.520604610443115 9.0
  endloop
endfacet
facet normal 0.0 0.0 0.0
  outer loop
    vertex -7.550000190734863 -6.520604610443115 9.0
    vertex -7.577605247497559 -6.29325532913208 4.5
    vertex -7.550000190734863 -6.520604610443115 4.5
  endloop
endfacet
facet normal 0.0 0.0 0.0
  outer loop
    vertex -7.550000190734863 -6.520604610443115 9.0
    vertex -7.550000190734863 -6.520604610443115 4.5
    vertex -7.577605247497559 -6.747954845428467 9.0
  endloop
endfacet
facet normal 0.0 0.0 0.0
  outer loop
    vertex -7.577605247497559 -6.747954845428467 9.0
    vertex -7.550000190734863 -6.520604610443115 4.5
    vertex -7.577605247497559 -6.747954845428467 4.5
  endloop
endfacet
facet normal 0.0 0.0 0.0
  outer loop
    vertex -7.577605247497559 -6.747954845428467 9.0
    vertex -7.577605247497559 -6.747954845428467 4.5
    vertex -7.658816814422607 -6.962094783782959 9.0
  endloop
endfacet
facet normal 0.0 0.0 0.0
  outer loop
    vertex -7.658816814422607 -6.962094783782959 9.0
    vertex -7.577605247497559 -6.747954845428467 4.5
    vertex -7.658816814422607 -6.962094783782959 4.5
  endloop
endfacet
facet normal 0.0 0.0 0.0
  outer loop
    vertex -7.658816814422607 -6.962094783782959 9.0
    vertex -7.658816814422607 -6.962094783782959 4.5
    vertex -7.788914680480957 -7.150575160980225 9.0
  endloop
endfacet
facet normal 0.0 0.0 0.0
  outer loop
    vertex -7.788914680480957 -7.150575160980225 9.0
    vertex -7.658816814422607 -6.962094783782959 4.5
    vertex -7.788914680480957 -7.150575160980225 4.5
  endloop
endfacet
facet normal 0.0 0.0 0.0
  outer loop
    vertex -7.788914680480957 -7.150575160980225 9.0
    vertex -7.788914680480957 -7.150575160980225 4.5
    vertex -7.960338592529297 -7.30243444442749 9.0
  endloop
endfacet
facet normal 0.0 0.0 0.0
  outer loop
    vertex -7.960338592529297 -7.30243444442749 9.0
    vertex -7.788914680480957 -7.150575160980225 4.5
    vertex -7.960338592529297 -7.30243444442749 4.5
  endloop
endfacet
facet normal 0.0 0.0 0.0
  outer loop
    vertex -7.960338592529297 -7.30243444442749 9.0
    vertex -7.960338592529297 -7.30243444442749 4.5
    vertex -8.163125038146973 -7.408874988555908 9.0
  endloop
endfacet
facet normal 0.0 0.0 0.0
  outer loop
    vertex -8.163125038146973 -7.408874988555908 9.0
    vertex -7.960338592529297 -7.30243444442749 4.5
    vertex -8.163125038146973 -7.408874988555908 4.5
  endloop
endfacet
facet normal 0.0 0.0 0.0
  outer loop
    vertex -8.163125038146973 -7.408874988555908 9.0
    vertex -8.163125038146973 -7.408874988555908 4.5
    vertex -8.385490417480469 -7.463675022125244 9.0
  endloop
endfacet
facet normal 0.0 0.0 0.0
  outer loop
    vertex -8.385490417480469 -7.463675022125244 9.0
    vertex -8.163125038146973 -7.408874988555908 4.5
    vertex -8.385490417480469 -7.463675022125244 4.5
  endloop
endfacet
facet normal 0.0 0.0 0.0
  outer loop
    vertex -8.385490417480469 -7.463675022125244 9.0
    vertex -8.385490417480469 -7.463675022125244 4.5
    vertex -8.614509582519531 -7.463675022125244 9.0
  endloop
endfacet
facet normal 0.0 0.0 0.0
  outer loop
    vertex -8.614509582519531 -7.463675022125244 9.0
    vertex -8.385490417480469 -7.463675022125244 4.5
    vertex -8.614509582519531 -7.463675022125244 4.5
  endloop
endfacet
facet normal 0.0 0.0 0.0
  outer loop
    vertex -8.614509582519531 -7.463675022125244 9.0
    vertex -8.614509582519531 -7.463675022125244 4.5
    vertex -8.836874961853027 -7.408874988555908 9.0
  endloop
endfacet
facet normal 0.0 0.0 0.0
  outer loop
    vertex -8.836874961853027 -7.408874988555908 9.0
    vertex -8.614509582519531 -7.463675022125244 4.5
    vertex -8.836874961853027 -7.408874988555908 4.5
  endloop
endfacet
facet normal 0.0 0.0 0.0
  outer loop
    vertex -8.836874961853027 -7.408874988555908 9.0
    vertex -8.836874961853027 -7.408874988555908 4.5
    vertex -9.039661407470703 -7.30243444442749 9.0
  endloop
endfacet
facet normal 0.0 0.0 0.0
  outer loop
    vertex -9.039661407470703 -7.30243444442749 9.0
    vertex -8.836874961853027 -7.408874988555908 4.5
    vertex -9.039661407470703 -7.30243444442749 4.5
  endloop
endfacet
facet normal 0.0 0.0 0.0
  outer loop
    vertex -9.039661407470703 -7.30243444442749 9.0
    vertex -9.039661407470703 -7.30243444442749 4.5
    vertex -9.211085319519043 -7.150575160980225 9.0
  endloop
endfacet
facet normal 0.0 0.0 0.0
  outer loop
    vertex -9.211085319519043 -7.150575160980225 9.0
    vertex -9.039661407470703 -7.30243444442749 4.5
    vertex -9.211085319519043 -7.150575160980225 4.5
  endloop
endfacet
facet normal 0.0 0.0 0.0
  outer loop
    vertex -9.211085319519043 -7.150575160980225 9.0
    vertex -9.211085319519043 -7.150575160980225 4.5
    vertex -9.341182708740234 -6.962094783782959 9.0
  endloop
endfacet
facet normal 0.0 0.0 0.0
  outer loop
    vertex -9.341182708740234 -6.962094783782959 9.0
    vertex -9.211085319519043 -7.150575160980225 4.5
    vertex -9.341182708740234 -6.962094783782959 4.5
  endloop
endfacet
facet normal 0.0 0.0 0.0
  outer loop
    vertex -9.341182708740234 -6.962094783782959 9.0
    vertex -9.341182708740234 -6.962094783782959 4.5
    vertex -9.422394752502441 -6.747954845428467 9.0
  endloop
endfacet
facet normal 0.0 0.0 0.0
  outer loop
    vertex -9.422394752502441 -6.747954845428467 9.0
    vertex -9.341182708740234 -6.962094783782959 4.5
    vertex -9.422394752502441 -6.747954845428467 4.5
  endloop
endfacet
facet normal 0.0 0.0 0.0
  outer loop
    vertex -9.422394752502441 -6.29325532913208 0.0
    vertex -9.422394752502441 -6.29325532913208 4.5
    vertex -9.449999809265137 -6.520604610443115 0.0
  endloop
endfacet
facet normal 0.0 0.0 0.0
  outer loop
    vertex -9.449999809265137 -6.520604610443115 0.0
    vertex -9.422394752502441 -6.29325532913208 4.5
    vertex -9.449999809265137 -6.520604610443115 4.5
  endloop
endfacet
facet normal 0.0 0.0 0.0
  outer loop
    vertex -9.449999809265137 -6.520604610443115 0.0
    vertex -9.449999809265137 -6.520604610443115 4.5
    vertex -9.422394752502441 -6.747954845428467 0.0
  endloop
endfacet
facet normal 0.0 0.0 0.0
  outer loop
    vertex -9.422394752502441 -6.747954845428467 0.0
    vertex -9.449999809265137 -6.520604610443115 4.5
    vertex -9.422394752502441 -6.747954845428467 4.5
  endloop
endfacet
facet normal 0.0 0.0 0.0
  outer loop
    vertex -9.422394752502441 -6.747954845428467 0.0
    vertex -9.422394752502441 -6.747954845428467 4.5
    vertex -9.341182708740234 -6.962094783782959 0.0
  endloop
endfacet
facet normal 0.0 0.0 0.0
  outer loop
    vertex -9.341182708740234 -6.962094783782959 0.0
    vertex -9.422394752502441 -6.747954845428467 4.5
    vertex -9.341182708740234 -6.962094783782959 4.5
  endloop
endfacet
facet normal 0.0 0.0 0.0
  outer loop
    vertex -9.341182708740234 -6.962094783782959 0.0
    vertex -9.341182708740234 -6.962094783782959 4.5
    vertex -9.211085319519043 -7.150575160980225 0.0
  endloop
endfacet
facet normal 0.0 0.0 0.0
  outer loop
    vertex -9.211085319519043 -7.150575160980225 0.0
    vertex -9.341182708740234 -6.962094783782959 4.5
    vertex -9.211085319519043 -7.150575160980225 4.5
  endloop
endfacet
facet normal 0.0 0.0 0.0
  outer loop
    vertex -9.211085319519043 -7.150575160980225 0.0
    vertex -9.211085319519043 -7.150575160980225 4.5
    vertex -9.039661407470703 -7.30243444442749 0.0
  endloop
endfacet
facet normal 0.0 0.0 0.0
  outer loop
    vertex -9.039661407470703 -7.30243444442749 0.0
    vertex -9.211085319519043 -7.150575160980225 4.5
    vertex -9.039661407470703 -7.30243444442749 4.5
  endloop
endfacet
facet normal 0.0 0.0 0.0
  outer loop
    vertex -9.039661407470703 -7.30243444442749 0.0
    vertex -9.039661407470703 -7.30243444442749 4.5
    vertex -8.836874961853027 -7.408874988555908 0.0
  endloop
endfacet
facet normal 0.0 0.0 0.0
  outer loop
    vertex -8.836874961853027 -7.408874988555908 0.0
    vertex -9.039661407470703 -7.30243444442749 4.5
    vertex -8.836874961853027 -7.408874988555908 4.5
  endloop
endfacet
facet normal 0.0 0.0 0.0
  outer loop
    vertex -8.836874961853027 -7.408874988555908 0.0
    vertex -8.836874961853027 -7.408874988555908 4.5
    vertex -8.614509582519531 -7.463675022125244 0.0
  endloop
endfacet
facet normal 0.0 0.0 0.0
  outer loop
    vertex -8.614509582519531 -7.463675022125244 0.0
    vertex -8.836874961853027 -7.408874988555908 4.5
    vertex -8.614509582519531 -7.463675022125244 4.5
  endloop
endfacet
facet normal 0.0 0.0 0.0
  outer loop
    vertex -8.614509582519531 -7.463675022125244 0.0
    vertex -8.614509582519531 -7.463675022125244 4.5
    vertex -8.385490417480469 -7.463675022125244 0.0
  endloop
endfacet
facet normal 0.0 0.0 0.0
  outer loop
    vertex -8.385490417480469 -7.463675022125244 0.0
    vertex -8.614509582519531 -7.463675022125244 4.5
    vertex -8.385490417480469 -7.463675022125244 4.5
  endloop
endfacet
facet normal 0.0 0.0 0.0
  outer loop
    vertex -8.385490417480469 -7.463675022125244 0.0
    vertex -8.385490417480469 -7.463675022125244 4.5
    vertex -8.163125038146973 -7.408874988555908 0.0
  endloop
endfacet
facet normal 0.0 0.0 0.0
  outer loop
    vertex -8.163125038146973 -7.408874988555908 0.0
    vertex -8.385490417480469 -7.463675022125244 4.5
    vertex -8.163125038146973 -7.408874988555908 4.5
  endloop
endfacet
facet normal 0.0 0.0 0.0
  outer loop
    vertex -8.163125038146973 -7.408874988555908 0.0
    vertex -8.163125038146973 -7.408874988555908 4.5
    vertex -7.960338592529297 -7.30243444442749 0.0
  endloop
endfacet
facet normal 0.0 0.0 0.0
  outer loop
    vertex -7.960338592529297 -7.30243444442749 0.0
    vertex -8.163125038146973 -7.408874988555908 4.5
    vertex -7.960338592529297 -7.30243444442749 4.5
  endloop
endfacet
facet normal 0.0 0.0 0.0
  outer loop
    vertex -7.960338592529297 -7.30243444442749 0.0
    vertex -7.960338592529297 -7.30243444442749 4.5
    vertex -7.788914680480957 -7.150575160980225 0.0
  endloop
endfacet
facet normal 0.0 0.0 0.0
  outer loop
    vertex -7.788914680480957 -7.150575160980225 0.0
    vertex -7.960338592529297 -7.30243444442749 4.5
    vertex -7.788914680480957 -7.150575160980225 4.5
  endloop
endfacet
facet normal 0.0 0.0 0.0
  outer loop
    vertex -7.788914680480957 -7.150575160980225 0.0
    vertex -7.788914680480957 -7.150575160980225 4.5
    vertex -7.658816814422607 -6.962094783782959 0.0
  endloop
endfacet
facet normal 0.0 0.0 0.0
  outer loop
    vertex -7.658816814422607 -6.962094783782959 0.0
    vertex -7.788914680480957 -7.150575160980225 4.5
    vertex -7.658816814422607 -6.962094783782959 4.5
  endloop
endfacet
facet normal 0.0 0.0 0.0
  outer loop
    vertex -7.658816814422607 -6.962094783782959 0.0
    vertex -7.658816814422607 -6.962094783782959 4.5
    vertex -7.577605247497559 -6.747954845428467 0.0
  endloop
endfacet
facet normal 0.0 0.0 0.0
  outer loop
    vertex -7.577605247497559 -6.747954845428467 0.0
    vertex -7.658816814422607 -6.962094783782959 4.5
    vertex -7.577605247497559 -6.747954845428467 4.5
  endloop
endfacet
facet normal 0.0 0.0 0.0
  outer loop
    vertex -7.577605247497559 -6.747954845428467 0.0
    vertex -7.577605247497559 -6.747954845428467 4.5
    vertex -7.550000190734863 -6.520604610443115 0.0
  endloop
endfacet
facet normal 0.0 0.0 0.0
  outer loop
    vertex -7.550000190734863 -6.520604610443115 0.0
    vertex -7.577605247497559 -6.747954845428467 4.5
    vertex -7.550000190734863 -6.520604610443115 4.5
  endloop
endfacet
facet normal 0.0 0.0 0.0
  outer loop
    vertex -7.550000190734863 -6.520604610443115 0.0
    vertex -7.550000190734863 -6.520604610443115 4.5
    vertex -7.577605247497559 -6.29325532913208 0.0
  endloop
endfacet
facet normal 0.0 0.0 0.0
  outer loop
    vertex -7.577605247497559 -6.29325532913208 0.0
    vertex -7.550000190734863 -6.520604610443115 4.5
    vertex -7.577605247497559 -6.29325532913208 4.5
  endloop
endfacet
facet normal 0.0 0.0 0.0
  outer loop
    vertex -7.577605247497559 -6.29325532913208 0.0
    vertex -7.577605247497559 -6.29325532913208 4.5
    vertex -7.658816814422607 -6.0791144371032715 0.0
  endloop
endfacet
facet normal 0.0 0.0 0.0
  outer loop
    vertex -7.658816814422607 -6.0791144371032715 0.0
    vertex -7.577605247497559 -6.29325532913208 4.5
    vertex -7.658816814422607 -6.0791144371032715 4.5
  endloop
endfacet
facet normal 0.0 0.0 0.0
  outer loop
    vertex -7.658816814422607 -6.0791144371032715 0.0
    vertex -7.658816814422607 -6.0791144371032715 4.5
    vertex -7.788914680480957 -5.890635013580322 0.0
  endloop
endfacet
facet normal 0.0 0.0 0.0
  outer loop
    vertex -7.788914680480957 -5.890635013580322 0.0
    vertex -7.658816814422607 -6.0791144371032715 4.5
    vertex -7.788914680480957 -5.890635013580322 4.5
  endloop
endfacet
facet normal 0.0 0.0 0.0
  outer loop
    vertex -7.788914680480957 -5.890635013580322 0.0
    vertex -7.788914680480957 -5.890635013580322 4.5
    vertex -7.960338592529297 -5.73877477645874 0.0
  endloop
endfacet
facet normal 0.0 0.0 0.0
  outer loop
    vertex -7.960338592529297 -5.73877477645874 0.0
    vertex -7.788914680480957 -5.890635013580322 4.5
    vertex -7.960338592529297 -5.73877477645874 4.5
  endloop
endfacet
facet normal 0.0 0.0 0.0
  outer loop
    vertex -7.960338592529297 -5.73877477645874 0.0
    vertex -7.960338592529297 -5.73877477645874 4.5
    vertex -8.163125038146973 -5.632335186004639 0.0
  endloop
endfacet
facet normal 0.0 0.0 0.0
  outer loop
    vertex -8.163125038146973 -5.632335186004639 0.0
    vertex -7.960338592529297 -5.73877477645874 4.5
    vertex -8.163125038146973 -5.632335186004639 4.5
  endloop
endfacet
facet normal 0.0 0.0 0.0
  outer loop
    vertex -8.163125038146973 -5.632335186004639 0.0
    vertex -8.163125038146973 -5.632335186004639 4.5
    vertex -8.385490417480469 -5.577535152435303 0.0
  endloop
endfacet
facet normal 0.0 0.0 0.0
  outer loop
    vertex -8.385490417480469 -5.577535152435303 0.0
    vertex -8.163125038146973 -5.632335186004639 4.5
    vertex -8.385490417480469 -5.577535152435303 4.5
  endloop
endfacet
facet normal 0.0 0.0 0.0
  outer loop
    vertex -8.385490417480469 -5.577535152435303 0.0
    vertex -8.385490417480469 -5.577535152435303 4.5
    vertex -8.614509582519531 -5.577535152435303 0.0
  endloop
endfacet
facet normal 0.0 0.0 0.0
  outer loop
    vertex -8.614509582519531 -5.577535152435303 0.0
    vertex -8.385490417480469 -5.577535152435303 4.5
    vertex -8.614509582519531 -5.577535152435303 4.5
  endloop
endfacet
facet normal 0.0 0.0 0.0
  outer loop
    vertex -8.614509582519531 -5.577535152435303 0.0
    vertex -8.614509582519531 -5.577535152435303 4.5
    vertex -8.836874961853027 -5.632335186004639 0.0
  endloop
endfacet
facet normal 0.0 0.0 0.0
  outer loop
    vertex -8.836874961853027 -5.632335186004639 0.0
    vertex -8.614509582519531 -5.577535152435303 4.5
    vertex -8.836874961853027 -5.632335186004639 4.5
  endloop
endfacet
facet normal 0.0 0.0 0.0
  outer loop
    vertex -8.836874961853027 -5.632335186004639 0.0
    vertex -8.836874961853027 -5.632335186004639 4.5
    vertex -9.039661407470703 -5.73877477645874 0.0
  endloop
endfacet
facet normal 0.0 0.0 0.0
  outer loop
    vertex -9.039661407470703 -5.73877477645874 0.0
    vertex -8.836874961853027 -5.632335186004639 4.5
    vertex -9.039661407470703 -5.73877477645874 4.5
  endloop
endfacet
facet normal 0.0 0.0 0.0
  outer loop
    vertex -9.039661407470703 -5.73877477645874 0.0
    vertex -9.039661407470703 -5.73877477645874 4.5
    vertex -9.211085319519043 -5.890635013580322 0.0
  endloop
endfacet
facet normal 0.0 0.0 0.0
  outer loop
    vertex -9.211085319519043 -5.890635013580322 0.0
    vertex -9.039661407470703 -5.73877477645874 4.5
    vertex -9.211085319519043 -5.890635013580322 4.5
  endloop
endfacet
facet normal 0.0 0.0 0.0
  outer loop
    vertex -9.211085319519043 -5.890635013580322 0.0
    vertex -9.211085319519043 -5.890635013580322 4.5
    vertex -9.341182708740234 -6.0791144371032715 0.0
  endloop
endfacet
facet normal 0.0 0.0 0.0
  outer loop
    vertex -9.341182708740234 -6.0791144371032715 0.0
    vertex -9.211085319519043 -5.890635013580322 4.5
    vertex -9.341182708740234 -6.0791144371032715 4.5
  endloop
endfacet
facet normal 0.0 0.0 0.0
  outer loop
    vertex -9.341182708740234 -6.0791144371032715 0.0
    vertex -9.341182708740234 -6.0791144371032715 4.5
    vertex -9.422394752502441 -6.29325532913208 0.0
  endloop
endfacet
facet normal 0.0 0.0 0.0
  outer loop
    vertex -9.422394752502441 -6.29325532913208 0.0
    vertex -9.341182708740234 -6.0791144371032715 4.5
    vertex -9.422394752502441 -6.29325532913208 4.5
  endloop
endfacet
facet normal 0.0 0.0 0.0
  outer loop
    vertex -9.422394752502441 -6.29325532913208 9.0
    vertex -12.471923828125 -6.04751443862915 9.0
    vertex -9.449999809265137 -6.520604610443115 9.0
  endloop
endfacet
facet normal 0.0 0.0 0.0
  outer loop
    vertex -9.449999809265137 -6.520604610443115 9.0
    vertex -12.471923828125 -6.04751443862915 9.0
    vertex -12.5 -6.520604610443115 9.0
  endloop
endfacet
facet normal 0.0 0.0 0.0
  outer loop
    vertex -9.449999809265137 -6.520604610443115 9.0
    vertex -12.5 -6.520604610443115 9.0
    vertex -12.471923828125 -6.99369478225708 9.0
  endloop
endfacet
facet normal 0.0 0.0 0.0
  outer loop
    vertex -9.341182708740234 -6.0791144371032715 9.0
    vertex -12.249679565429688 -5.1277947425842285 9.0
    vertex -9.422394752502441 -6.29325532913208 9.0
  endloop
endfacet
facet normal 0.0 0.0 0.0
  outer loop
    vertex -9.422394752502441 -6.29325532913208 9.0
    vertex -12.249679565429688 -5.1277947425842285 9.0
    vertex -12.388092041015625 -5.581064701080322 9.0
  endloop
endfacet
facet normal 0.0 0.0 0.0
  outer loop
    vertex -9.422394752502441 -6.29325532913208 9.0
    vertex -12.388092041015625 -5.581064701080322 9.0
    vertex -12.471923828125 -6.04751443862915 9.0
  endloop
endfacet
facet normal 0.0 0.0 0.0
  outer loop
    vertex -9.211085319519043 -5.890635013580322 9.0
    vertex -11.817623138427734 -4.286017894744873 9.0
    vertex -9.341182708740234 -6.0791144371032715 9.0
  endloop
endfacet
facet normal 0.0 0.0 0.0
  outer loop
    vertex -9.341182708740234 -6.0791144371032715 9.0
    vertex -11.817623138427734 -4.286017894744873 9.0
    vertex -12.05862808227539 -4.694084644317627 9.0
  endloop
endfacet
facet normal 0.0 0.0 0.0
  outer loop
    vertex -9.341182708740234 -6.0791144371032715 9.0
    vertex -12.05862808227539 -4.694084644317627 9.0
    vertex -12.249679565429688 -5.1277947425842285 9.0
  endloop
endfacet
facet normal 0.0 0.0 0.0
  outer loop
    vertex -9.039661407470703 -5.73877477645874 9.0
    vertex -11.199932098388672 -3.5692715644836426 9.0
    vertex -9.211085319519043 -5.890635013580322 9.0
  endloop
endfacet
facet normal 0.0 0.0 0.0
  outer loop
    vertex -9.211085319519043 -5.890635013580322 9.0
    vertex -11.199932098388672 -3.5692715644836426 9.0
    vertex -11.530044555664062 -3.9093165397644043 9.0
  endloop
endfacet
facet normal 0.0 0.0 0.0
  outer loop
    vertex -9.211085319519043 -5.890635013580322 9.0
    vertex -11.530044555664062 -3.9093165397644043 9.0
    vertex -11.817623138427734 -4.286017894744873 9.0
  endloop
endfacet
facet normal 0.0 0.0 0.0
  outer loop
    vertex -8.836874961853027 -5.632335186004639 9.0
    vertex -10.431169509887695 -3.0176644325256348 9.0
    vertex -9.039661407470703 -5.73877477645874 9.0
  endloop
endfacet
facet normal 0.0 0.0 0.0
  outer loop
    vertex -9.039661407470703 -5.73877477645874 9.0
    vertex -10.431169509887695 -3.0176644325256348 9.0
    vertex -10.831917762756348 -3.270658016204834 9.0
  endloop
endfacet
facet normal 0.0 0.0 0.0
  outer loop
    vertex -9.039661407470703 -5.73877477645874 9.0
    vertex -10.831917762756348 -3.270658016204834 9.0
    vertex -11.199932098388672 -3.5692715644836426 9.0
  endloop
endfacet
facet normal 0.0 0.0 0.0
  outer loop
    vertex -8.614509582519531 -5.577535152435303 9.0
    vertex -9.554348945617676 -2.6620631217956543 9.0
    vertex -8.836874961853027 -5.632335186004639 9.0
  endloop
endfacet
facet normal 0.0 0.0 0.0
  outer loop
    vertex -8.836874961853027 -5.632335186004639 9.0
    vertex -9.554348945617676 -2.6620631217956543 9.0
    vertex -10.003310203552246 -2.813847064971924 9.0
  endloop
endfacet
facet normal 0.0 0.0 0.0
  outer loop
    vertex -8.836874961853027 -5.632335186004639 9.0
    vertex -10.003310203552246 -2.813847064971924 9.0
    vertex -10.431169509887695 -3.0176644325256348 9.0
  endloop
endfacet
facet normal 0.0 0.0 0.0
  outer loop
    vertex -8.385490417480469 -5.577535152435303 9.0
    vertex -8.61853313446045 -2.522362232208252 9.0
    vertex -8.614509582519531 -5.577535152435303 9.0
  endloop
endfacet
facet normal 0.0 0.0 0.0
  outer loop
    vertex -8.614509582519531 -5.577535152435303 9.0
    vertex -8.61853313446045 -2.522362232208252 9.0
    vertex -9.09058666229248 -2.564444065093994 9.0
  endloop
endfacet
facet normal 0.0 0.0 0.0
  outer loop
    vertex -8.614509582519531 -5.577535152435303 9.0
    vertex -9.09058666229248 -2.564444065093994 9.0
    vertex -9.554348945617676 -2.6620631217956543 9.0
  endloop
endfacet
facet normal 0.0 0.0 0.0
  outer loop
    vertex -8.163125038146973 -5.632335186004639 9.0
    vertex -7.676085472106934 -2.6063790321350098 9.0
    vertex -8.385490417480469 -5.577535152435303 9.0
  endloop
endfacet
facet normal 0.0 0.0 0.0
  outer loop
    vertex -8.385490417480469 -5.577535152435303 9.0
    vertex -7.676085472106934 -2.6063790321350098 9.0
    vertex -8.144816398620605 -2.5364060401916504 9.0
  endloop
endfacet
facet normal 0.0 0.0 0.0
  outer loop
    vertex -8.385490417480469 -5.577535152435303 9.0
    vertex -8.144816398620605 -2.5364060401916504 9.0
    vertex -8.61853313446045 -2.522362232208252 9.0
  endloop
endfacet
facet normal 0.0 0.0 0.0
  outer loop
    vertex -7.960338592529297 -5.73877477645874 9.0
    vertex -6.779738903045654 -2.9094138145446777 9.0
    vertex -8.163125038146973 -5.632335186004639 9.0
  endloop
endfacet
facet normal 0.0 0.0 0.0
  outer loop
    vertex -8.163125038146973 -5.632335186004639 9.0
    vertex -6.779738903045654 -2.9094138145446777 9.0
    vertex -7.218920707702637 -2.731299877166748 9.0
  endloop
endfacet
facet normal 0.0 0.0 0.0
  outer loop
    vertex -8.163125038146973 -5.632335186004639 9.0
    vertex -7.218920707702637 -2.731299877166748 9.0
    vertex -7.676085472106934 -2.6063790321350098 9.0
  endloop
endfacet
facet normal 0.0 0.0 0.0
  outer loop
    vertex -7.788914680480957 -5.890635013580322 9.0
    vertex -5.979649066925049 -3.4145102500915527 9.0
    vertex -7.960338592529297 -5.73877477645874 9.0
  endloop
endfacet
facet normal 0.0 0.0 0.0
  outer loop
    vertex -7.960338592529297 -5.73877477645874 9.0
    vertex -5.979649066925049 -3.4145102500915527 9.0
    vertex -6.364706039428711 -3.138221263885498 9.0
  endloop
endfacet
facet normal 0.0 0.0 0.0
  outer loop
    vertex -7.960338592529297 -5.73877477645874 9.0
    vertex -6.364706039428711 -3.138221263885498 9.0
    vertex -6.779738903045654 -2.9094138145446777 9.0
  endloop
endfacet
facet normal 0.0 0.0 0.0
  outer loop
    vertex -7.658816814422607 -6.0791144371032715 9.0
    vertex -5.320581912994385 -4.093405246734619 9.0
    vertex -7.788914680480957 -5.890635013580322 9.0
  endloop
endfacet
facet normal 0.0 0.0 0.0
  outer loop
    vertex -7.788914680480957 -5.890635013580322 9.0
    vertex -5.320581912994385 -4.093405246734619 9.0
    vertex -5.629971027374268 -3.734401226043701 9.0
  endloop
endfacet
facet normal 0.0 0.0 0.0
  outer loop
    vertex -7.788914680480957 -5.890635013580322 9.0
    vertex -5.629971027374268 -3.734401226043701 9.0
    vertex -5.979649066925049 -3.4145102500915527 9.0
  endloop
endfacet
facet normal 0.0 0.0 0.0
  outer loop
    vertex -7.577605247497559 -6.29325532913208 9.0
    vertex -4.839417934417725 -4.908114910125732 9.0
    vertex -7.658816814422607 -6.0791144371032715 9.0
  endloop
endfacet
facet normal 0.0 0.0 0.0
  outer loop
    vertex -7.658816814422607 -6.0791144371032715 9.0
    vertex -4.839417934417725 -4.908114910125732 9.0
    vertex -5.055826187133789 -4.486485004425049 9.0
  endloop
endfacet
facet normal 0.0 0.0 0.0
  outer loop
    vertex -7.658816814422607 -6.0791144371032715 9.0
    vertex -5.055826187133789 -4.486485004425049 9.0
    vertex -5.320581912994385 -4.093405246734619 9.0
  endloop
endfacet
facet normal 0.0 0.0 0.0
  outer loop
    vertex -7.550000190734863 -6.520604610443115 9.0
    vertex -4.563077926635742 -5.813045024871826 9.0
    vertex -7.577605247497559 -6.29325532913208 9.0
  endloop
endfacet
facet normal 0.0 0.0 0.0
  outer loop
    vertex -7.577605247497559 -6.29325532913208 9.0
    vertex -4.563077926635742 -5.813045024871826 9.0
    vertex -4.67439603805542 -5.35237455368042 9.0
  endloop
endfacet
facet normal 0.0 0.0 0.0
  outer loop
    vertex -7.577605247497559 -6.29325532913208 9.0
    vertex -4.67439603805542 -5.35237455368042 9.0
    vertex -4.839417934417725 -4.908114910125732 9.0
  endloop
endfacet
facet normal 0.0 0.0 0.0
  outer loop
    vertex -7.577605247497559 -6.747954845428467 9.0
    vertex -4.563077926635742 -7.228165149688721 9.0
    vertex -7.550000190734863 -6.520604610443115 9.0
  endloop
endfacet
facet normal 0.0 0.0 0.0
  outer loop
    vertex -7.550000190734863 -6.520604610443115 9.0
    vertex -4.563077926635742 -7.228165149688721 9.0
    vertex -4.507024765014648 -6.757565021514893 9.0
  endloop
endfacet
facet normal 0.0 0.0 0.0
  outer loop
    vertex -7.550000190734863 -6.520604610443115 9.0
    vertex -4.507024765014648 -6.757565021514893 9.0
    vertex -4.507024765014648 -6.283645153045654 9.0
  endloop
endfacet
facet normal 0.0 0.0 0.0
  outer loop
    vertex -7.658816814422607 -6.962094783782959 9.0
    vertex -4.839417934417725 -8.133094787597656 9.0
    vertex -7.577605247497559 -6.747954845428467 9.0
  endloop
endfacet
facet normal 0.0 0.0 0.0
  outer loop
    vertex -7.577605247497559 -6.747954845428467 9.0
    vertex -4.839417934417725 -8.133094787597656 9.0
    vertex -4.67439603805542 -7.6888346672058105 9.0
  endloop
endfacet
facet normal 0.0 0.0 0.0
  outer loop
    vertex -7.577605247497559 -6.747954845428467 9.0
    vertex -4.67439603805542 -7.6888346672058105 9.0
    vertex -4.563077926635742 -7.228165149688721 9.0
  endloop
endfacet
facet normal 0.0 0.0 0.0
  outer loop
    vertex -4.839417934417725 -8.133094787597656 9.0
    vertex -7.658816814422607 -6.962094783782959 9.0
    vertex -5.055826187133789 -8.554725646972656 9.0
  endloop
endfacet
facet normal 0.0 0.0 0.0
  outer loop
    vertex -5.055826187133789 -8.554725646972656 9.0
    vertex -7.658816814422607 -6.962094783782959 9.0
    vertex -7.788914680480957 -7.150575160980225 9.0
  endloop
endfacet
facet normal 0.0 0.0 0.0
  outer loop
    vertex -5.055826187133789 -8.554725646972656 9.0
    vertex -7.788914680480957 -7.150575160980225 9.0
    vertex -7.960338592529297 -7.30243444442749 9.0
  endloop
endfacet
facet normal 0.0 0.0 0.0
  outer loop
    vertex -8.163125038146973 -7.408874988555908 9.0
    vertex -5.979649066925049 -9.626705169677734 9.0
    vertex -7.960338592529297 -7.30243444442749 9.0
  endloop
endfacet
facet normal 0.0 0.0 0.0
  outer loop
    vertex -7.960338592529297 -7.30243444442749 9.0
    vertex -5.979649066925049 -9.626705169677734 9.0
    vertex -5.629971027374268 -9.306804656982422 9.0
  endloop
endfacet
facet normal 0.0 0.0 0.0
  outer loop
    vertex -7.960338592529297 -7.30243444442749 9.0
    vertex -5.629971027374268 -9.306804656982422 9.0
    vertex -5.320581912994385 -8.947805404663086 9.0
  endloop
endfacet
facet normal 0.0 0.0 0.0
  outer loop
    vertex -8.385490417480469 -7.463675022125244 9.0
    vertex -7.676085472106934 -10.434835433959961 9.0
    vertex -8.163125038146973 -7.408874988555908 9.0
  endloop
endfacet
facet normal 0.0 0.0 0.0
  outer loop
    vertex -8.163125038146973 -7.408874988555908 9.0
    vertex -7.676085472106934 -10.434835433959961 9.0
    vertex -7.218920707702637 -10.309915542602539 9.0
  endloop
endfacet
facet normal 0.0 0.0 0.0
  outer loop
    vertex -8.163125038146973 -7.408874988555908 9.0
    vertex -7.218920707702637 -10.309915542602539 9.0
    vertex -6.779738903045654 -10.131793975830078 9.0
  endloop
endfacet
facet normal 0.0 0.0 0.0
  outer loop
    vertex -8.614509582519531 -7.463675022125244 9.0
    vertex -8.61853313446045 -10.518844604492188 9.0
    vertex -8.385490417480469 -7.463675022125244 9.0
  endloop
endfacet
facet normal 0.0 0.0 0.0
  outer loop
    vertex -8.385490417480469 -7.463675022125244 9.0
    vertex -8.61853313446045 -10.518844604492188 9.0
    vertex -8.144816398620605 -10.504804611206055 9.0
  endloop
endfacet
facet normal 0.0 0.0 0.0
  outer loop
    vertex -8.385490417480469 -7.463675022125244 9.0
    vertex -8.144816398620605 -10.504804611206055 9.0
    vertex -7.676085472106934 -10.434835433959961 9.0
  endloop
endfacet
facet normal 0.0 0.0 0.0
  outer loop
    vertex -8.836874961853027 -7.408874988555908 9.0
    vertex -9.554348945617676 -10.379144668579102 9.0
    vertex -8.614509582519531 -7.463675022125244 9.0
  endloop
endfacet
facet normal 0.0 0.0 0.0
  outer loop
    vertex -8.614509582519531 -7.463675022125244 9.0
    vertex -9.554348945617676 -10.379144668579102 9.0
    vertex -9.09058666229248 -10.476764678955078 9.0
  endloop
endfacet
facet normal 0.0 0.0 0.0
  outer loop
    vertex -8.614509582519531 -7.463675022125244 9.0
    vertex -9.09058666229248 -10.476764678955078 9.0
    vertex -8.61853313446045 -10.518844604492188 9.0
  endloop
endfacet
facet normal 0.0 0.0 0.0
  outer loop
    vertex -9.039661407470703 -7.30243444442749 9.0
    vertex -10.431169509887695 -10.023544311523438 9.0
    vertex -8.836874961853027 -7.408874988555908 9.0
  endloop
endfacet
facet normal 0.0 0.0 0.0
  outer loop
    vertex -8.836874961853027 -7.408874988555908 9.0
    vertex -10.431169509887695 -10.023544311523438 9.0
    vertex -10.003310203552246 -10.227365493774414 9.0
  endloop
endfacet
facet normal 0.0 0.0 0.0
  outer loop
    vertex -8.836874961853027 -7.408874988555908 9.0
    vertex -10.003310203552246 -10.227365493774414 9.0
    vertex -9.554348945617676 -10.379144668579102 9.0
  endloop
endfacet
facet normal 0.0 0.0 0.0
  outer loop
    vertex -9.211085319519043 -7.150575160980225 9.0
    vertex -11.199932098388672 -9.471935272216797 9.0
    vertex -9.039661407470703 -7.30243444442749 9.0
  endloop
endfacet
facet normal 0.0 0.0 0.0
  outer loop
    vertex -9.039661407470703 -7.30243444442749 9.0
    vertex -11.199932098388672 -9.471935272216797 9.0
    vertex -10.831917762756348 -9.77055549621582 9.0
  endloop
endfacet
facet normal 0.0 0.0 0.0
  outer loop
    vertex -9.039661407470703 -7.30243444442749 9.0
    vertex -10.831917762756348 -9.77055549621582 9.0
    vertex -10.431169509887695 -10.023544311523438 9.0
  endloop
endfacet
facet normal 0.0 0.0 0.0
  outer loop
    vertex -9.341182708740234 -6.962094783782959 9.0
    vertex -11.817623138427734 -8.755195617675781 9.0
    vertex -9.211085319519043 -7.150575160980225 9.0
  endloop
endfacet
facet normal 0.0 0.0 0.0
  outer loop
    vertex -9.211085319519043 -7.150575160980225 9.0
    vertex -11.817623138427734 -8.755195617675781 9.0
    vertex -11.530044555664062 -9.131895065307617 9.0
  endloop
endfacet
facet normal 0.0 0.0 0.0
  outer loop
    vertex -9.211085319519043 -7.150575160980225 9.0
    vertex -11.530044555664062 -9.131895065307617 9.0
    vertex -11.199932098388672 -9.471935272216797 9.0
  endloop
endfacet
facet normal 0.0 0.0 0.0
  outer loop
    vertex -9.422394752502441 -6.747954845428467 9.0
    vertex -12.249679565429688 -7.913414478302002 9.0
    vertex -9.341182708740234 -6.962094783782959 9.0
  endloop
endfacet
facet normal 0.0 0.0 0.0
  outer loop
    vertex -9.341182708740234 -6.962094783782959 9.0
    vertex -12.249679565429688 -7.913414478302002 9.0
    vertex -12.05862808227539 -8.347124099731445 9.0
  endloop
endfacet
facet normal 0.0 0.0 0.0
  outer loop
    vertex -9.341182708740234 -6.962094783782959 9.0
    vertex -12.05862808227539 -8.347124099731445 9.0
    vertex -11.817623138427734 -8.755195617675781 9.0
  endloop
endfacet
facet normal 0.0 0.0 0.0
  outer loop
    vertex -9.449999809265137 -6.520604610443115 9.0
    vertex -12.471923828125 -6.99369478225708 9.0
    vertex -9.422394752502441 -6.747954845428467 9.0
  endloop
endfacet
facet normal 0.0 0.0 0.0
  outer loop
    vertex -9.422394752502441 -6.747954845428467 9.0
    vertex -12.471923828125 -6.99369478225708 9.0
    vertex -12.388092041015625 -7.460144519805908 9.0
  endloop
endfacet
facet normal 0.0 0.0 0.0
  outer loop
    vertex -9.422394752502441 -6.747954845428467 9.0
    vertex -12.388092041015625 -7.460144519805908 9.0
    vertex -12.249679565429688 -7.913414478302002 9.0
  endloop
endfacet
facet normal 0.0 0.0 0.0
  outer loop
    vertex -6.779738903045654 -10.131793975830078 9.0
    vertex -6.364706039428711 -9.902984619140625 9.0
    vertex -8.163125038146973 -7.408874988555908 9.0
  endloop
endfacet
facet normal 0.0 0.0 0.0
  outer loop
    vertex -8.163125038146973 -7.408874988555908 9.0
    vertex -6.364706039428711 -9.902984619140625 9.0
    vertex -5.979649066925049 -9.626705169677734 9.0
  endloop
endfacet
facet normal 0.0 0.0 0.0
  outer loop
    vertex -5.320581912994385 -8.947805404663086 9.0
    vertex -5.055826187133789 -8.554725646972656 9.0
    vertex -7.960338592529297 -7.30243444442749 9.0
  endloop
endfacet
facet normal 0.0 0.0 0.0
  outer loop
    vertex -4.507024765014648 -6.283645153045654 9.0
    vertex -4.563077926635742 -5.813045024871826 9.0
    vertex -7.550000190734863 -6.520604610443115 9.0
  endloop
endfacet
facet normal 0.0 0.0 0.0
  outer loop
    vertex -9.422394752502441 -6.747954845428467 0.0
    vertex -16.5 -10.520605087280273 0.0
    vertex -9.449999809265137 -6.520604610443115 0.0
  endloop
endfacet
facet normal 0.0 0.0 0.0
  outer loop
    vertex -9.449999809265137 -6.520604610443115 0.0
    vertex -16.5 -10.520605087280273 0.0
    vertex -16.5 -2.5206046104431152 0.0
  endloop
endfacet
facet normal 0.0 0.0 0.0
  outer loop
    vertex -9.449999809265137 -6.520604610443115 0.0
    vertex -16.5 -2.5206046104431152 0.0
    vertex -9.422394752502441 -6.29325532913208 0.0
  endloop
endfacet
facet normal 0.0 0.0 0.0
  outer loop
    vertex -9.422394752502441 -6.29325532913208 0.0
    vertex -16.5 -2.5206046104431152 0.0
    vertex -9.341182708740234 -6.0791144371032715 0.0
  endloop
endfacet
facet normal 0.0 0.0 0.0
  outer loop
    vertex -9.341182708740234 -6.0791144371032715 0.0
    vertex -16.5 -2.5206046104431152 0.0
    vertex -9.211085319519043 -5.890635013580322 0.0
  endloop
endfacet
facet normal 0.0 0.0 0.0
  outer loop
    vertex -9.211085319519043 -5.890635013580322 0.0
    vertex -16.5 -2.5206046104431152 0.0
    vertex -9.039661407470703 -5.73877477645874 0.0
  endloop
endfacet
facet normal 0.0 0.0 0.0
  outer loop
    vertex -9.039661407470703 -5.73877477645874 0.0
    vertex -16.5 -2.5206046104431152 0.0
    vertex -8.836874961853027 -5.632335186004639 0.0
  endloop
endfacet
facet normal 0.0 0.0 0.0
  outer loop
    vertex -8.836874961853027 -5.632335186004639 0.0
    vertex -16.5 -2.5206046104431152 0.0
    vertex -8.614509582519531 -5.577535152435303 0.0
  endloop
endfacet
facet normal 0.0 0.0 0.0
  outer loop
    vertex -8.614509582519531 -5.577535152435303 0.0
    vertex -16.5 -2.5206046104431152 0.0
    vertex -0.5 -2.5206046104431152 0.0
  endloop
endfacet
facet normal 0.0 0.0 0.0
  outer loop
    vertex -8.614509582519531 -5.577535152435303 0.0
    vertex -0.5 -2.5206046104431152 0.0
    vertex -8.385490417480469 -5.577535152435303 0.0
  endloop
endfacet
facet normal 0.0 0.0 0.0
  outer loop
    vertex -8.385490417480469 -5.577535152435303 0.0
    vertex -0.5 -2.5206046104431152 0.0
    vertex -8.163125038146973 -5.632335186004639 0.0
  endloop
endfacet
facet normal 0.0 0.0 0.0
  outer loop
    vertex -8.163125038146973 -5.632335186004639 0.0
    vertex -0.5 -2.5206046104431152 0.0
    vertex -7.960338592529297 -5.73877477645874 0.0
  endloop
endfacet
facet normal 0.0 0.0 0.0
  outer loop
    vertex -7.960338592529297 -5.73877477645874 0.0
    vertex -0.5 -2.5206046104431152 0.0
    vertex -7.788914680480957 -5.890635013580322 0.0
  endloop
endfacet
facet normal 0.0 0.0 0.0
  outer loop
    vertex -7.788914680480957 -5.890635013580322 0.0
    vertex -0.5 -2.5206046104431152 0.0
    vertex -7.658816814422607 -6.0791144371032715 0.0
  endloop
endfacet
facet normal 0.0 0.0 0.0
  outer loop
    vertex -7.658816814422607 -6.0791144371032715 0.0
    vertex -0.5 -2.5206046104431152 0.0
    vertex -7.577605247497559 -6.29325532913208 0.0
  endloop
endfacet
facet normal 0.0 0.0 0.0
  outer loop
    vertex -7.577605247497559 -6.29325532913208 0.0
    vertex -0.5 -2.5206046104431152 0.0
    vertex -7.550000190734863 -6.520604610443115 0.0
  endloop
endfacet
facet normal 0.0 0.0 0.0
  outer loop
    vertex -7.550000190734863 -6.520604610443115 0.0
    vertex -0.5 -2.5206046104431152 0.0
    vertex -0.5 -10.520605087280273 0.0
  endloop
endfacet
facet normal 0.0 0.0 0.0
  outer loop
    vertex -7.550000190734863 -6.520604610443115 0.0
    vertex -0.5 -10.520605087280273 0.0
    vertex -7.577605247497559 -6.747954845428467 0.0
  endloop
endfacet
facet normal 0.0 0.0 0.0
  outer loop
    vertex -7.577605247497559 -6.747954845428467 0.0
    vertex -0.5 -10.520605087280273 0.0
    vertex -7.658816814422607 -6.962094783782959 0.0
  endloop
endfacet
facet normal 0.0 0.0 0.0
  outer loop
    vertex -7.658816814422607 -6.962094783782959 0.0
    vertex -0.5 -10.520605087280273 0.0
    vertex -7.788914680480957 -7.150575160980225 0.0
  endloop
endfacet
facet normal 0.0 0.0 0.0
  outer loop
    vertex -7.788914680480957 -7.150575160980225 0.0
    vertex -0.5 -10.520605087280273 0.0
    vertex -7.960338592529297 -7.30243444442749 0.0
  endloop
endfacet
facet normal 0.0 0.0 0.0
  outer loop
    vertex -7.960338592529297 -7.30243444442749 0.0
    vertex -0.5 -10.520605087280273 0.0
    vertex -8.163125038146973 -7.408874988555908 0.0
  endloop
endfacet
facet normal 0.0 0.0 0.0
  outer loop
    vertex -8.163125038146973 -7.408874988555908 0.0
    vertex -0.5 -10.520605087280273 0.0
    vertex -8.385490417480469 -7.463675022125244 0.0
  endloop
endfacet
facet normal 0.0 0.0 0.0
  outer loop
    vertex -8.385490417480469 -7.463675022125244 0.0
    vertex -0.5 -10.520605087280273 0.0
    vertex -16.5 -10.520605087280273 0.0
  endloop
endfacet
facet normal 0.0 0.0 0.0
  outer loop
    vertex -8.385490417480469 -7.463675022125244 0.0
    vertex -16.5 -10.520605087280273 0.0
    vertex -8.614509582519531 -7.463675022125244 0.0
  endloop
endfacet
facet normal 0.0 0.0 0.0
  outer loop
    vertex -8.614509582519531 -7.463675022125244 0.0
    vertex -16.5 -10.520605087280273 0.0
    vertex -8.836874961853027 -7.408874988555908 0.0
  endloop
endfacet
facet normal 0.0 0.0 0.0
  outer loop
    vertex -8.836874961853027 -7.408874988555908 0.0
    vertex -16.5 -10.520605087280273 0.0
    vertex -9.039661407470703 -7.30243444442749 0.0
  endloop
endfacet
facet normal 0.0 0.0 0.0
  outer loop
    vertex -9.039661407470703 -7.30243444442749 0.0
    vertex -16.5 -10.520605087280273 0.0
    vertex -9.211085319519043 -7.150575160980225 0.0
  endloop
endfacet
facet normal 0.0 0.0 0.0
  outer loop
    vertex -9.211085319519043 -7.150575160980225 0.0
    vertex -16.5 -10.520605087280273 0.0
    vertex -9.341182708740234 -6.962094783782959 0.0
  endloop
endfacet
facet normal 0.0 0.0 0.0
  outer loop
    vertex -9.341182708740234 -6.962094783782959 0.0
    vertex -16.5 -10.520605087280273 0.0
    vertex -9.422394752502441 -6.747954845428467 0.0
  endloop
endfacet
facet normal 0.0 0.0 0.0
  outer loop
    vertex 0.5 -2.5206046104431152 0.0
    vertex 0.5 -10.520605087280273 0.0
    vertex 0.5 -2.5206046104431152 2.0
  endloop
endfacet
facet normal 0.0 0.0 0.0
  outer loop
    vertex 0.5 -2.5206046104431152 2.0
    vertex 0.5 -10.520605087280273 0.0
    vertex 0.5 -10.520605087280273 2.0
  endloop
endfacet
facet normal 0.0 0.0 0.0
  outer loop
    vertex 0.5 -10.520605087280273 2.0
    vertex 4.506770133972168 -6.288025379180908 2.0
    vertex 0.5 -2.5206046104431152 2.0
  endloop
endfacet
facet normal 0.0 0.0 0.0
  outer loop
    vertex 0.5 -2.5206046104431152 2.0
    vertex 4.506770133972168 -6.288025379180908 2.0
    vertex 4.560770034790039 -5.826014995574951 2.0
  endloop
endfacet
facet normal 0.0 0.0 0.0
  outer loop
    vertex 0.5 -2.5206046104431152 2.0
    vertex 4.560770034790039 -5.826014995574951 2.0
    vertex 4.6680402755737305 -5.37339448928833 2.0
  endloop
endfacet
facet normal 0.0 0.0 0.0
  outer loop
    vertex 8.5 -10.520605087280273 2.0
    vertex 8.035629272460938 -10.493555068969727 2.0
    vertex 0.5 -10.520605087280273 2.0
  endloop
endfacet
facet normal 0.0 0.0 0.0
  outer loop
    vertex 0.5 -10.520605087280273 2.0
    vertex 8.035629272460938 -10.493555068969727 2.0
    vertex 7.577539443969727 -10.412784576416016 2.0
  endloop
endfacet
facet normal 0.0 0.0 0.0
  outer loop
    vertex 0.5 -10.520605087280273 2.0
    vertex 7.577539443969727 -10.412784576416016 2.0
    vertex 7.131919860839844 -10.279375076293945 2.0
  endloop
endfacet
facet normal 0.0 0.0 0.0
  outer loop
    vertex 7.131919860839844 -10.279375076293945 2.0
    vertex 6.704799652099609 -10.095134735107422 2.0
    vertex 0.5 -10.520605087280273 2.0
  endloop
endfacet
facet normal 0.0 0.0 0.0
  outer loop
    vertex 0.5 -10.520605087280273 2.0
    vertex 6.704799652099609 -10.095134735107422 2.0
    vertex 6.301959991455078 -9.862554550170898 2.0
  endloop
endfacet
facet normal 0.0 0.0 0.0
  outer loop
    vertex 0.5 -10.520605087280273 2.0
    vertex 6.301959991455078 -9.862554550170898 2.0
    vertex 5.928850173950195 -9.584785461425781 2.0
  endloop
endfacet
facet normal 0.0 0.0 0.0
  outer loop
    vertex 5.928850173950195 -9.584785461425781 2.0
    vertex 5.590510368347168 -9.265575408935547 2.0
    vertex 0.5 -10.520605087280273 2.0
  endloop
endfacet
facet normal 0.0 0.0 0.0
  outer loop
    vertex 0.5 -10.520605087280273 2.0
    vertex 5.590510368347168 -9.265575408935547 2.0
    vertex 5.291509628295898 -8.909235000610352 2.0
  endloop
endfacet
facet normal 0.0 0.0 0.0
  outer loop
    vertex 0.5 -10.520605087280273 2.0
    vertex 5.291509628295898 -8.909235000610352 2.0
    vertex 5.035900115966797 -8.520605087280273 2.0
  endloop
endfacet
facet normal 0.0 0.0 0.0
  outer loop
    vertex 5.035900115966797 -8.520605087280273 2.0
    vertex 4.827139854431152 -8.104925155639648 2.0
    vertex 0.5 -10.520605087280273 2.0
  endloop
endfacet
facet normal 0.0 0.0 0.0
  outer loop
    vertex 0.5 -10.520605087280273 2.0
    vertex 4.827139854431152 -8.104925155639648 2.0
    vertex 4.6680402755737305 -7.6678147315979 2.0
  endloop
endfacet
facet normal 0.0 0.0 0.0
  outer loop
    vertex 0.5 -10.520605087280273 2.0
    vertex 4.6680402755737305 -7.6678147315979 2.0
    vertex 4.560770034790039 -7.215195178985596 2.0
  endloop
endfacet
facet normal 0.0 0.0 0.0
  outer loop
    vertex 4.560770034790039 -7.215195178985596 2.0
    vertex 4.506770133972168 -6.753184795379639 2.0
    vertex 0.5 -10.520605087280273 2.0
  endloop
endfacet
facet normal 0.0 0.0 0.0
  outer loop
    vertex 0.5 -10.520605087280273 2.0
    vertex 4.506770133972168 -6.753184795379639 2.0
    vertex 4.506770133972168 -6.288025379180908 2.0
  endloop
endfacet
facet normal 0.0 0.0 0.0
  outer loop
    vertex 4.6680402755737305 -5.37339448928833 2.0
    vertex 4.827139854431152 -4.93628454208374 2.0
    vertex 0.5 -2.5206046104431152 2.0
  endloop
endfacet
facet normal 0.0 0.0 0.0
  outer loop
    vertex 0.5 -2.5206046104431152 2.0
    vertex 4.827139854431152 -4.93628454208374 2.0
    vertex 5.035900115966797 -4.520604610443115 2.0
  endloop
endfacet
facet normal 0.0 0.0 0.0
  outer loop
    vertex 0.5 -2.5206046104431152 2.0
    vertex 5.035900115966797 -4.520604610443115 2.0
    vertex 5.291509628295898 -4.1319708824157715 2.0
  endloop
endfacet
facet normal 0.0 0.0 0.0
  outer loop
    vertex 5.291509628295898 -4.1319708824157715 2.0
    vertex 5.590510368347168 -3.775639057159424 2.0
    vertex 0.5 -2.5206046104431152 2.0
  endloop
endfacet
facet normal 0.0 0.0 0.0
  outer loop
    vertex 0.5 -2.5206046104431152 2.0
    vertex 5.590510368347168 -3.775639057159424 2.0
    vertex 5.928850173950195 -3.4564270973205566 2.0
  endloop
endfacet
facet normal 0.0 0.0 0.0
  outer loop
    vertex 0.5 -2.5206046104431152 2.0
    vertex 5.928850173950195 -3.4564270973205566 2.0
    vertex 6.301959991455078 -3.178654193878174 2.0
  endloop
endfacet
facet normal 0.0 0.0 0.0
  outer loop
    vertex 6.301959991455078 -3.178654193878174 2.0
    vertex 6.704799652099609 -2.946074962615967 2.0
    vertex 0.5 -2.5206046104431152 2.0
  endloop
endfacet
facet normal 0.0 0.0 0.0
  outer loop
    vertex 0.5 -2.5206046104431152 2.0
    vertex 6.704799652099609 -2.946074962615967 2.0
    vertex 7.131919860839844 -2.7618346214294434 2.0
  endloop
endfacet
facet normal 0.0 0.0 0.0
  outer loop
    vertex 0.5 -2.5206046104431152 2.0
    vertex 7.131919860839844 -2.7618346214294434 2.0
    vertex 7.577539443969727 -2.6284260749816895 2.0
  endloop
endfacet
facet normal 0.0 0.0 0.0
  outer loop
    vertex 7.577539443969727 -2.6284260749816895 2.0
    vertex 8.035629272460938 -2.547651767730713 2.0
    vertex 0.5 -2.5206046104431152 2.0
  endloop
endfacet
facet normal 0.0 0.0 0.0
  outer loop
    vertex 0.5 -2.5206046104431152 2.0
    vertex 8.035629272460938 -2.547651767730713 2.0
    vertex 8.5 -2.5206046104431152 2.0
  endloop
endfacet
facet normal 0.0 0.0 0.0
  outer loop
    vertex 4.528079986572266 -6.04751443862915 9.0
    vertex 4.506770133972168 -6.288025379180908 2.0
    vertex 4.5 -6.520604610443115 9.0
  endloop
endfacet
facet normal 0.0 0.0 0.0
  outer loop
    vertex 4.5 -6.520604610443115 9.0
    vertex 4.506770133972168 -6.288025379180908 2.0
    vertex 4.506770133972168 -6.753184795379639 2.0
  endloop
endfacet
facet normal 0.0 0.0 0.0
  outer loop
    vertex 4.5 -6.520604610443115 9.0
    vertex 4.506770133972168 -6.753184795379639 2.0
    vertex 4.528079986572266 -6.99369478225708 9.0
  endloop
endfacet
facet normal 0.0 0.0 0.0
  outer loop
    vertex 4.528079986572266 -6.99369478225708 9.0
    vertex 4.506770133972168 -6.753184795379639 2.0
    vertex 4.560770034790039 -7.215195178985596 2.0
  endloop
endfacet
facet normal 0.0 0.0 0.0
  outer loop
    vertex 4.528079986572266 -6.99369478225708 9.0
    vertex 4.560770034790039 -7.215195178985596 2.0
    vertex 4.611909866333008 -7.460144519805908 9.0
  endloop
endfacet
facet normal 0.0 0.0 0.0
  outer loop
    vertex 4.611909866333008 -7.460144519805908 9.0
    vertex 4.560770034790039 -7.215195178985596 2.0
    vertex 4.6680402755737305 -7.6678147315979 2.0
  endloop
endfacet
facet normal 0.0 0.0 0.0
  outer loop
    vertex 4.611909866333008 -7.460144519805908 9.0
    vertex 4.6680402755737305 -7.6678147315979 2.0
    vertex 4.7503204345703125 -7.913414478302002 9.0
  endloop
endfacet
facet normal 0.0 0.0 0.0
  outer loop
    vertex 4.7503204345703125 -7.913414478302002 9.0
    vertex 4.6680402755737305 -7.6678147315979 2.0
    vertex 4.827139854431152 -8.104925155639648 2.0
  endloop
endfacet
facet normal 0.0 0.0 0.0
  outer loop
    vertex 4.7503204345703125 -7.913414478302002 9.0
    vertex 4.827139854431152 -8.104925155639648 2.0
    vertex 4.941370010375977 -8.347124099731445 9.0
  endloop
endfacet
facet normal 0.0 0.0 0.0
  outer loop
    vertex 4.941370010375977 -8.347124099731445 9.0
    vertex 4.827139854431152 -8.104925155639648 2.0
    vertex 5.035900115966797 -8.520605087280273 2.0
  endloop
endfacet
facet normal 0.0 0.0 0.0
  outer loop
    vertex 4.941370010375977 -8.347124099731445 9.0
    vertex 5.035900115966797 -8.520605087280273 2.0
    vertex 5.182379722595215 -8.755195617675781 9.0
  endloop
endfacet
facet normal 0.0 0.0 0.0
  outer loop
    vertex 5.182379722595215 -8.755195617675781 9.0
    vertex 5.035900115966797 -8.520605087280273 2.0
    vertex 5.291509628295898 -8.909235000610352 2.0
  endloop
endfacet
facet normal 0.0 0.0 0.0
  outer loop
    vertex 5.182379722595215 -8.755195617675781 9.0
    vertex 5.291509628295898 -8.909235000610352 2.0
    vertex 5.4699602127075195 -9.131895065307617 9.0
  endloop
endfacet
facet normal 0.0 0.0 0.0
  outer loop
    vertex 5.4699602127075195 -9.131895065307617 9.0
    vertex 5.291509628295898 -8.909235000610352 2.0
    vertex 5.590510368347168 -9.265575408935547 2.0
  endloop
endfacet
facet normal 0.0 0.0 0.0
  outer loop
    vertex 5.4699602127075195 -9.131895065307617 9.0
    vertex 5.590510368347168 -9.265575408935547 2.0
    vertex 5.800069808959961 -9.471935272216797 9.0
  endloop
endfacet
facet normal 0.0 0.0 0.0
  outer loop
    vertex 5.800069808959961 -9.471935272216797 9.0
    vertex 5.590510368347168 -9.265575408935547 2.0
    vertex 5.928850173950195 -9.584785461425781 2.0
  endloop
endfacet
facet normal 0.0 0.0 0.0
  outer loop
    vertex 5.800069808959961 -9.471935272216797 9.0
    vertex 5.928850173950195 -9.584785461425781 2.0
    vertex 6.1680803298950195 -9.77055549621582 9.0
  endloop
endfacet
facet normal 0.0 0.0 0.0
  outer loop
    vertex 6.1680803298950195 -9.77055549621582 9.0
    vertex 5.928850173950195 -9.584785461425781 2.0
    vertex 6.301959991455078 -9.862554550170898 2.0
  endloop
endfacet
facet normal 0.0 0.0 0.0
  outer loop
    vertex 6.1680803298950195 -9.77055549621582 9.0
    vertex 6.301959991455078 -9.862554550170898 2.0
    vertex 6.568829536437988 -10.023544311523438 9.0
  endloop
endfacet
facet normal 0.0 0.0 0.0
  outer loop
    vertex 6.568829536437988 -10.023544311523438 9.0
    vertex 6.301959991455078 -9.862554550170898 2.0
    vertex 6.704799652099609 -10.095134735107422 2.0
  endloop
endfacet
facet normal 0.0 0.0 0.0
  outer loop
    vertex 6.568829536437988 -10.023544311523438 9.0
    vertex 6.704799652099609 -10.095134735107422 2.0
    vertex 6.996689796447754 -10.227365493774414 9.0
  endloop
endfacet
facet normal 0.0 0.0 0.0
  outer loop
    vertex 6.996689796447754 -10.227365493774414 9.0
    vertex 6.704799652099609 -10.095134735107422 2.0
    vertex 7.131919860839844 -10.279375076293945 2.0
  endloop
endfacet
facet normal 0.0 0.0 0.0
  outer loop
    vertex 6.996689796447754 -10.227365493774414 9.0
    vertex 7.131919860839844 -10.279375076293945 2.0
    vertex 7.445650100708008 -10.379144668579102 9.0
  endloop
endfacet
facet normal 0.0 0.0 0.0
  outer loop
    vertex 7.445650100708008 -10.379144668579102 9.0
    vertex 7.131919860839844 -10.279375076293945 2.0
    vertex 7.577539443969727 -10.412784576416016 2.0
  endloop
endfacet
facet normal 0.0 0.0 0.0
  outer loop
    vertex 7.445650100708008 -10.379144668579102 9.0
    vertex 7.577539443969727 -10.412784576416016 2.0
    vertex 7.90941047668457 -10.476764678955078 9.0
  endloop
endfacet
facet normal 0.0 0.0 0.0
  outer loop
    vertex 7.90941047668457 -10.476764678955078 9.0
    vertex 7.577539443969727 -10.412784576416016 2.0
    vertex 8.035629272460938 -10.493555068969727 2.0
  endloop
endfacet
facet normal 0.0 0.0 0.0
  outer loop
    vertex 7.90941047668457 -10.476764678955078 9.0
    vertex 8.035629272460938 -10.493555068969727 2.0
    vertex 8.3814697265625 -10.518844604492188 9.0
  endloop
endfacet
facet normal 0.0 0.0 0.0
  outer loop
    vertex 8.3814697265625 -10.518844604492188 9.0
    vertex 8.035629272460938 -10.493555068969727 2.0
    vertex 8.5 -10.520605087280273 2.0
  endloop
endfacet
facet normal 0.0 0.0 0.0
  outer loop
    vertex 8.3814697265625 -10.518844604492188 9.0
    vertex 8.5 -10.520605087280273 2.0
    vertex 8.855180740356445 -10.504804611206055 9.0
  endloop
endfacet
facet normal 0.0 0.0 0.0
  outer loop
    vertex 8.855180740356445 -10.504804611206055 9.0
    vertex 8.5 -10.520605087280273 2.0
    vertex 8.964370727539062 -10.493555068969727 2.0
  endloop
endfacet
facet normal 0.0 0.0 0.0
  outer loop
    vertex 8.855180740356445 -10.504804611206055 9.0
    vertex 8.964370727539062 -10.493555068969727 2.0
    vertex 9.323909759521484 -10.434835433959961 9.0
  endloop
endfacet
facet normal 0.0 0.0 0.0
  outer loop
    vertex 9.323909759521484 -10.434835433959961 9.0
    vertex 8.964370727539062 -10.493555068969727 2.0
    vertex 9.422460556030273 -10.412784576416016 2.0
  endloop
endfacet
facet normal 0.0 0.0 0.0
  outer loop
    vertex 9.323909759521484 -10.434835433959961 9.0
    vertex 9.422460556030273 -10.412784576416016 2.0
    vertex 9.78108024597168 -10.309915542602539 9.0
  endloop
endfacet
facet normal 0.0 0.0 0.0
  outer loop
    vertex 9.78108024597168 -10.309915542602539 9.0
    vertex 9.422460556030273 -10.412784576416016 2.0
    vertex 9.868080139160156 -10.279375076293945 2.0
  endloop
endfacet
facet normal 0.0 0.0 0.0
  outer loop
    vertex 9.78108024597168 -10.309915542602539 9.0
    vertex 9.868080139160156 -10.279375076293945 2.0
    vertex 10.220260620117188 -10.131793975830078 9.0
  endloop
endfacet
facet normal 0.0 0.0 0.0
  outer loop
    vertex 10.220260620117188 -10.131793975830078 9.0
    vertex 9.868080139160156 -10.279375076293945 2.0
    vertex 10.29520034790039 -10.095134735107422 2.0
  endloop
endfacet
facet normal 0.0 0.0 0.0
  outer loop
    vertex 10.220260620117188 -10.131793975830078 9.0
    vertex 10.29520034790039 -10.095134735107422 2.0
    vertex 10.635290145874023 -9.902984619140625 9.0
  endloop
endfacet
facet normal 0.0 0.0 0.0
  outer loop
    vertex 10.635290145874023 -9.902984619140625 9.0
    vertex 10.29520034790039 -10.095134735107422 2.0
    vertex 10.698040008544922 -9.862554550170898 2.0
  endloop
endfacet
facet normal 0.0 0.0 0.0
  outer loop
    vertex 10.635290145874023 -9.902984619140625 9.0
    vertex 10.698040008544922 -9.862554550170898 2.0
    vertex 11.020349502563477 -9.626705169677734 9.0
  endloop
endfacet
facet normal 0.0 0.0 0.0
  outer loop
    vertex 11.020349502563477 -9.626705169677734 9.0
    vertex 10.698040008544922 -9.862554550170898 2.0
    vertex 11.071149826049805 -9.584785461425781 2.0
  endloop
endfacet
facet normal 0.0 0.0 0.0
  outer loop
    vertex 11.020349502563477 -9.626705169677734 9.0
    vertex 11.071149826049805 -9.584785461425781 2.0
    vertex 11.37002944946289 -9.306804656982422 9.0
  endloop
endfacet
facet normal 0.0 0.0 0.0
  outer loop
    vertex 11.37002944946289 -9.306804656982422 9.0
    vertex 11.071149826049805 -9.584785461425781 2.0
    vertex 11.409490585327148 -9.265575408935547 2.0
  endloop
endfacet
facet normal 0.0 0.0 0.0
  outer loop
    vertex 11.37002944946289 -9.306804656982422 9.0
    vertex 11.409490585327148 -9.265575408935547 2.0
    vertex 11.679420471191406 -8.947805404663086 9.0
  endloop
endfacet
facet normal 0.0 0.0 0.0
  outer loop
    vertex 11.679420471191406 -8.947805404663086 9.0
    vertex 11.409490585327148 -9.265575408935547 2.0
    vertex 11.708490371704102 -8.909235000610352 2.0
  endloop
endfacet
facet normal 0.0 0.0 0.0
  outer loop
    vertex 11.679420471191406 -8.947805404663086 9.0
    vertex 11.708490371704102 -8.909235000610352 2.0
    vertex 11.944169998168945 -8.554725646972656 9.0
  endloop
endfacet
facet normal 0.0 0.0 0.0
  outer loop
    vertex 11.944169998168945 -8.554725646972656 9.0
    vertex 11.708490371704102 -8.909235000610352 2.0
    vertex 11.964099884033203 -8.520605087280273 2.0
  endloop
endfacet
facet normal 0.0 0.0 0.0
  outer loop
    vertex 11.944169998168945 -8.554725646972656 9.0
    vertex 11.964099884033203 -8.520605087280273 2.0
    vertex 12.160579681396484 -8.133094787597656 9.0
  endloop
endfacet
facet normal 0.0 0.0 0.0
  outer loop
    vertex 12.160579681396484 -8.133094787597656 9.0
    vertex 11.964099884033203 -8.520605087280273 2.0
    vertex 12.172859191894531 -8.104925155639648 2.0
  endloop
endfacet
facet normal 0.0 0.0 0.0
  outer loop
    vertex 12.160579681396484 -8.133094787597656 9.0
    vertex 12.172859191894531 -8.104925155639648 2.0
    vertex 12.325599670410156 -7.6888346672058105 9.0
  endloop
endfacet
facet normal 0.0 0.0 0.0
  outer loop
    vertex 12.325599670410156 -7.6888346672058105 9.0
    vertex 12.172859191894531 -8.104925155639648 2.0
    vertex 12.331960678100586 -7.6678147315979 2.0
  endloop
endfacet
facet normal 0.0 0.0 0.0
  outer loop
    vertex 12.325599670410156 -7.6888346672058105 9.0
    vertex 12.331960678100586 -7.6678147315979 2.0
    vertex 12.436920166015625 -7.228165149688721 9.0
  endloop
endfacet
facet normal 0.0 0.0 0.0
  outer loop
    vertex 12.436920166015625 -7.228165149688721 9.0
    vertex 12.331960678100586 -7.6678147315979 2.0
    vertex 12.439229965209961 -7.215195178985596 2.0
  endloop
endfacet
facet normal 0.0 0.0 0.0
  outer loop
    vertex 12.436920166015625 -7.228165149688721 9.0
    vertex 12.439229965209961 -7.215195178985596 2.0
    vertex 12.492969512939453 -6.757565021514893 9.0
  endloop
endfacet
facet normal 0.0 0.0 0.0
  outer loop
    vertex 12.492969512939453 -6.757565021514893 9.0
    vertex 12.439229965209961 -7.215195178985596 2.0
    vertex 12.493230819702148 -6.753184795379639 2.0
  endloop
endfacet
facet normal 0.0 0.0 0.0
  outer loop
    vertex 12.492969512939453 -6.757565021514893 9.0
    vertex 12.493230819702148 -6.753184795379639 2.0
    vertex 12.493230819702148 -6.288025379180908 2.0
  endloop
endfacet
facet normal 0.0 0.0 0.0
  outer loop
    vertex 4.506770133972168 -6.288025379180908 2.0
    vertex 4.528079986572266 -6.04751443862915 9.0
    vertex 4.560770034790039 -5.826014995574951 2.0
  endloop
endfacet
facet normal 0.0 0.0 0.0
  outer loop
    vertex 4.560770034790039 -5.826014995574951 2.0
    vertex 4.528079986572266 -6.04751443862915 9.0
    vertex 4.611909866333008 -5.581064701080322 9.0
  endloop
endfacet
facet normal 0.0 0.0 0.0
  outer loop
    vertex 4.560770034790039 -5.826014995574951 2.0
    vertex 4.611909866333008 -5.581064701080322 9.0
    vertex 4.6680402755737305 -5.37339448928833 2.0
  endloop
endfacet
facet normal 0.0 0.0 0.0
  outer loop
    vertex 4.6680402755737305 -5.37339448928833 2.0
    vertex 4.611909866333008 -5.581064701080322 9.0
    vertex 4.7503204345703125 -5.1277947425842285 9.0
  endloop
endfacet
facet normal 0.0 0.0 0.0
  outer loop
    vertex 4.6680402755737305 -5.37339448928833 2.0
    vertex 4.7503204345703125 -5.1277947425842285 9.0
    vertex 4.827139854431152 -4.93628454208374 2.0
  endloop
endfacet
facet normal 0.0 0.0 0.0
  outer loop
    vertex 4.827139854431152 -4.93628454208374 2.0
    vertex 4.7503204345703125 -5.1277947425842285 9.0
    vertex 4.941370010375977 -4.694084644317627 9.0
  endloop
endfacet
facet normal 0.0 0.0 0.0
  outer loop
    vertex 4.827139854431152 -4.93628454208374 2.0
    vertex 4.941370010375977 -4.694084644317627 9.0
    vertex 5.035900115966797 -4.520604610443115 2.0
  endloop
endfacet
facet normal 0.0 0.0 0.0
  outer loop
    vertex 5.035900115966797 -4.520604610443115 2.0
    vertex 4.941370010375977 -4.694084644317627 9.0
    vertex 5.182379722595215 -4.286017894744873 9.0
  endloop
endfacet
facet normal 0.0 0.0 0.0
  outer loop
    vertex 5.035900115966797 -4.520604610443115 2.0
    vertex 5.182379722595215 -4.286017894744873 9.0
    vertex 5.291509628295898 -4.1319708824157715 2.0
  endloop
endfacet
facet normal 0.0 0.0 0.0
  outer loop
    vertex 5.291509628295898 -4.1319708824157715 2.0
    vertex 5.182379722595215 -4.286017894744873 9.0
    vertex 5.4699602127075195 -3.9093165397644043 9.0
  endloop
endfacet
facet normal 0.0 0.0 0.0
  outer loop
    vertex 5.291509628295898 -4.1319708824157715 2.0
    vertex 5.4699602127075195 -3.9093165397644043 9.0
    vertex 5.590510368347168 -3.775639057159424 2.0
  endloop
endfacet
facet normal 0.0 0.0 0.0
  outer loop
    vertex 5.590510368347168 -3.775639057159424 2.0
    vertex 5.4699602127075195 -3.9093165397644043 9.0
    vertex 5.800069808959961 -3.5692715644836426 9.0
  endloop
endfacet
facet normal 0.0 0.0 0.0
  outer loop
    vertex 5.590510368347168 -3.775639057159424 2.0
    vertex 5.800069808959961 -3.5692715644836426 9.0
    vertex 5.928850173950195 -3.4564270973205566 2.0
  endloop
endfacet
facet normal 0.0 0.0 0.0
  outer loop
    vertex 5.928850173950195 -3.4564270973205566 2.0
    vertex 5.800069808959961 -3.5692715644836426 9.0
    vertex 6.1680803298950195 -3.270658016204834 9.0
  endloop
endfacet
facet normal 0.0 0.0 0.0
  outer loop
    vertex 5.928850173950195 -3.4564270973205566 2.0
    vertex 6.1680803298950195 -3.270658016204834 9.0
    vertex 6.301959991455078 -3.178654193878174 2.0
  endloop
endfacet
facet normal 0.0 0.0 0.0
  outer loop
    vertex 6.301959991455078 -3.178654193878174 2.0
    vertex 6.1680803298950195 -3.270658016204834 9.0
    vertex 6.568829536437988 -3.0176644325256348 9.0
  endloop
endfacet
facet normal 0.0 0.0 0.0
  outer loop
    vertex 6.301959991455078 -3.178654193878174 2.0
    vertex 6.568829536437988 -3.0176644325256348 9.0
    vertex 6.704799652099609 -2.946074962615967 2.0
  endloop
endfacet
facet normal 0.0 0.0 0.0
  outer loop
    vertex 6.704799652099609 -2.946074962615967 2.0
    vertex 6.568829536437988 -3.0176644325256348 9.0
    vertex 6.996689796447754 -2.813847064971924 9.0
  endloop
endfacet
facet normal 0.0 0.0 0.0
  outer loop
    vertex 6.704799652099609 -2.946074962615967 2.0
    vertex 6.996689796447754 -2.813847064971924 9.0
    vertex 7.131919860839844 -2.7618346214294434 2.0
  endloop
endfacet
facet normal 0.0 0.0 0.0
  outer loop
    vertex 7.131919860839844 -2.7618346214294434 2.0
    vertex 6.996689796447754 -2.813847064971924 9.0
    vertex 7.445650100708008 -2.6620631217956543 9.0
  endloop
endfacet
facet normal 0.0 0.0 0.0
  outer loop
    vertex 7.131919860839844 -2.7618346214294434 2.0
    vertex 7.445650100708008 -2.6620631217956543 9.0
    vertex 7.577539443969727 -2.6284260749816895 2.0
  endloop
endfacet
facet normal 0.0 0.0 0.0
  outer loop
    vertex 7.577539443969727 -2.6284260749816895 2.0
    vertex 7.445650100708008 -2.6620631217956543 9.0
    vertex 7.90941047668457 -2.564444065093994 9.0
  endloop
endfacet
facet normal 0.0 0.0 0.0
  outer loop
    vertex 7.577539443969727 -2.6284260749816895 2.0
    vertex 7.90941047668457 -2.564444065093994 9.0
    vertex 8.035629272460938 -2.547651767730713 2.0
  endloop
endfacet
facet normal 0.0 0.0 0.0
  outer loop
    vertex 8.035629272460938 -2.547651767730713 2.0
    vertex 7.90941047668457 -2.564444065093994 9.0
    vertex 8.3814697265625 -2.522362232208252 9.0
  endloop
endfacet
facet normal 0.0 0.0 0.0
  outer loop
    vertex 8.035629272460938 -2.547651767730713 2.0
    vertex 8.3814697265625 -2.522362232208252 9.0
    vertex 8.5 -2.5206046104431152 2.0
  endloop
endfacet
facet normal 0.0 0.0 0.0
  outer loop
    vertex 8.5 -2.5206046104431152 2.0
    vertex 8.3814697265625 -2.522362232208252 9.0
    vertex 8.855180740356445 -2.5364060401916504 9.0
  endloop
endfacet
facet normal 0.0 0.0 0.0
  outer loop
    vertex 8.5 -2.5206046104431152 2.0
    vertex 8.855180740356445 -2.5364060401916504 9.0
    vertex 8.964370727539062 -2.547651767730713 2.0
  endloop
endfacet
facet normal 0.0 0.0 0.0
  outer loop
    vertex 8.964370727539062 -2.547651767730713 2.0
    vertex 8.855180740356445 -2.5364060401916504 9.0
    vertex 9.323909759521484 -2.6063790321350098 9.0
  endloop
endfacet
facet normal 0.0 0.0 0.0
  outer loop
    vertex 8.964370727539062 -2.547651767730713 2.0
    vertex 9.323909759521484 -2.6063790321350098 9.0
    vertex 9.422460556030273 -2.6284260749816895 2.0
  endloop
endfacet
facet normal 0.0 0.0 0.0
  outer loop
    vertex 9.422460556030273 -2.6284260749816895 2.0
    vertex 9.323909759521484 -2.6063790321350098 9.0
    vertex 9.78108024597168 -2.731299877166748 9.0
  endloop
endfacet
facet normal 0.0 0.0 0.0
  outer loop
    vertex 9.422460556030273 -2.6284260749816895 2.0
    vertex 9.78108024597168 -2.731299877166748 9.0
    vertex 9.868080139160156 -2.7618346214294434 2.0
  endloop
endfacet
facet normal 0.0 0.0 0.0
  outer loop
    vertex 9.868080139160156 -2.7618346214294434 2.0
    vertex 9.78108024597168 -2.731299877166748 9.0
    vertex 10.220260620117188 -2.9094138145446777 9.0
  endloop
endfacet
facet normal 0.0 0.0 0.0
  outer loop
    vertex 9.868080139160156 -2.7618346214294434 2.0
    vertex 10.220260620117188 -2.9094138145446777 9.0
    vertex 10.29520034790039 -2.946074962615967 2.0
  endloop
endfacet
facet normal 0.0 0.0 0.0
  outer loop
    vertex 10.29520034790039 -2.946074962615967 2.0
    vertex 10.220260620117188 -2.9094138145446777 9.0
    vertex 10.635290145874023 -3.138221263885498 9.0
  endloop
endfacet
facet normal 0.0 0.0 0.0
  outer loop
    vertex 10.29520034790039 -2.946074962615967 2.0
    vertex 10.635290145874023 -3.138221263885498 9.0
    vertex 10.698040008544922 -3.178654193878174 2.0
  endloop
endfacet
facet normal 0.0 0.0 0.0
  outer loop
    vertex 10.698040008544922 -3.178654193878174 2.0
    vertex 10.635290145874023 -3.138221263885498 9.0
    vertex 11.020349502563477 -3.4145102500915527 9.0
  endloop
endfacet
facet normal 0.0 0.0 0.0
  outer loop
    vertex 10.698040008544922 -3.178654193878174 2.0
    vertex 11.020349502563477 -3.4145102500915527 9.0
    vertex 11.071149826049805 -3.4564270973205566 2.0
  endloop
endfacet
facet normal 0.0 0.0 0.0
  outer loop
    vertex 11.071149826049805 -3.4564270973205566 2.0
    vertex 11.020349502563477 -3.4145102500915527 9.0
    vertex 11.37002944946289 -3.734401226043701 9.0
  endloop
endfacet
facet normal 0.0 0.0 0.0
  outer loop
    vertex 11.071149826049805 -3.4564270973205566 2.0
    vertex 11.37002944946289 -3.734401226043701 9.0
    vertex 11.409490585327148 -3.775639057159424 2.0
  endloop
endfacet
facet normal 0.0 0.0 0.0
  outer loop
    vertex 11.409490585327148 -3.775639057159424 2.0
    vertex 11.37002944946289 -3.734401226043701 9.0
    vertex 11.679420471191406 -4.093405246734619 9.0
  endloop
endfacet
facet normal 0.0 0.0 0.0
  outer loop
    vertex 11.409490585327148 -3.775639057159424 2.0
    vertex 11.679420471191406 -4.093405246734619 9.0
    vertex 11.708490371704102 -4.1319708824157715 2.0
  endloop
endfacet
facet normal 0.0 0.0 0.0
  outer loop
    vertex 11.708490371704102 -4.1319708824157715 2.0
    vertex 11.679420471191406 -4.093405246734619 9.0
    vertex 11.944169998168945 -4.486485004425049 9.0
  endloop
endfacet
facet normal 0.0 0.0 0.0
  outer loop
    vertex 11.708490371704102 -4.1319708824157715 2.0
    vertex 11.944169998168945 -4.486485004425049 9.0
    vertex 11.964099884033203 -4.520604610443115 2.0
  endloop
endfacet
facet normal 0.0 0.0 0.0
  outer loop
    vertex 11.964099884033203 -4.520604610443115 2.0
    vertex 11.944169998168945 -4.486485004425049 9.0
    vertex 12.160579681396484 -4.908114910125732 9.0
  endloop
endfacet
facet normal 0.0 0.0 0.0
  outer loop
    vertex 11.964099884033203 -4.520604610443115 2.0
    vertex 12.160579681396484 -4.908114910125732 9.0
    vertex 12.172859191894531 -4.93628454208374 2.0
  endloop
endfacet
facet normal 0.0 0.0 0.0
  outer loop
    vertex 12.172859191894531 -4.93628454208374 2.0
    vertex 12.160579681396484 -4.908114910125732 9.0
    vertex 12.325599670410156 -5.35237455368042 9.0
  endloop
endfacet
facet normal 0.0 0.0 0.0
  outer loop
    vertex 12.172859191894531 -4.93628454208374 2.0
    vertex 12.325599670410156 -5.35237455368042 9.0
    vertex 12.331960678100586 -5.37339448928833 2.0
  endloop
endfacet
facet normal 0.0 0.0 0.0
  outer loop
    vertex 12.331960678100586 -5.37339448928833 2.0
    vertex 12.325599670410156 -5.35237455368042 9.0
    vertex 12.436920166015625 -5.813045024871826 9.0
  endloop
endfacet
facet normal 0.0 0.0 0.0
  outer loop
    vertex 12.331960678100586 -5.37339448928833 2.0
    vertex 12.436920166015625 -5.813045024871826 9.0
    vertex 12.439229965209961 -5.826014995574951 2.0
  endloop
endfacet
facet normal 0.0 0.0 0.0
  outer loop
    vertex 12.439229965209961 -5.826014995574951 2.0
    vertex 12.436920166015625 -5.813045024871826 9.0
    vertex 12.492969512939453 -6.283645153045654 9.0
  endloop
endfacet
facet normal 0.0 0.0 0.0
  outer loop
    vertex 12.439229965209961 -5.826014995574951 2.0
    vertex 12.492969512939453 -6.283645153045654 9.0
    vertex 12.493230819702148 -6.288025379180908 2.0
  endloop
endfacet
facet normal 0.0 0.0 0.0
  outer loop
    vertex 12.493230819702148 -6.288025379180908 2.0
    vertex 12.492969512939453 -6.283645153045654 9.0
    vertex 12.492969512939453 -6.757565021514893 9.0
  endloop
endfacet
facet normal 0.0 0.0 0.0
  outer loop
    vertex 16.5 -2.5206046104431152 2.0
    vertex 16.5 -2.5206046104431152 0.0
    vertex 8.5 -2.5206046104431152 2.0
  endloop
endfacet
facet normal 0.0 0.0 0.0
  outer loop
    vertex 8.5 -2.5206046104431152 2.0
    vertex 16.5 -2.5206046104431152 0.0
    vertex 0.5 -2.5206046104431152 0.0
  endloop
endfacet
facet normal 0.0 0.0 0.0
  outer loop
    vertex 8.5 -2.5206046104431152 2.0
    vertex 0.5 -2.5206046104431152 0.0
    vertex 0.5 -2.5206046104431152 2.0
  endloop
endfacet
facet normal 0.0 0.0 0.0
  outer loop
    vertex 16.5 -10.520605087280273 0.0
    vertex 16.5 -2.5206046104431152 0.0
    vertex 16.5 -10.520605087280273 2.0
  endloop
endfacet
facet normal 0.0 0.0 0.0
  outer loop
    vertex 16.5 -10.520605087280273 2.0
    vertex 16.5 -2.5206046104431152 0.0
    vertex 16.5 -2.5206046104431152 2.0
  endloop
endfacet
facet normal 0.0 0.0 0.0
  outer loop
    vertex 0.5 -10.520605087280273 2.0
    vertex 0.5 -10.520605087280273 0.0
    vertex 8.5 -10.520605087280273 2.0
  endloop
endfacet
facet normal 0.0 0.0 0.0
  outer loop
    vertex 8.5 -10.520605087280273 2.0
    vertex 0.5 -10.520605087280273 0.0
    vertex 16.5 -10.520605087280273 0.0
  endloop
endfacet
facet normal 0.0 0.0 0.0
  outer loop
    vertex 8.5 -10.520605087280273 2.0
    vertex 16.5 -10.520605087280273 0.0
    vertex 16.5 -10.520605087280273 2.0
  endloop
endfacet
facet normal 0.0 0.0 0.0
  outer loop
    vertex 8.5 -10.520605087280273 2.0
    vertex 16.5 -10.520605087280273 2.0
    vertex 8.964370727539062 -10.493555068969727 2.0
  endloop
endfacet
facet normal 0.0 0.0 0.0
  outer loop
    vertex 8.964370727539062 -10.493555068969727 2.0
    vertex 16.5 -10.520605087280273 2.0
    vertex 9.422460556030273 -10.412784576416016 2.0
  endloop
endfacet
facet normal 0.0 0.0 0.0
  outer loop
    vertex 9.422460556030273 -10.412784576416016 2.0
    vertex 16.5 -10.520605087280273 2.0
    vertex 9.868080139160156 -10.279375076293945 2.0
  endloop
endfacet
facet normal 0.0 0.0 0.0
  outer loop
    vertex 9.868080139160156 -10.279375076293945 2.0
    vertex 16.5 -10.520605087280273 2.0
    vertex 10.29520034790039 -10.095134735107422 2.0
  endloop
endfacet
facet normal 0.0 0.0 0.0
  outer loop
    vertex 10.29520034790039 -10.095134735107422 2.0
    vertex 16.5 -10.520605087280273 2.0
    vertex 10.698040008544922 -9.862554550170898 2.0
  endloop
endfacet
facet normal 0.0 0.0 0.0
  outer loop
    vertex 10.698040008544922 -9.862554550170898 2.0
    vertex 16.5 -10.520605087280273 2.0
    vertex 11.071149826049805 -9.584785461425781 2.0
  endloop
endfacet
facet normal 0.0 0.0 0.0
  outer loop
    vertex 11.071149826049805 -9.584785461425781 2.0
    vertex 16.5 -10.520605087280273 2.0
    vertex 11.409490585327148 -9.265575408935547 2.0
  endloop
endfacet
facet normal 0.0 0.0 0.0
  outer loop
    vertex 11.409490585327148 -9.265575408935547 2.0
    vertex 16.5 -10.520605087280273 2.0
    vertex 11.708490371704102 -8.909235000610352 2.0
  endloop
endfacet
facet normal 0.0 0.0 0.0
  outer loop
    vertex 11.708490371704102 -8.909235000610352 2.0
    vertex 16.5 -10.520605087280273 2.0
    vertex 11.964099884033203 -8.520605087280273 2.0
  endloop
endfacet
facet normal 0.0 0.0 0.0
  outer loop
    vertex 11.964099884033203 -8.520605087280273 2.0
    vertex 16.5 -10.520605087280273 2.0
    vertex 12.172859191894531 -8.104925155639648 2.0
  endloop
endfacet
facet normal 0.0 0.0 0.0
  outer loop
    vertex 12.172859191894531 -8.104925155639648 2.0
    vertex 16.5 -10.520605087280273 2.0
    vertex 12.331960678100586 -7.6678147315979 2.0
  endloop
endfacet
facet normal 0.0 0.0 0.0
  outer loop
    vertex 12.331960678100586 -7.6678147315979 2.0
    vertex 16.5 -10.520605087280273 2.0
    vertex 12.439229965209961 -7.215195178985596 2.0
  endloop
endfacet
facet normal 0.0 0.0 0.0
  outer loop
    vertex 12.439229965209961 -7.215195178985596 2.0
    vertex 16.5 -10.520605087280273 2.0
    vertex 12.493230819702148 -6.753184795379639 2.0
  endloop
endfacet
facet normal 0.0 0.0 0.0
  outer loop
    vertex 12.493230819702148 -6.753184795379639 2.0
    vertex 16.5 -10.520605087280273 2.0
    vertex 12.493230819702148 -6.288025379180908 2.0
  endloop
endfacet
facet normal 0.0 0.0 0.0
  outer loop
    vertex 12.493230819702148 -6.288025379180908 2.0
    vertex 16.5 -10.520605087280273 2.0
    vertex 16.5 -2.5206046104431152 2.0
  endloop
endfacet
facet normal 0.0 0.0 0.0
  outer loop
    vertex 12.493230819702148 -6.288025379180908 2.0
    vertex 16.5 -2.5206046104431152 2.0
    vertex 12.439229965209961 -5.826014995574951 2.0
  endloop
endfacet
facet normal 0.0 0.0 0.0
  outer loop
    vertex 12.439229965209961 -5.826014995574951 2.0
    vertex 16.5 -2.5206046104431152 2.0
    vertex 12.331960678100586 -5.37339448928833 2.0
  endloop
endfacet
facet normal 0.0 0.0 0.0
  outer loop
    vertex 12.331960678100586 -5.37339448928833 2.0
    vertex 16.5 -2.5206046104431152 2.0
    vertex 12.172859191894531 -4.93628454208374 2.0
  endloop
endfacet
facet normal 0.0 0.0 0.0
  outer loop
    vertex 12.172859191894531 -4.93628454208374 2.0
    vertex 16.5 -2.5206046104431152 2.0
    vertex 11.964099884033203 -4.520604610443115 2.0
  endloop
endfacet
facet normal 0.0 0.0 0.0
  outer loop
    vertex 11.964099884033203 -4.520604610443115 2.0
    vertex 16.5 -2.5206046104431152 2.0
    vertex 11.708490371704102 -4.1319708824157715 2.0
  endloop
endfacet
facet normal 0.0 0.0 0.0
  outer loop
    vertex 11.708490371704102 -4.1319708824157715 2.0
    vertex 16.5 -2.5206046104431152 2.0
    vertex 11.409490585327148 -3.775639057159424 2.0
  endloop
endfacet
facet normal 0.0 0.0 0.0
  outer loop
    vertex 11.409490585327148 -3.775639057159424 2.0
    vertex 16.5 -2.5206046104431152 2.0
    vertex 11.071149826049805 -3.4564270973205566 2.0
  endloop
endfacet
facet normal 0.0 0.0 0.0
  outer loop
    vertex 11.071149826049805 -3.4564270973205566 2.0
    vertex 16.5 -2.5206046104431152 2.0
    vertex 10.698040008544922 -3.178654193878174 2.0
  endloop
endfacet
facet normal 0.0 0.0 0.0
  outer loop
    vertex 10.698040008544922 -3.178654193878174 2.0
    vertex 16.5 -2.5206046104431152 2.0
    vertex 10.29520034790039 -2.946074962615967 2.0
  endloop
endfacet
facet normal 0.0 0.0 0.0
  outer loop
    vertex 10.29520034790039 -2.946074962615967 2.0
    vertex 16.5 -2.5206046104431152 2.0
    vertex 9.868080139160156 -2.7618346214294434 2.0
  endloop
endfacet
facet normal 0.0 0.0 0.0
  outer loop
    vertex 9.868080139160156 -2.7618346214294434 2.0
    vertex 16.5 -2.5206046104431152 2.0
    vertex 9.422460556030273 -2.6284260749816895 2.0
  endloop
endfacet
facet normal 0.0 0.0 0.0
  outer loop
    vertex 9.422460556030273 -2.6284260749816895 2.0
    vertex 16.5 -2.5206046104431152 2.0
    vertex 8.964370727539062 -2.547651767730713 2.0
  endloop
endfacet
facet normal 0.0 0.0 0.0
  outer loop
    vertex 8.964370727539062 -2.547651767730713 2.0
    vertex 16.5 -2.5206046104431152 2.0
    vertex 8.5 -2.5206046104431152 2.0
  endloop
endfacet
facet normal 0.0 0.0 0.0
  outer loop
    vertex 7.577610015869141 -6.747954845428467 9.0
    vertex 7.577610015869141 -6.747954845428467 4.5
    vertex 7.549999237060547 -6.520604610443115 9.0
  endloop
endfacet
facet normal 0.0 0.0 0.0
  outer loop
    vertex 7.549999237060547 -6.520604610443115 9.0
    vertex 7.577610015869141 -6.747954845428467 4.5
    vertex 7.549999237060547 -6.520604610443115 4.5
  endloop
endfacet
facet normal 0.0 0.0 0.0
  outer loop
    vertex 7.549999237060547 -6.520604610443115 9.0
    vertex 7.549999237060547 -6.520604610443115 4.5
    vertex 7.577610015869141 -6.29325532913208 9.0
  endloop
endfacet
facet normal 0.0 0.0 0.0
  outer loop
    vertex 7.577610015869141 -6.29325532913208 9.0
    vertex 7.549999237060547 -6.520604610443115 4.5
    vertex 7.577610015869141 -6.29325532913208 4.5
  endloop
endfacet
facet normal 0.0 0.0 0.0
  outer loop
    vertex 7.577610015869141 -6.29325532913208 9.0
    vertex 7.577610015869141 -6.29325532913208 4.5
    vertex 7.658819198608398 -6.0791144371032715 9.0
  endloop
endfacet
facet normal 0.0 0.0 0.0
  outer loop
    vertex 7.658819198608398 -6.0791144371032715 9.0
    vertex 7.577610015869141 -6.29325532913208 4.5
    vertex 7.658819198608398 -6.0791144371032715 4.5
  endloop
endfacet
facet normal 0.0 0.0 0.0
  outer loop
    vertex 7.658819198608398 -6.0791144371032715 9.0
    vertex 7.658819198608398 -6.0791144371032715 4.5
    vertex 7.788909912109375 -5.890635013580322 9.0
  endloop
endfacet
facet normal 0.0 0.0 0.0
  outer loop
    vertex 7.788909912109375 -5.890635013580322 9.0
    vertex 7.658819198608398 -6.0791144371032715 4.5
    vertex 7.788909912109375 -5.890635013580322 4.5
  endloop
endfacet
facet normal 0.0 0.0 0.0
  outer loop
    vertex 7.788909912109375 -5.890635013580322 9.0
    vertex 7.788909912109375 -5.890635013580322 4.5
    vertex 7.96034049987793 -5.73877477645874 9.0
  endloop
endfacet
facet normal 0.0 0.0 0.0
  outer loop
    vertex 7.96034049987793 -5.73877477645874 9.0
    vertex 7.788909912109375 -5.890635013580322 4.5
    vertex 7.96034049987793 -5.73877477645874 4.5
  endloop
endfacet
facet normal 0.0 0.0 0.0
  outer loop
    vertex 7.96034049987793 -5.73877477645874 9.0
    vertex 7.96034049987793 -5.73877477645874 4.5
    vertex 8.163129806518555 -5.632335186004639 9.0
  endloop
endfacet
facet normal 0.0 0.0 0.0
  outer loop
    vertex 8.163129806518555 -5.632335186004639 9.0
    vertex 7.96034049987793 -5.73877477645874 4.5
    vertex 8.163129806518555 -5.632335186004639 4.5
  endloop
endfacet
facet normal 0.0 0.0 0.0
  outer loop
    vertex 8.163129806518555 -5.632335186004639 9.0
    vertex 8.163129806518555 -5.632335186004639 4.5
    vertex 8.385490417480469 -5.577535152435303 9.0
  endloop
endfacet
facet normal 0.0 0.0 0.0
  outer loop
    vertex 8.385490417480469 -5.577535152435303 9.0
    vertex 8.163129806518555 -5.632335186004639 4.5
    vertex 8.385490417480469 -5.577535152435303 4.5
  endloop
endfacet
facet normal 0.0 0.0 0.0
  outer loop
    vertex 8.385490417480469 -5.577535152435303 9.0
    vertex 8.385490417480469 -5.577535152435303 4.5
    vertex 8.614509582519531 -5.577535152435303 9.0
  endloop
endfacet
facet normal 0.0 0.0 0.0
  outer loop
    vertex 8.614509582519531 -5.577535152435303 9.0
    vertex 8.385490417480469 -5.577535152435303 4.5
    vertex 8.614509582519531 -5.577535152435303 4.5
  endloop
endfacet
facet normal 0.0 0.0 0.0
  outer loop
    vertex 8.614509582519531 -5.577535152435303 9.0
    vertex 8.614509582519531 -5.577535152435303 4.5
    vertex 8.836870193481445 -5.632335186004639 9.0
  endloop
endfacet
facet normal 0.0 0.0 0.0
  outer loop
    vertex 8.836870193481445 -5.632335186004639 9.0
    vertex 8.614509582519531 -5.577535152435303 4.5
    vertex 8.836870193481445 -5.632335186004639 4.5
  endloop
endfacet
facet normal 0.0 0.0 0.0
  outer loop
    vertex 8.836870193481445 -5.632335186004639 9.0
    vertex 8.836870193481445 -5.632335186004639 4.5
    vertex 9.03965950012207 -5.73877477645874 9.0
  endloop
endfacet
facet normal 0.0 0.0 0.0
  outer loop
    vertex 9.03965950012207 -5.73877477645874 9.0
    vertex 8.836870193481445 -5.632335186004639 4.5
    vertex 9.03965950012207 -5.73877477645874 4.5
  endloop
endfacet
facet normal 0.0 0.0 0.0
  outer loop
    vertex 9.03965950012207 -5.73877477645874 9.0
    vertex 9.03965950012207 -5.73877477645874 4.5
    vertex 9.211090087890625 -5.890635013580322 9.0
  endloop
endfacet
facet normal 0.0 0.0 0.0
  outer loop
    vertex 9.211090087890625 -5.890635013580322 9.0
    vertex 9.03965950012207 -5.73877477645874 4.5
    vertex 9.211090087890625 -5.890635013580322 4.5
  endloop
endfacet
facet normal 0.0 0.0 0.0
  outer loop
    vertex 9.211090087890625 -5.890635013580322 9.0
    vertex 9.211090087890625 -5.890635013580322 4.5
    vertex 9.341180801391602 -6.0791144371032715 9.0
  endloop
endfacet
facet normal 0.0 0.0 0.0
  outer loop
    vertex 9.341180801391602 -6.0791144371032715 9.0
    vertex 9.211090087890625 -5.890635013580322 4.5
    vertex 9.341180801391602 -6.0791144371032715 4.5
  endloop
endfacet
facet normal 0.0 0.0 0.0
  outer loop
    vertex 9.341180801391602 -6.0791144371032715 9.0
    vertex 9.341180801391602 -6.0791144371032715 4.5
    vertex 9.42238998413086 -6.29325532913208 9.0
  endloop
endfacet
facet normal 0.0 0.0 0.0
  outer loop
    vertex 9.42238998413086 -6.29325532913208 9.0
    vertex 9.341180801391602 -6.0791144371032715 4.5
    vertex 9.42238998413086 -6.29325532913208 4.5
  endloop
endfacet
facet normal 0.0 0.0 0.0
  outer loop
    vertex 9.42238998413086 -6.29325532913208 9.0
    vertex 9.42238998413086 -6.29325532913208 4.5
    vertex 9.450000762939453 -6.520604610443115 9.0
  endloop
endfacet
facet normal 0.0 0.0 0.0
  outer loop
    vertex 9.450000762939453 -6.520604610443115 9.0
    vertex 9.42238998413086 -6.29325532913208 4.5
    vertex 9.450000762939453 -6.520604610443115 4.5
  endloop
endfacet
facet normal 0.0 0.0 0.0
  outer loop
    vertex 9.450000762939453 -6.520604610443115 9.0
    vertex 9.450000762939453 -6.520604610443115 4.5
    vertex 9.42238998413086 -6.747954845428467 9.0
  endloop
endfacet
facet normal 0.0 0.0 0.0
  outer loop
    vertex 9.42238998413086 -6.747954845428467 9.0
    vertex 9.450000762939453 -6.520604610443115 4.5
    vertex 9.42238998413086 -6.747954845428467 4.5
  endloop
endfacet
facet normal 0.0 0.0 0.0
  outer loop
    vertex 9.42238998413086 -6.747954845428467 9.0
    vertex 9.42238998413086 -6.747954845428467 4.5
    vertex 9.341180801391602 -6.962094783782959 9.0
  endloop
endfacet
facet normal 0.0 0.0 0.0
  outer loop
    vertex 9.341180801391602 -6.962094783782959 9.0
    vertex 9.42238998413086 -6.747954845428467 4.5
    vertex 9.341180801391602 -6.962094783782959 4.5
  endloop
endfacet
facet normal 0.0 0.0 0.0
  outer loop
    vertex 9.341180801391602 -6.962094783782959 9.0
    vertex 9.341180801391602 -6.962094783782959 4.5
    vertex 9.211090087890625 -7.150575160980225 9.0
  endloop
endfacet
facet normal 0.0 0.0 0.0
  outer loop
    vertex 9.211090087890625 -7.150575160980225 9.0
    vertex 9.341180801391602 -6.962094783782959 4.5
    vertex 9.211090087890625 -7.150575160980225 4.5
  endloop
endfacet
facet normal 0.0 0.0 0.0
  outer loop
    vertex 9.211090087890625 -7.150575160980225 9.0
    vertex 9.211090087890625 -7.150575160980225 4.5
    vertex 9.03965950012207 -7.30243444442749 9.0
  endloop
endfacet
facet normal 0.0 0.0 0.0
  outer loop
    vertex 9.03965950012207 -7.30243444442749 9.0
    vertex 9.211090087890625 -7.150575160980225 4.5
    vertex 9.03965950012207 -7.30243444442749 4.5
  endloop
endfacet
facet normal 0.0 0.0 0.0
  outer loop
    vertex 9.03965950012207 -7.30243444442749 9.0
    vertex 9.03965950012207 -7.30243444442749 4.5
    vertex 8.836870193481445 -7.408874988555908 9.0
  endloop
endfacet
facet normal 0.0 0.0 0.0
  outer loop
    vertex 8.836870193481445 -7.408874988555908 9.0
    vertex 9.03965950012207 -7.30243444442749 4.5
    vertex 8.836870193481445 -7.408874988555908 4.5
  endloop
endfacet
facet normal 0.0 0.0 0.0
  outer loop
    vertex 8.836870193481445 -7.408874988555908 9.0
    vertex 8.836870193481445 -7.408874988555908 4.5
    vertex 8.614509582519531 -7.463675022125244 9.0
  endloop
endfacet
facet normal 0.0 0.0 0.0
  outer loop
    vertex 8.614509582519531 -7.463675022125244 9.0
    vertex 8.836870193481445 -7.408874988555908 4.5
    vertex 8.614509582519531 -7.463675022125244 4.5
  endloop
endfacet
facet normal 0.0 0.0 0.0
  outer loop
    vertex 8.614509582519531 -7.463675022125244 9.0
    vertex 8.614509582519531 -7.463675022125244 4.5
    vertex 8.385490417480469 -7.463675022125244 9.0
  endloop
endfacet
facet normal 0.0 0.0 0.0
  outer loop
    vertex 8.385490417480469 -7.463675022125244 9.0
    vertex 8.614509582519531 -7.463675022125244 4.5
    vertex 8.385490417480469 -7.463675022125244 4.5
  endloop
endfacet
facet normal 0.0 0.0 0.0
  outer loop
    vertex 8.385490417480469 -7.463675022125244 9.0
    vertex 8.385490417480469 -7.463675022125244 4.5
    vertex 8.163129806518555 -7.408874988555908 9.0
  endloop
endfacet
facet normal 0.0 0.0 0.0
  outer loop
    vertex 8.163129806518555 -7.408874988555908 9.0
    vertex 8.385490417480469 -7.463675022125244 4.5
    vertex 8.163129806518555 -7.408874988555908 4.5
  endloop
endfacet
facet normal 0.0 0.0 0.0
  outer loop
    vertex 8.163129806518555 -7.408874988555908 9.0
    vertex 8.163129806518555 -7.408874988555908 4.5
    vertex 7.96034049987793 -7.30243444442749 9.0
  endloop
endfacet
facet normal 0.0 0.0 0.0
  outer loop
    vertex 7.96034049987793 -7.30243444442749 9.0
    vertex 8.163129806518555 -7.408874988555908 4.5
    vertex 7.96034049987793 -7.30243444442749 4.5
  endloop
endfacet
facet normal 0.0 0.0 0.0
  outer loop
    vertex 7.96034049987793 -7.30243444442749 9.0
    vertex 7.96034049987793 -7.30243444442749 4.5
    vertex 7.788909912109375 -7.150575160980225 9.0
  endloop
endfacet
facet normal 0.0 0.0 0.0
  outer loop
    vertex 7.788909912109375 -7.150575160980225 9.0
    vertex 7.96034049987793 -7.30243444442749 4.5
    vertex 7.788909912109375 -7.150575160980225 4.5
  endloop
endfacet
facet normal 0.0 0.0 0.0
  outer loop
    vertex 7.788909912109375 -7.150575160980225 9.0
    vertex 7.788909912109375 -7.150575160980225 4.5
    vertex 7.658819198608398 -6.962094783782959 9.0
  endloop
endfacet
facet normal 0.0 0.0 0.0
  outer loop
    vertex 7.658819198608398 -6.962094783782959 9.0
    vertex 7.788909912109375 -7.150575160980225 4.5
    vertex 7.658819198608398 -6.962094783782959 4.5
  endloop
endfacet
facet normal 0.0 0.0 0.0
  outer loop
    vertex 7.658819198608398 -6.962094783782959 9.0
    vertex 7.658819198608398 -6.962094783782959 4.5
    vertex 7.577610015869141 -6.747954845428467 9.0
  endloop
endfacet
facet normal 0.0 0.0 0.0
  outer loop
    vertex 7.577610015869141 -6.747954845428467 9.0
    vertex 7.658819198608398 -6.962094783782959 4.5
    vertex 7.577610015869141 -6.747954845428467 4.5
  endloop
endfacet
facet normal 0.0 0.0 0.0
  outer loop
    vertex 7.577610015869141 -6.29325532913208 0.0
    vertex 7.577610015869141 -6.29325532913208 4.5
    vertex 7.549999237060547 -6.520604610443115 0.0
  endloop
endfacet
facet normal 0.0 0.0 0.0
  outer loop
    vertex 7.549999237060547 -6.520604610443115 0.0
    vertex 7.577610015869141 -6.29325532913208 4.5
    vertex 7.549999237060547 -6.520604610443115 4.5
  endloop
endfacet
facet normal 0.0 0.0 0.0
  outer loop
    vertex 7.549999237060547 -6.520604610443115 0.0
    vertex 7.549999237060547 -6.520604610443115 4.5
    vertex 7.577610015869141 -6.747954845428467 0.0
  endloop
endfacet
facet normal 0.0 0.0 0.0
  outer loop
    vertex 7.577610015869141 -6.747954845428467 0.0
    vertex 7.549999237060547 -6.520604610443115 4.5
    vertex 7.577610015869141 -6.747954845428467 4.5
  endloop
endfacet
facet normal 0.0 0.0 0.0
  outer loop
    vertex 7.577610015869141 -6.747954845428467 0.0
    vertex 7.577610015869141 -6.747954845428467 4.5
    vertex 7.658819198608398 -6.962094783782959 0.0
  endloop
endfacet
facet normal 0.0 0.0 0.0
  outer loop
    vertex 7.658819198608398 -6.962094783782959 0.0
    vertex 7.577610015869141 -6.747954845428467 4.5
    vertex 7.658819198608398 -6.962094783782959 4.5
  endloop
endfacet
facet normal 0.0 0.0 0.0
  outer loop
    vertex 7.658819198608398 -6.962094783782959 0.0
    vertex 7.658819198608398 -6.962094783782959 4.5
    vertex 7.788909912109375 -7.150575160980225 0.0
  endloop
endfacet
facet normal 0.0 0.0 0.0
  outer loop
    vertex 7.788909912109375 -7.150575160980225 0.0
    vertex 7.658819198608398 -6.962094783782959 4.5
    vertex 7.788909912109375 -7.150575160980225 4.5
  endloop
endfacet
facet normal 0.0 0.0 0.0
  outer loop
    vertex 7.788909912109375 -7.150575160980225 0.0
    vertex 7.788909912109375 -7.150575160980225 4.5
    vertex 7.96034049987793 -7.30243444442749 0.0
  endloop
endfacet
facet normal 0.0 0.0 0.0
  outer loop
    vertex 7.96034049987793 -7.30243444442749 0.0
    vertex 7.788909912109375 -7.150575160980225 4.5
    vertex 7.96034049987793 -7.30243444442749 4.5
  endloop
endfacet
facet normal 0.0 0.0 0.0
  outer loop
    vertex 7.96034049987793 -7.30243444442749 0.0
    vertex 7.96034049987793 -7.30243444442749 4.5
    vertex 8.163129806518555 -7.408874988555908 0.0
  endloop
endfacet
facet normal 0.0 0.0 0.0
  outer loop
    vertex 8.163129806518555 -7.408874988555908 0.0
    vertex 7.96034049987793 -7.30243444442749 4.5
    vertex 8.163129806518555 -7.408874988555908 4.5
  endloop
endfacet
facet normal 0.0 0.0 0.0
  outer loop
    vertex 8.163129806518555 -7.408874988555908 0.0
    vertex 8.163129806518555 -7.408874988555908 4.5
    vertex 8.385490417480469 -7.463675022125244 0.0
  endloop
endfacet
facet normal 0.0 0.0 0.0
  outer loop
    vertex 8.385490417480469 -7.463675022125244 0.0
    vertex 8.163129806518555 -7.408874988555908 4.5
    vertex 8.385490417480469 -7.463675022125244 4.5
  endloop
endfacet
facet normal 0.0 0.0 0.0
  outer loop
    vertex 8.385490417480469 -7.463675022125244 0.0
    vertex 8.385490417480469 -7.463675022125244 4.5
    vertex 8.614509582519531 -7.463675022125244 0.0
  endloop
endfacet
facet normal 0.0 0.0 0.0
  outer loop
    vertex 8.614509582519531 -7.463675022125244 0.0
    vertex 8.385490417480469 -7.463675022125244 4.5
    vertex 8.614509582519531 -7.463675022125244 4.5
  endloop
endfacet
facet normal 0.0 0.0 0.0
  outer loop
    vertex 8.614509582519531 -7.463675022125244 0.0
    vertex 8.614509582519531 -7.463675022125244 4.5
    vertex 8.836870193481445 -7.408874988555908 0.0
  endloop
endfacet
facet normal 0.0 0.0 0.0
  outer loop
    vertex 8.836870193481445 -7.408874988555908 0.0
    vertex 8.614509582519531 -7.463675022125244 4.5
    vertex 8.836870193481445 -7.408874988555908 4.5
  endloop
endfacet
facet normal 0.0 0.0 0.0
  outer loop
    vertex 8.836870193481445 -7.408874988555908 0.0
    vertex 8.836870193481445 -7.408874988555908 4.5
    vertex 9.03965950012207 -7.30243444442749 0.0
  endloop
endfacet
facet normal 0.0 0.0 0.0
  outer loop
    vertex 9.03965950012207 -7.30243444442749 0.0
    vertex 8.836870193481445 -7.408874988555908 4.5
    vertex 9.03965950012207 -7.30243444442749 4.5
  endloop
endfacet
facet normal 0.0 0.0 0.0
  outer loop
    vertex 9.03965950012207 -7.30243444442749 0.0
    vertex 9.03965950012207 -7.30243444442749 4.5
    vertex 9.211090087890625 -7.150575160980225 0.0
  endloop
endfacet
facet normal 0.0 0.0 0.0
  outer loop
    vertex 9.211090087890625 -7.150575160980225 0.0
    vertex 9.03965950012207 -7.30243444442749 4.5
    vertex 9.211090087890625 -7.150575160980225 4.5
  endloop
endfacet
facet normal 0.0 0.0 0.0
  outer loop
    vertex 9.211090087890625 -7.150575160980225 0.0
    vertex 9.211090087890625 -7.150575160980225 4.5
    vertex 9.341180801391602 -6.962094783782959 0.0
  endloop
endfacet
facet normal 0.0 0.0 0.0
  outer loop
    vertex 9.341180801391602 -6.962094783782959 0.0
    vertex 9.211090087890625 -7.150575160980225 4.5
    vertex 9.341180801391602 -6.962094783782959 4.5
  endloop
endfacet
facet normal 0.0 0.0 0.0
  outer loop
    vertex 9.341180801391602 -6.962094783782959 0.0
    vertex 9.341180801391602 -6.962094783782959 4.5
    vertex 9.42238998413086 -6.747954845428467 0.0
  endloop
endfacet
facet normal 0.0 0.0 0.0
  outer loop
    vertex 9.42238998413086 -6.747954845428467 0.0
    vertex 9.341180801391602 -6.962094783782959 4.5
    vertex 9.42238998413086 -6.747954845428467 4.5
  endloop
endfacet
facet normal 0.0 0.0 0.0
  outer loop
    vertex 9.42238998413086 -6.747954845428467 0.0
    vertex 9.42238998413086 -6.747954845428467 4.5
    vertex 9.450000762939453 -6.520604610443115 0.0
  endloop
endfacet
facet normal 0.0 0.0 0.0
  outer loop
    vertex 9.450000762939453 -6.520604610443115 0.0
    vertex 9.42238998413086 -6.747954845428467 4.5
    vertex 9.450000762939453 -6.520604610443115 4.5
  endloop
endfacet
facet normal 0.0 0.0 0.0
  outer loop
    vertex 9.450000762939453 -6.520604610443115 0.0
    vertex 9.450000762939453 -6.520604610443115 4.5
    vertex 9.42238998413086 -6.29325532913208 0.0
  endloop
endfacet
facet normal 0.0 0.0 0.0
  outer loop
    vertex 9.42238998413086 -6.29325532913208 0.0
    vertex 9.450000762939453 -6.520604610443115 4.5
    vertex 9.42238998413086 -6.29325532913208 4.5
  endloop
endfacet
facet normal 0.0 0.0 0.0
  outer loop
    vertex 9.42238998413086 -6.29325532913208 0.0
    vertex 9.42238998413086 -6.29325532913208 4.5
    vertex 9.341180801391602 -6.0791144371032715 0.0
  endloop
endfacet
facet normal 0.0 0.0 0.0
  outer loop
    vertex 9.341180801391602 -6.0791144371032715 0.0
    vertex 9.42238998413086 -6.29325532913208 4.5
    vertex 9.341180801391602 -6.0791144371032715 4.5
  endloop
endfacet
facet normal 0.0 0.0 0.0
  outer loop
    vertex 9.341180801391602 -6.0791144371032715 0.0
    vertex 9.341180801391602 -6.0791144371032715 4.5
    vertex 9.211090087890625 -5.890635013580322 0.0
  endloop
endfacet
facet normal 0.0 0.0 0.0
  outer loop
    vertex 9.211090087890625 -5.890635013580322 0.0
    vertex 9.341180801391602 -6.0791144371032715 4.5
    vertex 9.211090087890625 -5.890635013580322 4.5
  endloop
endfacet
facet normal 0.0 0.0 0.0
  outer loop
    vertex 9.211090087890625 -5.890635013580322 0.0
    vertex 9.211090087890625 -5.890635013580322 4.5
    vertex 9.03965950012207 -5.73877477645874 0.0
  endloop
endfacet
facet normal 0.0 0.0 0.0
  outer loop
    vertex 9.03965950012207 -5.73877477645874 0.0
    vertex 9.211090087890625 -5.890635013580322 4.5
    vertex 9.03965950012207 -5.73877477645874 4.5
  endloop
endfacet
facet normal 0.0 0.0 0.0
  outer loop
    vertex 9.03965950012207 -5.73877477645874 0.0
    vertex 9.03965950012207 -5.73877477645874 4.5
    vertex 8.836870193481445 -5.632335186004639 0.0
  endloop
endfacet
facet normal 0.0 0.0 0.0
  outer loop
    vertex 8.836870193481445 -5.632335186004639 0.0
    vertex 9.03965950012207 -5.73877477645874 4.5
    vertex 8.836870193481445 -5.632335186004639 4.5
  endloop
endfacet
facet normal 0.0 0.0 0.0
  outer loop
    vertex 8.836870193481445 -5.632335186004639 0.0
    vertex 8.836870193481445 -5.632335186004639 4.5
    vertex 8.614509582519531 -5.577535152435303 0.0
  endloop
endfacet
facet normal 0.0 0.0 0.0
  outer loop
    vertex 8.614509582519531 -5.577535152435303 0.0
    vertex 8.836870193481445 -5.632335186004639 4.5
    vertex 8.614509582519531 -5.577535152435303 4.5
  endloop
endfacet
facet normal 0.0 0.0 0.0
  outer loop
    vertex 8.614509582519531 -5.577535152435303 0.0
    vertex 8.614509582519531 -5.577535152435303 4.5
    vertex 8.385490417480469 -5.577535152435303 0.0
  endloop
endfacet
facet normal 0.0 0.0 0.0
  outer loop
    vertex 8.385490417480469 -5.577535152435303 0.0
    vertex 8.614509582519531 -5.577535152435303 4.5
    vertex 8.385490417480469 -5.577535152435303 4.5
  endloop
endfacet
facet normal 0.0 0.0 0.0
  outer loop
    vertex 8.385490417480469 -5.577535152435303 0.0
    vertex 8.385490417480469 -5.577535152435303 4.5
    vertex 8.163129806518555 -5.632335186004639 0.0
  endloop
endfacet
facet normal 0.0 0.0 0.0
  outer loop
    vertex 8.163129806518555 -5.632335186004639 0.0
    vertex 8.385490417480469 -5.577535152435303 4.5
    vertex 8.163129806518555 -5.632335186004639 4.5
  endloop
endfacet
facet normal 0.0 0.0 0.0
  outer loop
    vertex 8.163129806518555 -5.632335186004639 0.0
    vertex 8.163129806518555 -5.632335186004639 4.5
    vertex 7.96034049987793 -5.73877477645874 0.0
  endloop
endfacet
facet normal 0.0 0.0 0.0
  outer loop
    vertex 7.96034049987793 -5.73877477645874 0.0
    vertex 8.163129806518555 -5.632335186004639 4.5
    vertex 7.96034049987793 -5.73877477645874 4.5
  endloop
endfacet
facet normal 0.0 0.0 0.0
  outer loop
    vertex 7.96034049987793 -5.73877477645874 0.0
    vertex 7.96034049987793 -5.73877477645874 4.5
    vertex 7.788909912109375 -5.890635013580322 0.0
  endloop
endfacet
facet normal 0.0 0.0 0.0
  outer loop
    vertex 7.788909912109375 -5.890635013580322 0.0
    vertex 7.96034049987793 -5.73877477645874 4.5
    vertex 7.788909912109375 -5.890635013580322 4.5
  endloop
endfacet
facet normal 0.0 0.0 0.0
  outer loop
    vertex 7.788909912109375 -5.890635013580322 0.0
    vertex 7.788909912109375 -5.890635013580322 4.5
    vertex 7.658819198608398 -6.0791144371032715 0.0
  endloop
endfacet
facet normal 0.0 0.0 0.0
  outer loop
    vertex 7.658819198608398 -6.0791144371032715 0.0
    vertex 7.788909912109375 -5.890635013580322 4.5
    vertex 7.658819198608398 -6.0791144371032715 4.5
  endloop
endfacet
facet normal 0.0 0.0 0.0
  outer loop
    vertex 7.658819198608398 -6.0791144371032715 0.0
    vertex 7.658819198608398 -6.0791144371032715 4.5
    vertex 7.577610015869141 -6.29325532913208 0.0
  endloop
endfacet
facet normal 0.0 0.0 0.0
  outer loop
    vertex 7.577610015869141 -6.29325532913208 0.0
    vertex 7.658819198608398 -6.0791144371032715 4.5
    vertex 7.577610015869141 -6.29325532913208 4.5
  endloop
endfacet
facet normal 0.0 0.0 0.0
  outer loop
    vertex 7.577610015869141 -6.29325532913208 9.0
    vertex 4.528079986572266 -6.04751443862915 9.0
    vertex 7.549999237060547 -6.520604610443115 9.0
  endloop
endfacet
facet normal 0.0 0.0 0.0
  outer loop
    vertex 7.549999237060547 -6.520604610443115 9.0
    vertex 4.528079986572266 -6.04751443862915 9.0
    vertex 4.5 -6.520604610443115 9.0
  endloop
endfacet
facet normal 0.0 0.0 0.0
  outer loop
    vertex 7.549999237060547 -6.520604610443115 9.0
    vertex 4.5 -6.520604610443115 9.0
    vertex 4.528079986572266 -6.99369478225708 9.0
  endloop
endfacet
facet normal 0.0 0.0 0.0
  outer loop
    vertex 7.658819198608398 -6.0791144371032715 9.0
    vertex 4.7503204345703125 -5.1277947425842285 9.0
    vertex 7.577610015869141 -6.29325532913208 9.0
  endloop
endfacet
facet normal 0.0 0.0 0.0
  outer loop
    vertex 7.577610015869141 -6.29325532913208 9.0
    vertex 4.7503204345703125 -5.1277947425842285 9.0
    vertex 4.611909866333008 -5.581064701080322 9.0
  endloop
endfacet
facet normal 0.0 0.0 0.0
  outer loop
    vertex 7.577610015869141 -6.29325532913208 9.0
    vertex 4.611909866333008 -5.581064701080322 9.0
    vertex 4.528079986572266 -6.04751443862915 9.0
  endloop
endfacet
facet normal 0.0 0.0 0.0
  outer loop
    vertex 7.788909912109375 -5.890635013580322 9.0
    vertex 5.182379722595215 -4.286017894744873 9.0
    vertex 7.658819198608398 -6.0791144371032715 9.0
  endloop
endfacet
facet normal 0.0 0.0 0.0
  outer loop
    vertex 7.658819198608398 -6.0791144371032715 9.0
    vertex 5.182379722595215 -4.286017894744873 9.0
    vertex 4.941370010375977 -4.694084644317627 9.0
  endloop
endfacet
facet normal 0.0 0.0 0.0
  outer loop
    vertex 7.658819198608398 -6.0791144371032715 9.0
    vertex 4.941370010375977 -4.694084644317627 9.0
    vertex 4.7503204345703125 -5.1277947425842285 9.0
  endloop
endfacet
facet normal 0.0 0.0 0.0
  outer loop
    vertex 7.96034049987793 -5.73877477645874 9.0
    vertex 5.800069808959961 -3.5692715644836426 9.0
    vertex 7.788909912109375 -5.890635013580322 9.0
  endloop
endfacet
facet normal 0.0 0.0 0.0
  outer loop
    vertex 7.788909912109375 -5.890635013580322 9.0
    vertex 5.800069808959961 -3.5692715644836426 9.0
    vertex 5.4699602127075195 -3.9093165397644043 9.0
  endloop
endfacet
facet normal 0.0 0.0 0.0
  outer loop
    vertex 7.788909912109375 -5.890635013580322 9.0
    vertex 5.4699602127075195 -3.9093165397644043 9.0
    vertex 5.182379722595215 -4.286017894744873 9.0
  endloop
endfacet
facet normal 0.0 0.0 0.0
  outer loop
    vertex 8.163129806518555 -5.632335186004639 9.0
    vertex 6.568829536437988 -3.0176644325256348 9.0
    vertex 7.96034049987793 -5.73877477645874 9.0
  endloop
endfacet
facet normal 0.0 0.0 0.0
  outer loop
    vertex 7.96034049987793 -5.73877477645874 9.0
    vertex 6.568829536437988 -3.0176644325256348 9.0
    vertex 6.1680803298950195 -3.270658016204834 9.0
  endloop
endfacet
facet normal 0.0 0.0 0.0
  outer loop
    vertex 7.96034049987793 -5.73877477645874 9.0
    vertex 6.1680803298950195 -3.270658016204834 9.0
    vertex 5.800069808959961 -3.5692715644836426 9.0
  endloop
endfacet
facet normal 0.0 0.0 0.0
  outer loop
    vertex 8.385490417480469 -5.577535152435303 9.0
    vertex 7.445650100708008 -2.6620631217956543 9.0
    vertex 8.163129806518555 -5.632335186004639 9.0
  endloop
endfacet
facet normal 0.0 0.0 0.0
  outer loop
    vertex 8.163129806518555 -5.632335186004639 9.0
    vertex 7.445650100708008 -2.6620631217956543 9.0
    vertex 6.996689796447754 -2.813847064971924 9.0
  endloop
endfacet
facet normal 0.0 0.0 0.0
  outer loop
    vertex 8.163129806518555 -5.632335186004639 9.0
    vertex 6.996689796447754 -2.813847064971924 9.0
    vertex 6.568829536437988 -3.0176644325256348 9.0
  endloop
endfacet
facet normal 0.0 0.0 0.0
  outer loop
    vertex 8.614509582519531 -5.577535152435303 9.0
    vertex 8.3814697265625 -2.522362232208252 9.0
    vertex 8.385490417480469 -5.577535152435303 9.0
  endloop
endfacet
facet normal 0.0 0.0 0.0
  outer loop
    vertex 8.385490417480469 -5.577535152435303 9.0
    vertex 8.3814697265625 -2.522362232208252 9.0
    vertex 7.90941047668457 -2.564444065093994 9.0
  endloop
endfacet
facet normal 0.0 0.0 0.0
  outer loop
    vertex 8.385490417480469 -5.577535152435303 9.0
    vertex 7.90941047668457 -2.564444065093994 9.0
    vertex 7.445650100708008 -2.6620631217956543 9.0
  endloop
endfacet
facet normal 0.0 0.0 0.0
  outer loop
    vertex 8.836870193481445 -5.632335186004639 9.0
    vertex 9.323909759521484 -2.6063790321350098 9.0
    vertex 8.614509582519531 -5.577535152435303 9.0
  endloop
endfacet
facet normal 0.0 0.0 0.0
  outer loop
    vertex 8.614509582519531 -5.577535152435303 9.0
    vertex 9.323909759521484 -2.6063790321350098 9.0
    vertex 8.855180740356445 -2.5364060401916504 9.0
  endloop
endfacet
facet normal 0.0 0.0 0.0
  outer loop
    vertex 8.614509582519531 -5.577535152435303 9.0
    vertex 8.855180740356445 -2.5364060401916504 9.0
    vertex 8.3814697265625 -2.522362232208252 9.0
  endloop
endfacet
facet normal 0.0 0.0 0.0
  outer loop
    vertex 9.03965950012207 -5.73877477645874 9.0
    vertex 10.220260620117188 -2.9094138145446777 9.0
    vertex 8.836870193481445 -5.632335186004639 9.0
  endloop
endfacet
facet normal 0.0 0.0 0.0
  outer loop
    vertex 8.836870193481445 -5.632335186004639 9.0
    vertex 10.220260620117188 -2.9094138145446777 9.0
    vertex 9.78108024597168 -2.731299877166748 9.0
  endloop
endfacet
facet normal 0.0 0.0 0.0
  outer loop
    vertex 8.836870193481445 -5.632335186004639 9.0
    vertex 9.78108024597168 -2.731299877166748 9.0
    vertex 9.323909759521484 -2.6063790321350098 9.0
  endloop
endfacet
facet normal 0.0 0.0 0.0
  outer loop
    vertex 9.211090087890625 -5.890635013580322 9.0
    vertex 11.020349502563477 -3.4145102500915527 9.0
    vertex 9.03965950012207 -5.73877477645874 9.0
  endloop
endfacet
facet normal 0.0 0.0 0.0
  outer loop
    vertex 9.03965950012207 -5.73877477645874 9.0
    vertex 11.020349502563477 -3.4145102500915527 9.0
    vertex 10.635290145874023 -3.138221263885498 9.0
  endloop
endfacet
facet normal 0.0 0.0 0.0
  outer loop
    vertex 9.03965950012207 -5.73877477645874 9.0
    vertex 10.635290145874023 -3.138221263885498 9.0
    vertex 10.220260620117188 -2.9094138145446777 9.0
  endloop
endfacet
facet normal 0.0 0.0 0.0
  outer loop
    vertex 9.341180801391602 -6.0791144371032715 9.0
    vertex 11.679420471191406 -4.093405246734619 9.0
    vertex 9.211090087890625 -5.890635013580322 9.0
  endloop
endfacet
facet normal 0.0 0.0 0.0
  outer loop
    vertex 9.211090087890625 -5.890635013580322 9.0
    vertex 11.679420471191406 -4.093405246734619 9.0
    vertex 11.37002944946289 -3.734401226043701 9.0
  endloop
endfacet
facet normal 0.0 0.0 0.0
  outer loop
    vertex 9.211090087890625 -5.890635013580322 9.0
    vertex 11.37002944946289 -3.734401226043701 9.0
    vertex 11.020349502563477 -3.4145102500915527 9.0
  endloop
endfacet
facet normal 0.0 0.0 0.0
  outer loop
    vertex 9.42238998413086 -6.29325532913208 9.0
    vertex 12.160579681396484 -4.908114910125732 9.0
    vertex 9.341180801391602 -6.0791144371032715 9.0
  endloop
endfacet
facet normal 0.0 0.0 0.0
  outer loop
    vertex 9.341180801391602 -6.0791144371032715 9.0
    vertex 12.160579681396484 -4.908114910125732 9.0
    vertex 11.944169998168945 -4.486485004425049 9.0
  endloop
endfacet
facet normal 0.0 0.0 0.0
  outer loop
    vertex 9.341180801391602 -6.0791144371032715 9.0
    vertex 11.944169998168945 -4.486485004425049 9.0
    vertex 11.679420471191406 -4.093405246734619 9.0
  endloop
endfacet
facet normal 0.0 0.0 0.0
  outer loop
    vertex 9.450000762939453 -6.520604610443115 9.0
    vertex 12.436920166015625 -5.813045024871826 9.0
    vertex 9.42238998413086 -6.29325532913208 9.0
  endloop
endfacet
facet normal 0.0 0.0 0.0
  outer loop
    vertex 9.42238998413086 -6.29325532913208 9.0
    vertex 12.436920166015625 -5.813045024871826 9.0
    vertex 12.325599670410156 -5.35237455368042 9.0
  endloop
endfacet
facet normal 0.0 0.0 0.0
  outer loop
    vertex 9.42238998413086 -6.29325532913208 9.0
    vertex 12.325599670410156 -5.35237455368042 9.0
    vertex 12.160579681396484 -4.908114910125732 9.0
  endloop
endfacet
facet normal 0.0 0.0 0.0
  outer loop
    vertex 9.42238998413086 -6.747954845428467 9.0
    vertex 12.436920166015625 -7.228165149688721 9.0
    vertex 9.450000762939453 -6.520604610443115 9.0
  endloop
endfacet
facet normal 0.0 0.0 0.0
  outer loop
    vertex 9.450000762939453 -6.520604610443115 9.0
    vertex 12.436920166015625 -7.228165149688721 9.0
    vertex 12.492969512939453 -6.757565021514893 9.0
  endloop
endfacet
facet normal 0.0 0.0 0.0
  outer loop
    vertex 9.450000762939453 -6.520604610443115 9.0
    vertex 12.492969512939453 -6.757565021514893 9.0
    vertex 12.492969512939453 -6.283645153045654 9.0
  endloop
endfacet
facet normal 0.0 0.0 0.0
  outer loop
    vertex 9.341180801391602 -6.962094783782959 9.0
    vertex 12.160579681396484 -8.133094787597656 9.0
    vertex 9.42238998413086 -6.747954845428467 9.0
  endloop
endfacet
facet normal 0.0 0.0 0.0
  outer loop
    vertex 9.42238998413086 -6.747954845428467 9.0
    vertex 12.160579681396484 -8.133094787597656 9.0
    vertex 12.325599670410156 -7.6888346672058105 9.0
  endloop
endfacet
facet normal 0.0 0.0 0.0
  outer loop
    vertex 9.42238998413086 -6.747954845428467 9.0
    vertex 12.325599670410156 -7.6888346672058105 9.0
    vertex 12.436920166015625 -7.228165149688721 9.0
  endloop
endfacet
facet normal 0.0 0.0 0.0
  outer loop
    vertex 12.160579681396484 -8.133094787597656 9.0
    vertex 9.341180801391602 -6.962094783782959 9.0
    vertex 11.944169998168945 -8.554725646972656 9.0
  endloop
endfacet
facet normal 0.0 0.0 0.0
  outer loop
    vertex 11.944169998168945 -8.554725646972656 9.0
    vertex 9.341180801391602 -6.962094783782959 9.0
    vertex 9.211090087890625 -7.150575160980225 9.0
  endloop
endfacet
facet normal 0.0 0.0 0.0
  outer loop
    vertex 11.944169998168945 -8.554725646972656 9.0
    vertex 9.211090087890625 -7.150575160980225 9.0
    vertex 9.03965950012207 -7.30243444442749 9.0
  endloop
endfacet
facet normal 0.0 0.0 0.0
  outer loop
    vertex 8.836870193481445 -7.408874988555908 9.0
    vertex 11.020349502563477 -9.626705169677734 9.0
    vertex 9.03965950012207 -7.30243444442749 9.0
  endloop
endfacet
facet normal 0.0 0.0 0.0
  outer loop
    vertex 9.03965950012207 -7.30243444442749 9.0
    vertex 11.020349502563477 -9.626705169677734 9.0
    vertex 11.37002944946289 -9.306804656982422 9.0
  endloop
endfacet
facet normal 0.0 0.0 0.0
  outer loop
    vertex 9.03965950012207 -7.30243444442749 9.0
    vertex 11.37002944946289 -9.306804656982422 9.0
    vertex 11.679420471191406 -8.947805404663086 9.0
  endloop
endfacet
facet normal 0.0 0.0 0.0
  outer loop
    vertex 8.614509582519531 -7.463675022125244 9.0
    vertex 9.323909759521484 -10.434835433959961 9.0
    vertex 8.836870193481445 -7.408874988555908 9.0
  endloop
endfacet
facet normal 0.0 0.0 0.0
  outer loop
    vertex 8.836870193481445 -7.408874988555908 9.0
    vertex 9.323909759521484 -10.434835433959961 9.0
    vertex 9.78108024597168 -10.309915542602539 9.0
  endloop
endfacet
facet normal 0.0 0.0 0.0
  outer loop
    vertex 8.836870193481445 -7.408874988555908 9.0
    vertex 9.78108024597168 -10.309915542602539 9.0
    vertex 10.220260620117188 -10.131793975830078 9.0
  endloop
endfacet
facet normal 0.0 0.0 0.0
  outer loop
    vertex 8.385490417480469 -7.463675022125244 9.0
    vertex 8.3814697265625 -10.518844604492188 9.0
    vertex 8.614509582519531 -7.463675022125244 9.0
  endloop
endfacet
facet normal 0.0 0.0 0.0
  outer loop
    vertex 8.614509582519531 -7.463675022125244 9.0
    vertex 8.3814697265625 -10.518844604492188 9.0
    vertex 8.855180740356445 -10.504804611206055 9.0
  endloop
endfacet
facet normal 0.0 0.0 0.0
  outer loop
    vertex 8.614509582519531 -7.463675022125244 9.0
    vertex 8.855180740356445 -10.504804611206055 9.0
    vertex 9.323909759521484 -10.434835433959961 9.0
  endloop
endfacet
facet normal 0.0 0.0 0.0
  outer loop
    vertex 8.163129806518555 -7.408874988555908 9.0
    vertex 7.445650100708008 -10.379144668579102 9.0
    vertex 8.385490417480469 -7.463675022125244 9.0
  endloop
endfacet
facet normal 0.0 0.0 0.0
  outer loop
    vertex 8.385490417480469 -7.463675022125244 9.0
    vertex 7.445650100708008 -10.379144668579102 9.0
    vertex 7.90941047668457 -10.476764678955078 9.0
  endloop
endfacet
facet normal 0.0 0.0 0.0
  outer loop
    vertex 8.385490417480469 -7.463675022125244 9.0
    vertex 7.90941047668457 -10.476764678955078 9.0
    vertex 8.3814697265625 -10.518844604492188 9.0
  endloop
endfacet
facet normal 0.0 0.0 0.0
  outer loop
    vertex 7.96034049987793 -7.30243444442749 9.0
    vertex 6.568829536437988 -10.023544311523438 9.0
    vertex 8.163129806518555 -7.408874988555908 9.0
  endloop
endfacet
facet normal 0.0 0.0 0.0
  outer loop
    vertex 8.163129806518555 -7.408874988555908 9.0
    vertex 6.568829536437988 -10.023544311523438 9.0
    vertex 6.996689796447754 -10.227365493774414 9.0
  endloop
endfacet
facet normal 0.0 0.0 0.0
  outer loop
    vertex 8.163129806518555 -7.408874988555908 9.0
    vertex 6.996689796447754 -10.227365493774414 9.0
    vertex 7.445650100708008 -10.379144668579102 9.0
  endloop
endfacet
facet normal 0.0 0.0 0.0
  outer loop
    vertex 7.788909912109375 -7.150575160980225 9.0
    vertex 5.800069808959961 -9.471935272216797 9.0
    vertex 7.96034049987793 -7.30243444442749 9.0
  endloop
endfacet
facet normal 0.0 0.0 0.0
  outer loop
    vertex 7.96034049987793 -7.30243444442749 9.0
    vertex 5.800069808959961 -9.471935272216797 9.0
    vertex 6.1680803298950195 -9.77055549621582 9.0
  endloop
endfacet
facet normal 0.0 0.0 0.0
  outer loop
    vertex 7.96034049987793 -7.30243444442749 9.0
    vertex 6.1680803298950195 -9.77055549621582 9.0
    vertex 6.568829536437988 -10.023544311523438 9.0
  endloop
endfacet
facet normal 0.0 0.0 0.0
  outer loop
    vertex 7.658819198608398 -6.962094783782959 9.0
    vertex 5.182379722595215 -8.755195617675781 9.0
    vertex 7.788909912109375 -7.150575160980225 9.0
  endloop
endfacet
facet normal 0.0 0.0 0.0
  outer loop
    vertex 7.788909912109375 -7.150575160980225 9.0
    vertex 5.182379722595215 -8.755195617675781 9.0
    vertex 5.4699602127075195 -9.131895065307617 9.0
  endloop
endfacet
facet normal 0.0 0.0 0.0
  outer loop
    vertex 7.788909912109375 -7.150575160980225 9.0
    vertex 5.4699602127075195 -9.131895065307617 9.0
    vertex 5.800069808959961 -9.471935272216797 9.0
  endloop
endfacet
facet normal 0.0 0.0 0.0
  outer loop
    vertex 7.577610015869141 -6.747954845428467 9.0
    vertex 4.7503204345703125 -7.913414478302002 9.0
    vertex 7.658819198608398 -6.962094783782959 9.0
  endloop
endfacet
facet normal 0.0 0.0 0.0
  outer loop
    vertex 7.658819198608398 -6.962094783782959 9.0
    vertex 4.7503204345703125 -7.913414478302002 9.0
    vertex 4.941370010375977 -8.347124099731445 9.0
  endloop
endfacet
facet normal 0.0 0.0 0.0
  outer loop
    vertex 7.658819198608398 -6.962094783782959 9.0
    vertex 4.941370010375977 -8.347124099731445 9.0
    vertex 5.182379722595215 -8.755195617675781 9.0
  endloop
endfacet
facet normal 0.0 0.0 0.0
  outer loop
    vertex 7.549999237060547 -6.520604610443115 9.0
    vertex 4.528079986572266 -6.99369478225708 9.0
    vertex 7.577610015869141 -6.747954845428467 9.0
  endloop
endfacet
facet normal 0.0 0.0 0.0
  outer loop
    vertex 7.577610015869141 -6.747954845428467 9.0
    vertex 4.528079986572266 -6.99369478225708 9.0
    vertex 4.611909866333008 -7.460144519805908 9.0
  endloop
endfacet
facet normal 0.0 0.0 0.0
  outer loop
    vertex 7.577610015869141 -6.747954845428467 9.0
    vertex 4.611909866333008 -7.460144519805908 9.0
    vertex 4.7503204345703125 -7.913414478302002 9.0
  endloop
endfacet
facet normal 0.0 0.0 0.0
  outer loop
    vertex 10.220260620117188 -10.131793975830078 9.0
    vertex 10.635290145874023 -9.902984619140625 9.0
    vertex 8.836870193481445 -7.408874988555908 9.0
  endloop
endfacet
facet normal 0.0 0.0 0.0
  outer loop
    vertex 8.836870193481445 -7.408874988555908 9.0
    vertex 10.635290145874023 -9.902984619140625 9.0
    vertex 11.020349502563477 -9.626705169677734 9.0
  endloop
endfacet
facet normal 0.0 0.0 0.0
  outer loop
    vertex 11.679420471191406 -8.947805404663086 9.0
    vertex 11.944169998168945 -8.554725646972656 9.0
    vertex 9.03965950012207 -7.30243444442749 9.0
  endloop
endfacet
facet normal 0.0 0.0 0.0
  outer loop
    vertex 12.492969512939453 -6.283645153045654 9.0
    vertex 12.436920166015625 -5.813045024871826 9.0
    vertex 9.450000762939453 -6.520604610443115 9.0
  endloop
endfacet
facet normal 0.0 0.0 0.0
  outer loop
    vertex 7.577610015869141 -6.747954845428467 0.0
    vertex 0.5 -10.520605087280273 0.0
    vertex 7.549999237060547 -6.520604610443115 0.0
  endloop
endfacet
facet normal 0.0 0.0 0.0
  outer loop
    vertex 7.549999237060547 -6.520604610443115 0.0
    vertex 0.5 -10.520605087280273 0.0
    vertex 0.5 -2.5206046104431152 0.0
  endloop
endfacet
facet normal 0.0 0.0 0.0
  outer loop
    vertex 7.549999237060547 -6.520604610443115 0.0
    vertex 0.5 -2.5206046104431152 0.0
    vertex 7.577610015869141 -6.29325532913208 0.0
  endloop
endfacet
facet normal 0.0 0.0 0.0
  outer loop
    vertex 7.577610015869141 -6.29325532913208 0.0
    vertex 0.5 -2.5206046104431152 0.0
    vertex 7.658819198608398 -6.0791144371032715 0.0
  endloop
endfacet
facet normal 0.0 0.0 0.0
  outer loop
    vertex 7.658819198608398 -6.0791144371032715 0.0
    vertex 0.5 -2.5206046104431152 0.0
    vertex 7.788909912109375 -5.890635013580322 0.0
  endloop
endfacet
facet normal 0.0 0.0 0.0
  outer loop
    vertex 7.788909912109375 -5.890635013580322 0.0
    vertex 0.5 -2.5206046104431152 0.0
    vertex 7.96034049987793 -5.73877477645874 0.0
  endloop
endfacet
facet normal 0.0 0.0 0.0
  outer loop
    vertex 7.96034049987793 -5.73877477645874 0.0
    vertex 0.5 -2.5206046104431152 0.0
    vertex 8.163129806518555 -5.632335186004639 0.0
  endloop
endfacet
facet normal 0.0 0.0 0.0
  outer loop
    vertex 8.163129806518555 -5.632335186004639 0.0
    vertex 0.5 -2.5206046104431152 0.0
    vertex 8.385490417480469 -5.577535152435303 0.0
  endloop
endfacet
facet normal 0.0 0.0 0.0
  outer loop
    vertex 8.385490417480469 -5.577535152435303 0.0
    vertex 0.5 -2.5206046104431152 0.0
    vertex 16.5 -2.5206046104431152 0.0
  endloop
endfacet
facet normal 0.0 0.0 0.0
  outer loop
    vertex 8.385490417480469 -5.577535152435303 0.0
    vertex 16.5 -2.5206046104431152 0.0
    vertex 8.614509582519531 -5.577535152435303 0.0
  endloop
endfacet
facet normal 0.0 0.0 0.0
  outer loop
    vertex 8.614509582519531 -5.577535152435303 0.0
    vertex 16.5 -2.5206046104431152 0.0
    vertex 8.836870193481445 -5.632335186004639 0.0
  endloop
endfacet
facet normal 0.0 0.0 0.0
  outer loop
    vertex 8.836870193481445 -5.632335186004639 0.0
    vertex 16.5 -2.5206046104431152 0.0
    vertex 9.03965950012207 -5.73877477645874 0.0
  endloop
endfacet
facet normal 0.0 0.0 0.0
  outer loop
    vertex 9.03965950012207 -5.73877477645874 0.0
    vertex 16.5 -2.5206046104431152 0.0
    vertex 9.211090087890625 -5.890635013580322 0.0
  endloop
endfacet
facet normal 0.0 0.0 0.0
  outer loop
    vertex 9.211090087890625 -5.890635013580322 0.0
    vertex 16.5 -2.5206046104431152 0.0
    vertex 9.341180801391602 -6.0791144371032715 0.0
  endloop
endfacet
facet normal 0.0 0.0 0.0
  outer loop
    vertex 9.341180801391602 -6.0791144371032715 0.0
    vertex 16.5 -2.5206046104431152 0.0
    vertex 9.42238998413086 -6.29325532913208 0.0
  endloop
endfacet
facet normal 0.0 0.0 0.0
  outer loop
    vertex 9.42238998413086 -6.29325532913208 0.0
    vertex 16.5 -2.5206046104431152 0.0
    vertex 9.450000762939453 -6.520604610443115 0.0
  endloop
endfacet
facet normal 0.0 0.0 0.0
  outer loop
    vertex 9.450000762939453 -6.520604610443115 0.0
    vertex 16.5 -2.5206046104431152 0.0
    vertex 16.5 -10.520605087280273 0.0
  endloop
endfacet
facet normal 0.0 0.0 0.0
  outer loop
    vertex 9.450000762939453 -6.520604610443115 0.0
    vertex 16.5 -10.520605087280273 0.0
    vertex 9.42238998413086 -6.747954845428467 0.0
  endloop
endfacet
facet normal 0.0 0.0 0.0
  outer loop
    vertex 9.42238998413086 -6.747954845428467 0.0
    vertex 16.5 -10.520605087280273 0.0
    vertex 9.341180801391602 -6.962094783782959 0.0
  endloop
endfacet
facet normal 0.0 0.0 0.0
  outer loop
    vertex 9.341180801391602 -6.962094783782959 0.0
    vertex 16.5 -10.520605087280273 0.0
    vertex 9.211090087890625 -7.150575160980225 0.0
  endloop
endfacet
facet normal 0.0 0.0 0.0
  outer loop
    vertex 9.211090087890625 -7.150575160980225 0.0
    vertex 16.5 -10.520605087280273 0.0
    vertex 9.03965950012207 -7.30243444442749 0.0
  endloop
endfacet
facet normal 0.0 0.0 0.0
  outer loop
    vertex 9.03965950012207 -7.30243444442749 0.0
    vertex 16.5 -10.520605087280273 0.0
    vertex 8.836870193481445 -7.408874988555908 0.0
  endloop
endfacet
facet normal 0.0 0.0 0.0
  outer loop
    vertex 8.836870193481445 -7.408874988555908 0.0
    vertex 16.5 -10.520605087280273 0.0
    vertex 8.614509582519531 -7.463675022125244 0.0
  endloop
endfacet
facet normal 0.0 0.0 0.0
  outer loop
    vertex 8.614509582519531 -7.463675022125244 0.0
    vertex 16.5 -10.520605087280273 0.0
    vertex 0.5 -10.520605087280273 0.0
  endloop
endfacet
facet normal 0.0 0.0 0.0
  outer loop
    vertex 8.614509582519531 -7.463675022125244 0.0
    vertex 0.5 -10.520605087280273 0.0
    vertex 8.385490417480469 -7.463675022125244 0.0
  endloop
endfacet
facet normal 0.0 0.0 0.0
  outer loop
    vertex 8.385490417480469 -7.463675022125244 0.0
    vertex 0.5 -10.520605087280273 0.0
    vertex 8.163129806518555 -7.408874988555908 0.0
  endloop
endfacet
facet normal 0.0 0.0 0.0
  outer loop
    vertex 8.163129806518555 -7.408874988555908 0.0
    vertex 0.5 -10.520605087280273 0.0
    vertex 7.96034049987793 -7.30243444442749 0.0
  endloop
endfacet
facet normal 0.0 0.0 0.0
  outer loop
    vertex 7.96034049987793 -7.30243444442749 0.0
    vertex 0.5 -10.520605087280273 0.0
    vertex 7.788909912109375 -7.150575160980225 0.0
  endloop
endfacet
facet normal 0.0 0.0 0.0
  outer loop
    vertex 7.788909912109375 -7.150575160980225 0.0
    vertex 0.5 -10.520605087280273 0.0
    vertex 7.658819198608398 -6.962094783782959 0.0
  endloop
endfacet
facet normal 0.0 0.0 0.0
  outer loop
    vertex 7.658819198608398 -6.962094783782959 0.0
    vertex 0.5 -10.520605087280273 0.0
    vertex 7.577610015869141 -6.747954845428467 0.0
  endloop
endfacet
facet normal 0.0 0.0 0.0
  outer loop
    vertex -16.5 -11.520605087280273 0.0
    vertex -16.5 -19.520605087280273 0.0
    vertex -16.5 -11.520605087280273 2.0
  endloop
endfacet
facet normal 0.0 0.0 0.0
  outer loop
    vertex -16.5 -11.520605087280273 2.0
    vertex -16.5 -19.520605087280273 0.0
    vertex -16.5 -19.520605087280273 2.0
  endloop
endfacet
facet normal 0.0 0.0 0.0
  outer loop
    vertex -16.5 -19.520605087280273 2.0
    vertex -12.493232727050781 -15.28802490234375 2.0
    vertex -16.5 -11.520605087280273 2.0
  endloop
endfacet
facet normal 0.0 0.0 0.0
  outer loop
    vertex -16.5 -11.520605087280273 2.0
    vertex -12.493232727050781 -15.28802490234375 2.0
    vertex -12.439230918884277 -14.826013565063477 2.0
  endloop
endfacet
facet normal 0.0 0.0 0.0
  outer loop
    vertex -16.5 -11.520605087280273 2.0
    vertex -12.439230918884277 -14.826013565063477 2.0
    vertex -12.331957817077637 -14.373394012451172 2.0
  endloop
endfacet
facet normal 0.0 0.0 0.0
  outer loop
    vertex -8.5 -19.520605087280273 2.0
    vertex -8.964371681213379 -19.493555068969727 2.0
    vertex -16.5 -19.520605087280273 2.0
  endloop
endfacet
facet normal 0.0 0.0 0.0
  outer loop
    vertex -16.5 -19.520605087280273 2.0
    vertex -8.964371681213379 -19.493555068969727 2.0
    vertex -9.422463417053223 -19.412784576416016 2.0
  endloop
endfacet
facet normal 0.0 0.0 0.0
  outer loop
    vertex -16.5 -19.520605087280273 2.0
    vertex -9.422463417053223 -19.412784576416016 2.0
    vertex -9.868081092834473 -19.279375076293945 2.0
  endloop
endfacet
facet normal 0.0 0.0 0.0
  outer loop
    vertex -9.868081092834473 -19.279375076293945 2.0
    vertex -10.295196533203125 -19.095134735107422 2.0
    vertex -16.5 -19.520605087280273 2.0
  endloop
endfacet
facet normal 0.0 0.0 0.0
  outer loop
    vertex -16.5 -19.520605087280273 2.0
    vertex -10.295196533203125 -19.095134735107422 2.0
    vertex -10.698036193847656 -18.8625545501709 2.0
  endloop
endfacet
facet normal 0.0 0.0 0.0
  outer loop
    vertex -16.5 -19.520605087280273 2.0
    vertex -10.698036193847656 -18.8625545501709 2.0
    vertex -11.071149826049805 -18.58478355407715 2.0
  endloop
endfacet
facet normal 0.0 0.0 0.0
  outer loop
    vertex -11.071149826049805 -18.58478355407715 2.0
    vertex -11.40949535369873 -18.265573501586914 2.0
    vertex -16.5 -19.520605087280273 2.0
  endloop
endfacet
facet normal 0.0 0.0 0.0
  outer loop
    vertex -16.5 -19.520605087280273 2.0
    vertex -11.40949535369873 -18.265573501586914 2.0
    vertex -11.70849323272705 -17.90923500061035 2.0
  endloop
endfacet
facet normal 0.0 0.0 0.0
  outer loop
    vertex -16.5 -19.520605087280273 2.0
    vertex -11.70849323272705 -17.90923500061035 2.0
    vertex -11.964101791381836 -17.520605087280273 2.0
  endloop
endfacet
facet normal 0.0 0.0 0.0
  outer loop
    vertex -11.964101791381836 -17.520605087280273 2.0
    vertex -12.172863960266113 -17.10492515563965 2.0
    vertex -16.5 -19.520605087280273 2.0
  endloop
endfacet
facet normal 0.0 0.0 0.0
  outer loop
    vertex -16.5 -19.520605087280273 2.0
    vertex -12.172863960266113 -17.10492515563965 2.0
    vertex -12.331957817077637 -16.667814254760742 2.0
  endloop
endfacet
facet normal 0.0 0.0 0.0
  outer loop
    vertex -16.5 -19.520605087280273 2.0
    vertex -12.331957817077637 -16.667814254760742 2.0
    vertex -12.439230918884277 -16.215194702148438 2.0
  endloop
endfacet
facet normal 0.0 0.0 0.0
  outer loop
    vertex -12.439230918884277 -16.215194702148438 2.0
    vertex -12.493232727050781 -15.753185272216797 2.0
    vertex -16.5 -19.520605087280273 2.0
  endloop
endfacet
facet normal 0.0 0.0 0.0
  outer loop
    vertex -16.5 -19.520605087280273 2.0
    vertex -12.493232727050781 -15.753185272216797 2.0
    vertex -12.493232727050781 -15.28802490234375 2.0
  endloop
endfacet
facet normal 0.0 0.0 0.0
  outer loop
    vertex -12.331957817077637 -14.373394012451172 2.0
    vertex -12.172863960266113 -13.936285018920898 2.0
    vertex -16.5 -11.520605087280273 2.0
  endloop
endfacet
facet normal 0.0 0.0 0.0
  outer loop
    vertex -16.5 -11.520605087280273 2.0
    vertex -12.172863960266113 -13.936285018920898 2.0
    vertex -11.964101791381836 -13.520605087280273 2.0
  endloop
endfacet
facet normal 0.0 0.0 0.0
  outer loop
    vertex -16.5 -11.520605087280273 2.0
    vertex -11.964101791381836 -13.520605087280273 2.0
    vertex -11.70849323272705 -13.131975173950195 2.0
  endloop
endfacet
facet normal 0.0 0.0 0.0
  outer loop
    vertex -11.70849323272705 -13.131975173950195 2.0
    vertex -11.40949535369873 -12.775634765625 2.0
    vertex -16.5 -11.520605087280273 2.0
  endloop
endfacet
facet normal 0.0 0.0 0.0
  outer loop
    vertex -16.5 -11.520605087280273 2.0
    vertex -11.40949535369873 -12.775634765625 2.0
    vertex -11.071149826049805 -12.456424713134766 2.0
  endloop
endfacet
facet normal 0.0 0.0 0.0
  outer loop
    vertex -16.5 -11.520605087280273 2.0
    vertex -11.071149826049805 -12.456424713134766 2.0
    vertex -10.698036193847656 -12.178653717041016 2.0
  endloop
endfacet
facet normal 0.0 0.0 0.0
  outer loop
    vertex -10.698036193847656 -12.178653717041016 2.0
    vertex -10.295196533203125 -11.946073532104492 2.0
    vertex -16.5 -11.520605087280273 2.0
  endloop
endfacet
facet normal 0.0 0.0 0.0
  outer loop
    vertex -16.5 -11.520605087280273 2.0
    vertex -10.295196533203125 -11.946073532104492 2.0
    vertex -9.868081092834473 -11.761835098266602 2.0
  endloop
endfacet
facet normal 0.0 0.0 0.0
  outer loop
    vertex -16.5 -11.520605087280273 2.0
    vertex -9.868081092834473 -11.761835098266602 2.0
    vertex -9.422463417053223 -11.628423690795898 2.0
  endloop
endfacet
facet normal 0.0 0.0 0.0
  outer loop
    vertex -9.422463417053223 -11.628423690795898 2.0
    vertex -8.964371681213379 -11.54765510559082 2.0
    vertex -16.5 -11.520605087280273 2.0
  endloop
endfacet
facet normal 0.0 0.0 0.0
  outer loop
    vertex -16.5 -11.520605087280273 2.0
    vertex -8.964371681213379 -11.54765510559082 2.0
    vertex -8.5 -11.520605087280273 2.0
  endloop
endfacet
facet normal 0.0 0.0 0.0
  outer loop
    vertex -12.471923828125 -15.047513961791992 9.0
    vertex -12.493232727050781 -15.28802490234375 2.0
    vertex -12.5 -15.520605087280273 9.0
  endloop
endfacet
facet normal 0.0 0.0 0.0
  outer loop
    vertex -12.5 -15.520605087280273 9.0
    vertex -12.493232727050781 -15.28802490234375 2.0
    vertex -12.493232727050781 -15.753185272216797 2.0
  endloop
endfacet
facet normal 0.0 0.0 0.0
  outer loop
    vertex -12.5 -15.520605087280273 9.0
    vertex -12.493232727050781 -15.753185272216797 2.0
    vertex -12.471923828125 -15.993694305419922 9.0
  endloop
endfacet
facet normal 0.0 0.0 0.0
  outer loop
    vertex -12.471923828125 -15.993694305419922 9.0
    vertex -12.493232727050781 -15.753185272216797 2.0
    vertex -12.439230918884277 -16.215194702148438 2.0
  endloop
endfacet
facet normal 0.0 0.0 0.0
  outer loop
    vertex -12.471923828125 -15.993694305419922 9.0
    vertex -12.439230918884277 -16.215194702148438 2.0
    vertex -12.388092041015625 -16.46014404296875 9.0
  endloop
endfacet
facet normal 0.0 0.0 0.0
  outer loop
    vertex -12.388092041015625 -16.46014404296875 9.0
    vertex -12.439230918884277 -16.215194702148438 2.0
    vertex -12.331957817077637 -16.667814254760742 2.0
  endloop
endfacet
facet normal 0.0 0.0 0.0
  outer loop
    vertex -12.388092041015625 -16.46014404296875 9.0
    vertex -12.331957817077637 -16.667814254760742 2.0
    vertex -12.249679565429688 -16.913414001464844 9.0
  endloop
endfacet
facet normal 0.0 0.0 0.0
  outer loop
    vertex -12.249679565429688 -16.913414001464844 9.0
    vertex -12.331957817077637 -16.667814254760742 2.0
    vertex -12.172863960266113 -17.10492515563965 2.0
  endloop
endfacet
facet normal 0.0 0.0 0.0
  outer loop
    vertex -12.249679565429688 -16.913414001464844 9.0
    vertex -12.172863960266113 -17.10492515563965 2.0
    vertex -12.05862808227539 -17.347124099731445 9.0
  endloop
endfacet
facet normal 0.0 0.0 0.0
  outer loop
    vertex -12.05862808227539 -17.347124099731445 9.0
    vertex -12.172863960266113 -17.10492515563965 2.0
    vertex -11.964101791381836 -17.520605087280273 2.0
  endloop
endfacet
facet normal 0.0 0.0 0.0
  outer loop
    vertex -12.05862808227539 -17.347124099731445 9.0
    vertex -11.964101791381836 -17.520605087280273 2.0
    vertex -11.817623138427734 -17.75519371032715 9.0
  endloop
endfacet
facet normal 0.0 0.0 0.0
  outer loop
    vertex -11.817623138427734 -17.75519371032715 9.0
    vertex -11.964101791381836 -17.520605087280273 2.0
    vertex -11.70849323272705 -17.90923500061035 2.0
  endloop
endfacet
facet normal 0.0 0.0 0.0
  outer loop
    vertex -11.817623138427734 -17.75519371032715 9.0
    vertex -11.70849323272705 -17.90923500061035 2.0
    vertex -11.530044555664062 -18.131895065307617 9.0
  endloop
endfacet
facet normal 0.0 0.0 0.0
  outer loop
    vertex -11.530044555664062 -18.131895065307617 9.0
    vertex -11.70849323272705 -17.90923500061035 2.0
    vertex -11.40949535369873 -18.265573501586914 2.0
  endloop
endfacet
facet normal 0.0 0.0 0.0
  outer loop
    vertex -11.530044555664062 -18.131895065307617 9.0
    vertex -11.40949535369873 -18.265573501586914 2.0
    vertex -11.199932098388672 -18.471935272216797 9.0
  endloop
endfacet
facet normal 0.0 0.0 0.0
  outer loop
    vertex -11.199932098388672 -18.471935272216797 9.0
    vertex -11.40949535369873 -18.265573501586914 2.0
    vertex -11.071149826049805 -18.58478355407715 2.0
  endloop
endfacet
facet normal 0.0 0.0 0.0
  outer loop
    vertex -11.199932098388672 -18.471935272216797 9.0
    vertex -11.071149826049805 -18.58478355407715 2.0
    vertex -10.831917762756348 -18.770553588867188 9.0
  endloop
endfacet
facet normal 0.0 0.0 0.0
  outer loop
    vertex -10.831917762756348 -18.770553588867188 9.0
    vertex -11.071149826049805 -18.58478355407715 2.0
    vertex -10.698036193847656 -18.8625545501709 2.0
  endloop
endfacet
facet normal 0.0 0.0 0.0
  outer loop
    vertex -10.831917762756348 -18.770553588867188 9.0
    vertex -10.698036193847656 -18.8625545501709 2.0
    vertex -10.431169509887695 -19.023544311523438 9.0
  endloop
endfacet
facet normal 0.0 0.0 0.0
  outer loop
    vertex -10.431169509887695 -19.023544311523438 9.0
    vertex -10.698036193847656 -18.8625545501709 2.0
    vertex -10.295196533203125 -19.095134735107422 2.0
  endloop
endfacet
facet normal 0.0 0.0 0.0
  outer loop
    vertex -10.431169509887695 -19.023544311523438 9.0
    vertex -10.295196533203125 -19.095134735107422 2.0
    vertex -10.003310203552246 -19.22736358642578 9.0
  endloop
endfacet
facet normal 0.0 0.0 0.0
  outer loop
    vertex -10.003310203552246 -19.22736358642578 9.0
    vertex -10.295196533203125 -19.095134735107422 2.0
    vertex -9.868081092834473 -19.279375076293945 2.0
  endloop
endfacet
facet normal 0.0 0.0 0.0
  outer loop
    vertex -10.003310203552246 -19.22736358642578 9.0
    vertex -9.868081092834473 -19.279375076293945 2.0
    vertex -9.554348945617676 -19.3791446685791 9.0
  endloop
endfacet
facet normal 0.0 0.0 0.0
  outer loop
    vertex -9.554348945617676 -19.3791446685791 9.0
    vertex -9.868081092834473 -19.279375076293945 2.0
    vertex -9.422463417053223 -19.412784576416016 2.0
  endloop
endfacet
facet normal 0.0 0.0 0.0
  outer loop
    vertex -9.554348945617676 -19.3791446685791 9.0
    vertex -9.422463417053223 -19.412784576416016 2.0
    vertex -9.09058666229248 -19.476764678955078 9.0
  endloop
endfacet
facet normal 0.0 0.0 0.0
  outer loop
    vertex -9.09058666229248 -19.476764678955078 9.0
    vertex -9.422463417053223 -19.412784576416016 2.0
    vertex -8.964371681213379 -19.493555068969727 2.0
  endloop
endfacet
facet normal 0.0 0.0 0.0
  outer loop
    vertex -9.09058666229248 -19.476764678955078 9.0
    vertex -8.964371681213379 -19.493555068969727 2.0
    vertex -8.61853313446045 -19.518844604492188 9.0
  endloop
endfacet
facet normal 0.0 0.0 0.0
  outer loop
    vertex -8.61853313446045 -19.518844604492188 9.0
    vertex -8.964371681213379 -19.493555068969727 2.0
    vertex -8.5 -19.520605087280273 2.0
  endloop
endfacet
facet normal 0.0 0.0 0.0
  outer loop
    vertex -8.61853313446045 -19.518844604492188 9.0
    vertex -8.5 -19.520605087280273 2.0
    vertex -8.144816398620605 -19.504804611206055 9.0
  endloop
endfacet
facet normal 0.0 0.0 0.0
  outer loop
    vertex -8.144816398620605 -19.504804611206055 9.0
    vertex -8.5 -19.520605087280273 2.0
    vertex -8.035628318786621 -19.493555068969727 2.0
  endloop
endfacet
facet normal 0.0 0.0 0.0
  outer loop
    vertex -8.144816398620605 -19.504804611206055 9.0
    vertex -8.035628318786621 -19.493555068969727 2.0
    vertex -7.676085472106934 -19.434833526611328 9.0
  endloop
endfacet
facet normal 0.0 0.0 0.0
  outer loop
    vertex -7.676085472106934 -19.434833526611328 9.0
    vertex -8.035628318786621 -19.493555068969727 2.0
    vertex -7.577536582946777 -19.412784576416016 2.0
  endloop
endfacet
facet normal 0.0 0.0 0.0
  outer loop
    vertex -7.676085472106934 -19.434833526611328 9.0
    vertex -7.577536582946777 -19.412784576416016 2.0
    vertex -7.218920707702637 -19.309913635253906 9.0
  endloop
endfacet
facet normal 0.0 0.0 0.0
  outer loop
    vertex -7.218920707702637 -19.309913635253906 9.0
    vertex -7.577536582946777 -19.412784576416016 2.0
    vertex -7.131918907165527 -19.279375076293945 2.0
  endloop
endfacet
facet normal 0.0 0.0 0.0
  outer loop
    vertex -7.218920707702637 -19.309913635253906 9.0
    vertex -7.131918907165527 -19.279375076293945 2.0
    vertex -6.779738903045654 -19.131793975830078 9.0
  endloop
endfacet
facet normal 0.0 0.0 0.0
  outer loop
    vertex -6.779738903045654 -19.131793975830078 9.0
    vertex -7.131918907165527 -19.279375076293945 2.0
    vertex -6.704802989959717 -19.095134735107422 2.0
  endloop
endfacet
facet normal 0.0 0.0 0.0
  outer loop
    vertex -6.779738903045654 -19.131793975830078 9.0
    vertex -6.704802989959717 -19.095134735107422 2.0
    vertex -6.364706039428711 -18.902984619140625 9.0
  endloop
endfacet
facet normal 0.0 0.0 0.0
  outer loop
    vertex -6.364706039428711 -18.902984619140625 9.0
    vertex -6.704802989959717 -19.095134735107422 2.0
    vertex -6.301963806152344 -18.8625545501709 2.0
  endloop
endfacet
facet normal 0.0 0.0 0.0
  outer loop
    vertex -6.364706039428711 -18.902984619140625 9.0
    vertex -6.301963806152344 -18.8625545501709 2.0
    vertex -5.979649066925049 -18.626705169677734 9.0
  endloop
endfacet
facet normal 0.0 0.0 0.0
  outer loop
    vertex -5.979649066925049 -18.626705169677734 9.0
    vertex -6.301963806152344 -18.8625545501709 2.0
    vertex -5.928850173950195 -18.58478355407715 2.0
  endloop
endfacet
facet normal 0.0 0.0 0.0
  outer loop
    vertex -5.979649066925049 -18.626705169677734 9.0
    vertex -5.928850173950195 -18.58478355407715 2.0
    vertex -5.629971027374268 -18.306804656982422 9.0
  endloop
endfacet
facet normal 0.0 0.0 0.0
  outer loop
    vertex -5.629971027374268 -18.306804656982422 9.0
    vertex -5.928850173950195 -18.58478355407715 2.0
    vertex -5.5905046463012695 -18.265573501586914 2.0
  endloop
endfacet
facet normal 0.0 0.0 0.0
  outer loop
    vertex -5.629971027374268 -18.306804656982422 9.0
    vertex -5.5905046463012695 -18.265573501586914 2.0
    vertex -5.320581912994385 -17.947803497314453 9.0
  endloop
endfacet
facet normal 0.0 0.0 0.0
  outer loop
    vertex -5.320581912994385 -17.947803497314453 9.0
    vertex -5.5905046463012695 -18.265573501586914 2.0
    vertex -5.291506767272949 -17.90923500061035 2.0
  endloop
endfacet
facet normal 0.0 0.0 0.0
  outer loop
    vertex -5.320581912994385 -17.947803497314453 9.0
    vertex -5.291506767272949 -17.90923500061035 2.0
    vertex -5.055826187133789 -17.554723739624023 9.0
  endloop
endfacet
facet normal 0.0 0.0 0.0
  outer loop
    vertex -5.055826187133789 -17.554723739624023 9.0
    vertex -5.291506767272949 -17.90923500061035 2.0
    vertex -5.035898208618164 -17.520605087280273 2.0
  endloop
endfacet
facet normal 0.0 0.0 0.0
  outer loop
    vertex -5.055826187133789 -17.554723739624023 9.0
    vertex -5.035898208618164 -17.520605087280273 2.0
    vertex -4.839417934417725 -17.133094787597656 9.0
  endloop
endfacet
facet normal 0.0 0.0 0.0
  outer loop
    vertex -4.839417934417725 -17.133094787597656 9.0
    vertex -5.035898208618164 -17.520605087280273 2.0
    vertex -4.827136039733887 -17.10492515563965 2.0
  endloop
endfacet
facet normal 0.0 0.0 0.0
  outer loop
    vertex -4.839417934417725 -17.133094787597656 9.0
    vertex -4.827136039733887 -17.10492515563965 2.0
    vertex -4.67439603805542 -16.68883514404297 9.0
  endloop
endfacet
facet normal 0.0 0.0 0.0
  outer loop
    vertex -4.67439603805542 -16.68883514404297 9.0
    vertex -4.827136039733887 -17.10492515563965 2.0
    vertex -4.668042182922363 -16.667814254760742 2.0
  endloop
endfacet
facet normal 0.0 0.0 0.0
  outer loop
    vertex -4.67439603805542 -16.68883514404297 9.0
    vertex -4.668042182922363 -16.667814254760742 2.0
    vertex -4.563077926635742 -16.228164672851562 9.0
  endloop
endfacet
facet normal 0.0 0.0 0.0
  outer loop
    vertex -4.563077926635742 -16.228164672851562 9.0
    vertex -4.668042182922363 -16.667814254760742 2.0
    vertex -4.560769081115723 -16.215194702148438 2.0
  endloop
endfacet
facet normal 0.0 0.0 0.0
  outer loop
    vertex -4.563077926635742 -16.228164672851562 9.0
    vertex -4.560769081115723 -16.215194702148438 2.0
    vertex -4.507024765014648 -15.757564544677734 9.0
  endloop
endfacet
facet normal 0.0 0.0 0.0
  outer loop
    vertex -4.507024765014648 -15.757564544677734 9.0
    vertex -4.560769081115723 -16.215194702148438 2.0
    vertex -4.506767272949219 -15.753185272216797 2.0
  endloop
endfacet
facet normal 0.0 0.0 0.0
  outer loop
    vertex -4.507024765014648 -15.757564544677734 9.0
    vertex -4.506767272949219 -15.753185272216797 2.0
    vertex -4.506767272949219 -15.28802490234375 2.0
  endloop
endfacet
facet normal 0.0 0.0 0.0
  outer loop
    vertex -12.493232727050781 -15.28802490234375 2.0
    vertex -12.471923828125 -15.047513961791992 9.0
    vertex -12.439230918884277 -14.826013565063477 2.0
  endloop
endfacet
facet normal 0.0 0.0 0.0
  outer loop
    vertex -12.439230918884277 -14.826013565063477 2.0
    vertex -12.471923828125 -15.047513961791992 9.0
    vertex -12.388092041015625 -14.581064224243164 9.0
  endloop
endfacet
facet normal 0.0 0.0 0.0
  outer loop
    vertex -12.439230918884277 -14.826013565063477 2.0
    vertex -12.388092041015625 -14.581064224243164 9.0
    vertex -12.331957817077637 -14.373394012451172 2.0
  endloop
endfacet
facet normal 0.0 0.0 0.0
  outer loop
    vertex -12.331957817077637 -14.373394012451172 2.0
    vertex -12.388092041015625 -14.581064224243164 9.0
    vertex -12.249679565429688 -14.12779426574707 9.0
  endloop
endfacet
facet normal 0.0 0.0 0.0
  outer loop
    vertex -12.331957817077637 -14.373394012451172 2.0
    vertex -12.249679565429688 -14.12779426574707 9.0
    vertex -12.172863960266113 -13.936285018920898 2.0
  endloop
endfacet
facet normal 0.0 0.0 0.0
  outer loop
    vertex -12.172863960266113 -13.936285018920898 2.0
    vertex -12.249679565429688 -14.12779426574707 9.0
    vertex -12.05862808227539 -13.694084167480469 9.0
  endloop
endfacet
facet normal 0.0 0.0 0.0
  outer loop
    vertex -12.172863960266113 -13.936285018920898 2.0
    vertex -12.05862808227539 -13.694084167480469 9.0
    vertex -11.964101791381836 -13.520605087280273 2.0
  endloop
endfacet
facet normal 0.0 0.0 0.0
  outer loop
    vertex -11.964101791381836 -13.520605087280273 2.0
    vertex -12.05862808227539 -13.694084167480469 9.0
    vertex -11.817623138427734 -13.286014556884766 9.0
  endloop
endfacet
facet normal 0.0 0.0 0.0
  outer loop
    vertex -11.964101791381836 -13.520605087280273 2.0
    vertex -11.817623138427734 -13.286014556884766 9.0
    vertex -11.70849323272705 -13.131975173950195 2.0
  endloop
endfacet
facet normal 0.0 0.0 0.0
  outer loop
    vertex -11.70849323272705 -13.131975173950195 2.0
    vertex -11.817623138427734 -13.286014556884766 9.0
    vertex -11.530044555664062 -12.90931510925293 9.0
  endloop
endfacet
facet normal 0.0 0.0 0.0
  outer loop
    vertex -11.70849323272705 -13.131975173950195 2.0
    vertex -11.530044555664062 -12.90931510925293 9.0
    vertex -11.40949535369873 -12.775634765625 2.0
  endloop
endfacet
facet normal 0.0 0.0 0.0
  outer loop
    vertex -11.40949535369873 -12.775634765625 2.0
    vertex -11.530044555664062 -12.90931510925293 9.0
    vertex -11.199932098388672 -12.56927490234375 9.0
  endloop
endfacet
facet normal 0.0 0.0 0.0
  outer loop
    vertex -11.40949535369873 -12.775634765625 2.0
    vertex -11.199932098388672 -12.56927490234375 9.0
    vertex -11.071149826049805 -12.456424713134766 2.0
  endloop
endfacet
facet normal 0.0 0.0 0.0
  outer loop
    vertex -11.071149826049805 -12.456424713134766 2.0
    vertex -11.199932098388672 -12.56927490234375 9.0
    vertex -10.831917762756348 -12.270654678344727 9.0
  endloop
endfacet
facet normal 0.0 0.0 0.0
  outer loop
    vertex -11.071149826049805 -12.456424713134766 2.0
    vertex -10.831917762756348 -12.270654678344727 9.0
    vertex -10.698036193847656 -12.178653717041016 2.0
  endloop
endfacet
facet normal 0.0 0.0 0.0
  outer loop
    vertex -10.698036193847656 -12.178653717041016 2.0
    vertex -10.831917762756348 -12.270654678344727 9.0
    vertex -10.431169509887695 -12.017663955688477 9.0
  endloop
endfacet
facet normal 0.0 0.0 0.0
  outer loop
    vertex -10.698036193847656 -12.178653717041016 2.0
    vertex -10.431169509887695 -12.017663955688477 9.0
    vertex -10.295196533203125 -11.946073532104492 2.0
  endloop
endfacet
facet normal 0.0 0.0 0.0
  outer loop
    vertex -10.295196533203125 -11.946073532104492 2.0
    vertex -10.431169509887695 -12.017663955688477 9.0
    vertex -10.003310203552246 -11.813844680786133 9.0
  endloop
endfacet
facet normal 0.0 0.0 0.0
  outer loop
    vertex -10.295196533203125 -11.946073532104492 2.0
    vertex -10.003310203552246 -11.813844680786133 9.0
    vertex -9.868081092834473 -11.761835098266602 2.0
  endloop
endfacet
facet normal 0.0 0.0 0.0
  outer loop
    vertex -9.868081092834473 -11.761835098266602 2.0
    vertex -10.003310203552246 -11.813844680786133 9.0
    vertex -9.554348945617676 -11.662063598632812 9.0
  endloop
endfacet
facet normal 0.0 0.0 0.0
  outer loop
    vertex -9.868081092834473 -11.761835098266602 2.0
    vertex -9.554348945617676 -11.662063598632812 9.0
    vertex -9.422463417053223 -11.628423690795898 2.0
  endloop
endfacet
facet normal 0.0 0.0 0.0
  outer loop
    vertex -9.422463417053223 -11.628423690795898 2.0
    vertex -9.554348945617676 -11.662063598632812 9.0
    vertex -9.09058666229248 -11.564443588256836 9.0
  endloop
endfacet
facet normal 0.0 0.0 0.0
  outer loop
    vertex -9.422463417053223 -11.628423690795898 2.0
    vertex -9.09058666229248 -11.564443588256836 9.0
    vertex -8.964371681213379 -11.54765510559082 2.0
  endloop
endfacet
facet normal 0.0 0.0 0.0
  outer loop
    vertex -8.964371681213379 -11.54765510559082 2.0
    vertex -9.09058666229248 -11.564443588256836 9.0
    vertex -8.61853313446045 -11.522363662719727 9.0
  endloop
endfacet
facet normal 0.0 0.0 0.0
  outer loop
    vertex -8.964371681213379 -11.54765510559082 2.0
    vertex -8.61853313446045 -11.522363662719727 9.0
    vertex -8.5 -11.520605087280273 2.0
  endloop
endfacet
facet normal 0.0 0.0 0.0
  outer loop
    vertex -8.5 -11.520605087280273 2.0
    vertex -8.61853313446045 -11.522363662719727 9.0
    vertex -8.144816398620605 -11.53640365600586 9.0
  endloop
endfacet
facet normal 0.0 0.0 0.0
  outer loop
    vertex -8.5 -11.520605087280273 2.0
    vertex -8.144816398620605 -11.53640365600586 9.0
    vertex -8.035628318786621 -11.54765510559082 2.0
  endloop
endfacet
facet normal 0.0 0.0 0.0
  outer loop
    vertex -8.035628318786621 -11.54765510559082 2.0
    vertex -8.144816398620605 -11.53640365600586 9.0
    vertex -7.676085472106934 -11.606374740600586 9.0
  endloop
endfacet
facet normal 0.0 0.0 0.0
  outer loop
    vertex -8.035628318786621 -11.54765510559082 2.0
    vertex -7.676085472106934 -11.606374740600586 9.0
    vertex -7.577536582946777 -11.628423690795898 2.0
  endloop
endfacet
facet normal 0.0 0.0 0.0
  outer loop
    vertex -7.577536582946777 -11.628423690795898 2.0
    vertex -7.676085472106934 -11.606374740600586 9.0
    vertex -7.218920707702637 -11.731294631958008 9.0
  endloop
endfacet
facet normal 0.0 0.0 0.0
  outer loop
    vertex -7.577536582946777 -11.628423690795898 2.0
    vertex -7.218920707702637 -11.731294631958008 9.0
    vertex -7.131918907165527 -11.761835098266602 2.0
  endloop
endfacet
facet normal 0.0 0.0 0.0
  outer loop
    vertex -7.131918907165527 -11.761835098266602 2.0
    vertex -7.218920707702637 -11.731294631958008 9.0
    vertex -6.779738903045654 -11.909414291381836 9.0
  endloop
endfacet
facet normal 0.0 0.0 0.0
  outer loop
    vertex -7.131918907165527 -11.761835098266602 2.0
    vertex -6.779738903045654 -11.909414291381836 9.0
    vertex -6.704802989959717 -11.946073532104492 2.0
  endloop
endfacet
facet normal 0.0 0.0 0.0
  outer loop
    vertex -6.704802989959717 -11.946073532104492 2.0
    vertex -6.779738903045654 -11.909414291381836 9.0
    vertex -6.364706039428711 -12.138223648071289 9.0
  endloop
endfacet
facet normal 0.0 0.0 0.0
  outer loop
    vertex -6.704802989959717 -11.946073532104492 2.0
    vertex -6.364706039428711 -12.138223648071289 9.0
    vertex -6.301963806152344 -12.178653717041016 2.0
  endloop
endfacet
facet normal 0.0 0.0 0.0
  outer loop
    vertex -6.301963806152344 -12.178653717041016 2.0
    vertex -6.364706039428711 -12.138223648071289 9.0
    vertex -5.979649066925049 -12.414505004882812 9.0
  endloop
endfacet
facet normal 0.0 0.0 0.0
  outer loop
    vertex -6.301963806152344 -12.178653717041016 2.0
    vertex -5.979649066925049 -12.414505004882812 9.0
    vertex -5.928850173950195 -12.456424713134766 2.0
  endloop
endfacet
facet normal 0.0 0.0 0.0
  outer loop
    vertex -5.928850173950195 -12.456424713134766 2.0
    vertex -5.979649066925049 -12.414505004882812 9.0
    vertex -5.629971027374268 -12.734403610229492 9.0
  endloop
endfacet
facet normal 0.0 0.0 0.0
  outer loop
    vertex -5.928850173950195 -12.456424713134766 2.0
    vertex -5.629971027374268 -12.734403610229492 9.0
    vertex -5.5905046463012695 -12.775634765625 2.0
  endloop
endfacet
facet normal 0.0 0.0 0.0
  outer loop
    vertex -5.5905046463012695 -12.775634765625 2.0
    vertex -5.629971027374268 -12.734403610229492 9.0
    vertex -5.320581912994385 -13.093404769897461 9.0
  endloop
endfacet
facet normal 0.0 0.0 0.0
  outer loop
    vertex -5.5905046463012695 -12.775634765625 2.0
    vertex -5.320581912994385 -13.093404769897461 9.0
    vertex -5.291506767272949 -13.131975173950195 2.0
  endloop
endfacet
facet normal 0.0 0.0 0.0
  outer loop
    vertex -5.291506767272949 -13.131975173950195 2.0
    vertex -5.320581912994385 -13.093404769897461 9.0
    vertex -5.055826187133789 -13.48648452758789 9.0
  endloop
endfacet
facet normal 0.0 0.0 0.0
  outer loop
    vertex -5.291506767272949 -13.131975173950195 2.0
    vertex -5.055826187133789 -13.48648452758789 9.0
    vertex -5.035898208618164 -13.520605087280273 2.0
  endloop
endfacet
facet normal 0.0 0.0 0.0
  outer loop
    vertex -5.035898208618164 -13.520605087280273 2.0
    vertex -5.055826187133789 -13.48648452758789 9.0
    vertex -4.839417934417725 -13.908113479614258 9.0
  endloop
endfacet
facet normal 0.0 0.0 0.0
  outer loop
    vertex -5.035898208618164 -13.520605087280273 2.0
    vertex -4.839417934417725 -13.908113479614258 9.0
    vertex -4.827136039733887 -13.936285018920898 2.0
  endloop
endfacet
facet normal 0.0 0.0 0.0
  outer loop
    vertex -4.827136039733887 -13.936285018920898 2.0
    vertex -4.839417934417725 -13.908113479614258 9.0
    vertex -4.67439603805542 -14.352375030517578 9.0
  endloop
endfacet
facet normal 0.0 0.0 0.0
  outer loop
    vertex -4.827136039733887 -13.936285018920898 2.0
    vertex -4.67439603805542 -14.352375030517578 9.0
    vertex -4.668042182922363 -14.373394012451172 2.0
  endloop
endfacet
facet normal 0.0 0.0 0.0
  outer loop
    vertex -4.668042182922363 -14.373394012451172 2.0
    vertex -4.67439603805542 -14.352375030517578 9.0
    vertex -4.563077926635742 -14.813043594360352 9.0
  endloop
endfacet
facet normal 0.0 0.0 0.0
  outer loop
    vertex -4.668042182922363 -14.373394012451172 2.0
    vertex -4.563077926635742 -14.813043594360352 9.0
    vertex -4.560769081115723 -14.826013565063477 2.0
  endloop
endfacet
facet normal 0.0 0.0 0.0
  outer loop
    vertex -4.560769081115723 -14.826013565063477 2.0
    vertex -4.563077926635742 -14.813043594360352 9.0
    vertex -4.507024765014648 -15.28364372253418 9.0
  endloop
endfacet
facet normal 0.0 0.0 0.0
  outer loop
    vertex -4.560769081115723 -14.826013565063477 2.0
    vertex -4.507024765014648 -15.28364372253418 9.0
    vertex -4.506767272949219 -15.28802490234375 2.0
  endloop
endfacet
facet normal 0.0 0.0 0.0
  outer loop
    vertex -4.506767272949219 -15.28802490234375 2.0
    vertex -4.507024765014648 -15.28364372253418 9.0
    vertex -4.507024765014648 -15.757564544677734 9.0
  endloop
endfacet
facet normal 0.0 0.0 0.0
  outer loop
    vertex -0.5 -11.520605087280273 2.0
    vertex -0.5 -11.520605087280273 0.0
    vertex -8.5 -11.520605087280273 2.0
  endloop
endfacet
facet normal 0.0 0.0 0.0
  outer loop
    vertex -8.5 -11.520605087280273 2.0
    vertex -0.5 -11.520605087280273 0.0
    vertex -16.5 -11.520605087280273 0.0
  endloop
endfacet
facet normal 0.0 0.0 0.0
  outer loop
    vertex -8.5 -11.520605087280273 2.0
    vertex -16.5 -11.520605087280273 0.0
    vertex -16.5 -11.520605087280273 2.0
  endloop
endfacet
facet normal 0.0 0.0 0.0
  outer loop
    vertex -0.5 -19.520605087280273 0.0
    vertex -0.5 -11.520605087280273 0.0
    vertex -0.5 -19.520605087280273 2.0
  endloop
endfacet
facet normal 0.0 0.0 0.0
  outer loop
    vertex -0.5 -19.520605087280273 2.0
    vertex -0.5 -11.520605087280273 0.0
    vertex -0.5 -11.520605087280273 2.0
  endloop
endfacet
facet normal 0.0 0.0 0.0
  outer loop
    vertex -16.5 -19.520605087280273 2.0
    vertex -16.5 -19.520605087280273 0.0
    vertex -8.5 -19.520605087280273 2.0
  endloop
endfacet
facet normal 0.0 0.0 0.0
  outer loop
    vertex -8.5 -19.520605087280273 2.0
    vertex -16.5 -19.520605087280273 0.0
    vertex -0.5 -19.520605087280273 0.0
  endloop
endfacet
facet normal 0.0 0.0 0.0
  outer loop
    vertex -8.5 -19.520605087280273 2.0
    vertex -0.5 -19.520605087280273 0.0
    vertex -0.5 -19.520605087280273 2.0
  endloop
endfacet
facet normal 0.0 0.0 0.0
  outer loop
    vertex -8.5 -19.520605087280273 2.0
    vertex -0.5 -19.520605087280273 2.0
    vertex -8.035628318786621 -19.493555068969727 2.0
  endloop
endfacet
facet normal 0.0 0.0 0.0
  outer loop
    vertex -8.035628318786621 -19.493555068969727 2.0
    vertex -0.5 -19.520605087280273 2.0
    vertex -7.577536582946777 -19.412784576416016 2.0
  endloop
endfacet
facet normal 0.0 0.0 0.0
  outer loop
    vertex -7.577536582946777 -19.412784576416016 2.0
    vertex -0.5 -19.520605087280273 2.0
    vertex -7.131918907165527 -19.279375076293945 2.0
  endloop
endfacet
facet normal 0.0 0.0 0.0
  outer loop
    vertex -7.131918907165527 -19.279375076293945 2.0
    vertex -0.5 -19.520605087280273 2.0
    vertex -6.704802989959717 -19.095134735107422 2.0
  endloop
endfacet
facet normal 0.0 0.0 0.0
  outer loop
    vertex -6.704802989959717 -19.095134735107422 2.0
    vertex -0.5 -19.520605087280273 2.0
    vertex -6.301963806152344 -18.8625545501709 2.0
  endloop
endfacet
facet normal 0.0 0.0 0.0
  outer loop
    vertex -6.301963806152344 -18.8625545501709 2.0
    vertex -0.5 -19.520605087280273 2.0
    vertex -5.928850173950195 -18.58478355407715 2.0
  endloop
endfacet
facet normal 0.0 0.0 0.0
  outer loop
    vertex -5.928850173950195 -18.58478355407715 2.0
    vertex -0.5 -19.520605087280273 2.0
    vertex -5.5905046463012695 -18.265573501586914 2.0
  endloop
endfacet
facet normal 0.0 0.0 0.0
  outer loop
    vertex -5.5905046463012695 -18.265573501586914 2.0
    vertex -0.5 -19.520605087280273 2.0
    vertex -5.291506767272949 -17.90923500061035 2.0
  endloop
endfacet
facet normal 0.0 0.0 0.0
  outer loop
    vertex -5.291506767272949 -17.90923500061035 2.0
    vertex -0.5 -19.520605087280273 2.0
    vertex -5.035898208618164 -17.520605087280273 2.0
  endloop
endfacet
facet normal 0.0 0.0 0.0
  outer loop
    vertex -5.035898208618164 -17.520605087280273 2.0
    vertex -0.5 -19.520605087280273 2.0
    vertex -4.827136039733887 -17.10492515563965 2.0
  endloop
endfacet
facet normal 0.0 0.0 0.0
  outer loop
    vertex -4.827136039733887 -17.10492515563965 2.0
    vertex -0.5 -19.520605087280273 2.0
    vertex -4.668042182922363 -16.667814254760742 2.0
  endloop
endfacet
facet normal 0.0 0.0 0.0
  outer loop
    vertex -4.668042182922363 -16.667814254760742 2.0
    vertex -0.5 -19.520605087280273 2.0
    vertex -4.560769081115723 -16.215194702148438 2.0
  endloop
endfacet
facet normal 0.0 0.0 0.0
  outer loop
    vertex -4.560769081115723 -16.215194702148438 2.0
    vertex -0.5 -19.520605087280273 2.0
    vertex -4.506767272949219 -15.753185272216797 2.0
  endloop
endfacet
facet normal 0.0 0.0 0.0
  outer loop
    vertex -4.506767272949219 -15.753185272216797 2.0
    vertex -0.5 -19.520605087280273 2.0
    vertex -4.506767272949219 -15.28802490234375 2.0
  endloop
endfacet
facet normal 0.0 0.0 0.0
  outer loop
    vertex -4.506767272949219 -15.28802490234375 2.0
    vertex -0.5 -19.520605087280273 2.0
    vertex -0.5 -11.520605087280273 2.0
  endloop
endfacet
facet normal 0.0 0.0 0.0
  outer loop
    vertex -4.506767272949219 -15.28802490234375 2.0
    vertex -0.5 -11.520605087280273 2.0
    vertex -4.560769081115723 -14.826013565063477 2.0
  endloop
endfacet
facet normal 0.0 0.0 0.0
  outer loop
    vertex -4.560769081115723 -14.826013565063477 2.0
    vertex -0.5 -11.520605087280273 2.0
    vertex -4.668042182922363 -14.373394012451172 2.0
  endloop
endfacet
facet normal 0.0 0.0 0.0
  outer loop
    vertex -4.668042182922363 -14.373394012451172 2.0
    vertex -0.5 -11.520605087280273 2.0
    vertex -4.827136039733887 -13.936285018920898 2.0
  endloop
endfacet
facet normal 0.0 0.0 0.0
  outer loop
    vertex -4.827136039733887 -13.936285018920898 2.0
    vertex -0.5 -11.520605087280273 2.0
    vertex -5.035898208618164 -13.520605087280273 2.0
  endloop
endfacet
facet normal 0.0 0.0 0.0
  outer loop
    vertex -5.035898208618164 -13.520605087280273 2.0
    vertex -0.5 -11.520605087280273 2.0
    vertex -5.291506767272949 -13.131975173950195 2.0
  endloop
endfacet
facet normal 0.0 0.0 0.0
  outer loop
    vertex -5.291506767272949 -13.131975173950195 2.0
    vertex -0.5 -11.520605087280273 2.0
    vertex -5.5905046463012695 -12.775634765625 2.0
  endloop
endfacet
facet normal 0.0 0.0 0.0
  outer loop
    vertex -5.5905046463012695 -12.775634765625 2.0
    vertex -0.5 -11.520605087280273 2.0
    vertex -5.928850173950195 -12.456424713134766 2.0
  endloop
endfacet
facet normal 0.0 0.0 0.0
  outer loop
    vertex -5.928850173950195 -12.456424713134766 2.0
    vertex -0.5 -11.520605087280273 2.0
    vertex -6.301963806152344 -12.178653717041016 2.0
  endloop
endfacet
facet normal 0.0 0.0 0.0
  outer loop
    vertex -6.301963806152344 -12.178653717041016 2.0
    vertex -0.5 -11.520605087280273 2.0
    vertex -6.704802989959717 -11.946073532104492 2.0
  endloop
endfacet
facet normal 0.0 0.0 0.0
  outer loop
    vertex -6.704802989959717 -11.946073532104492 2.0
    vertex -0.5 -11.520605087280273 2.0
    vertex -7.131918907165527 -11.761835098266602 2.0
  endloop
endfacet
facet normal 0.0 0.0 0.0
  outer loop
    vertex -7.131918907165527 -11.761835098266602 2.0
    vertex -0.5 -11.520605087280273 2.0
    vertex -7.577536582946777 -11.628423690795898 2.0
  endloop
endfacet
facet normal 0.0 0.0 0.0
  outer loop
    vertex -7.577536582946777 -11.628423690795898 2.0
    vertex -0.5 -11.520605087280273 2.0
    vertex -8.035628318786621 -11.54765510559082 2.0
  endloop
endfacet
facet normal 0.0 0.0 0.0
  outer loop
    vertex -8.035628318786621 -11.54765510559082 2.0
    vertex -0.5 -11.520605087280273 2.0
    vertex -8.5 -11.520605087280273 2.0
  endloop
endfacet
facet normal 0.0 0.0 0.0
  outer loop
    vertex -9.422394752502441 -15.747955322265625 9.0
    vertex -9.422394752502441 -15.747955322265625 4.5
    vertex -9.449999809265137 -15.520605087280273 9.0
  endloop
endfacet
facet normal 0.0 0.0 0.0
  outer loop
    vertex -9.449999809265137 -15.520605087280273 9.0
    vertex -9.422394752502441 -15.747955322265625 4.5
    vertex -9.449999809265137 -15.520605087280273 4.5
  endloop
endfacet
facet normal 0.0 0.0 0.0
  outer loop
    vertex -9.449999809265137 -15.520605087280273 9.0
    vertex -9.449999809265137 -15.520605087280273 4.5
    vertex -9.422394752502441 -15.293254852294922 9.0
  endloop
endfacet
facet normal 0.0 0.0 0.0
  outer loop
    vertex -9.422394752502441 -15.293254852294922 9.0
    vertex -9.449999809265137 -15.520605087280273 4.5
    vertex -9.422394752502441 -15.293254852294922 4.5
  endloop
endfacet
facet normal 0.0 0.0 0.0
  outer loop
    vertex -9.422394752502441 -15.293254852294922 9.0
    vertex -9.422394752502441 -15.293254852294922 4.5
    vertex -9.341182708740234 -15.07911491394043 9.0
  endloop
endfacet
facet normal 0.0 0.0 0.0
  outer loop
    vertex -9.341182708740234 -15.07911491394043 9.0
    vertex -9.422394752502441 -15.293254852294922 4.5
    vertex -9.341182708740234 -15.07911491394043 4.5
  endloop
endfacet
facet normal 0.0 0.0 0.0
  outer loop
    vertex -9.341182708740234 -15.07911491394043 9.0
    vertex -9.341182708740234 -15.07911491394043 4.5
    vertex -9.211085319519043 -14.890634536743164 9.0
  endloop
endfacet
facet normal 0.0 0.0 0.0
  outer loop
    vertex -9.211085319519043 -14.890634536743164 9.0
    vertex -9.341182708740234 -15.07911491394043 4.5
    vertex -9.211085319519043 -14.890634536743164 4.5
  endloop
endfacet
facet normal 0.0 0.0 0.0
  outer loop
    vertex -9.211085319519043 -14.890634536743164 9.0
    vertex -9.211085319519043 -14.890634536743164 4.5
    vertex -9.039661407470703 -14.738775253295898 9.0
  endloop
endfacet
facet normal 0.0 0.0 0.0
  outer loop
    vertex -9.039661407470703 -14.738775253295898 9.0
    vertex -9.211085319519043 -14.890634536743164 4.5
    vertex -9.039661407470703 -14.738775253295898 4.5
  endloop
endfacet
facet normal 0.0 0.0 0.0
  outer loop
    vertex -9.039661407470703 -14.738775253295898 9.0
    vertex -9.039661407470703 -14.738775253295898 4.5
    vertex -8.836874961853027 -14.632333755493164 9.0
  endloop
endfacet
facet normal 0.0 0.0 0.0
  outer loop
    vertex -8.836874961853027 -14.632333755493164 9.0
    vertex -9.039661407470703 -14.738775253295898 4.5
    vertex -8.836874961853027 -14.632333755493164 4.5
  endloop
endfacet
facet normal 0.0 0.0 0.0
  outer loop
    vertex -8.836874961853027 -14.632333755493164 9.0
    vertex -8.836874961853027 -14.632333755493164 4.5
    vertex -8.614509582519531 -14.577533721923828 9.0
  endloop
endfacet
facet normal 0.0 0.0 0.0
  outer loop
    vertex -8.614509582519531 -14.577533721923828 9.0
    vertex -8.836874961853027 -14.632333755493164 4.5
    vertex -8.614509582519531 -14.577533721923828 4.5
  endloop
endfacet
facet normal 0.0 0.0 0.0
  outer loop
    vertex -8.614509582519531 -14.577533721923828 9.0
    vertex -8.614509582519531 -14.577533721923828 4.5
    vertex -8.385490417480469 -14.577533721923828 9.0
  endloop
endfacet
facet normal 0.0 0.0 0.0
  outer loop
    vertex -8.385490417480469 -14.577533721923828 9.0
    vertex -8.614509582519531 -14.577533721923828 4.5
    vertex -8.385490417480469 -14.577533721923828 4.5
  endloop
endfacet
facet normal 0.0 0.0 0.0
  outer loop
    vertex -8.385490417480469 -14.577533721923828 9.0
    vertex -8.385490417480469 -14.577533721923828 4.5
    vertex -8.163125038146973 -14.632333755493164 9.0
  endloop
endfacet
facet normal 0.0 0.0 0.0
  outer loop
    vertex -8.163125038146973 -14.632333755493164 9.0
    vertex -8.385490417480469 -14.577533721923828 4.5
    vertex -8.163125038146973 -14.632333755493164 4.5
  endloop
endfacet
facet normal 0.0 0.0 0.0
  outer loop
    vertex -8.163125038146973 -14.632333755493164 9.0
    vertex -8.163125038146973 -14.632333755493164 4.5
    vertex -7.960338592529297 -14.738775253295898 9.0
  endloop
endfacet
facet normal 0.0 0.0 0.0
  outer loop
    vertex -7.960338592529297 -14.738775253295898 9.0
    vertex -8.163125038146973 -14.632333755493164 4.5
    vertex -7.960338592529297 -14.738775253295898 4.5
  endloop
endfacet
facet normal 0.0 0.0 0.0
  outer loop
    vertex -7.960338592529297 -14.738775253295898 9.0
    vertex -7.960338592529297 -14.738775253295898 4.5
    vertex -7.788914680480957 -14.890634536743164 9.0
  endloop
endfacet
facet normal 0.0 0.0 0.0
  outer loop
    vertex -7.788914680480957 -14.890634536743164 9.0
    vertex -7.960338592529297 -14.738775253295898 4.5
    vertex -7.788914680480957 -14.890634536743164 4.5
  endloop
endfacet
facet normal 0.0 0.0 0.0
  outer loop
    vertex -7.788914680480957 -14.890634536743164 9.0
    vertex -7.788914680480957 -14.890634536743164 4.5
    vertex -7.658816814422607 -15.07911491394043 9.0
  endloop
endfacet
facet normal 0.0 0.0 0.0
  outer loop
    vertex -7.658816814422607 -15.07911491394043 9.0
    vertex -7.788914680480957 -14.890634536743164 4.5
    vertex -7.658816814422607 -15.07911491394043 4.5
  endloop
endfacet
facet normal 0.0 0.0 0.0
  outer loop
    vertex -7.658816814422607 -15.07911491394043 9.0
    vertex -7.658816814422607 -15.07911491394043 4.5
    vertex -7.577605247497559 -15.293254852294922 9.0
  endloop
endfacet
facet normal 0.0 0.0 0.0
  outer loop
    vertex -7.577605247497559 -15.293254852294922 9.0
    vertex -7.658816814422607 -15.07911491394043 4.5
    vertex -7.577605247497559 -15.293254852294922 4.5
  endloop
endfacet
facet normal 0.0 0.0 0.0
  outer loop
    vertex -7.577605247497559 -15.293254852294922 9.0
    vertex -7.577605247497559 -15.293254852294922 4.5
    vertex -7.550000190734863 -15.520605087280273 9.0
  endloop
endfacet
facet normal 0.0 0.0 0.0
  outer loop
    vertex -7.550000190734863 -15.520605087280273 9.0
    vertex -7.577605247497559 -15.293254852294922 4.5
    vertex -7.550000190734863 -15.520605087280273 4.5
  endloop
endfacet
facet normal 0.0 0.0 0.0
  outer loop
    vertex -7.550000190734863 -15.520605087280273 9.0
    vertex -7.550000190734863 -15.520605087280273 4.5
    vertex -7.577605247497559 -15.747955322265625 9.0
  endloop
endfacet
facet normal 0.0 0.0 0.0
  outer loop
    vertex -7.577605247497559 -15.747955322265625 9.0
    vertex -7.550000190734863 -15.520605087280273 4.5
    vertex -7.577605247497559 -15.747955322265625 4.5
  endloop
endfacet
facet normal 0.0 0.0 0.0
  outer loop
    vertex -7.577605247497559 -15.747955322265625 9.0
    vertex -7.577605247497559 -15.747955322265625 4.5
    vertex -7.658816814422607 -15.962095260620117 9.0
  endloop
endfacet
facet normal 0.0 0.0 0.0
  outer loop
    vertex -7.658816814422607 -15.962095260620117 9.0
    vertex -7.577605247497559 -15.747955322265625 4.5
    vertex -7.658816814422607 -15.962095260620117 4.5
  endloop
endfacet
facet normal 0.0 0.0 0.0
  outer loop
    vertex -7.658816814422607 -15.962095260620117 9.0
    vertex -7.658816814422607 -15.962095260620117 4.5
    vertex -7.788914680480957 -16.15057373046875 9.0
  endloop
endfacet
facet normal 0.0 0.0 0.0
  outer loop
    vertex -7.788914680480957 -16.15057373046875 9.0
    vertex -7.658816814422607 -15.962095260620117 4.5
    vertex -7.788914680480957 -16.15057373046875 4.5
  endloop
endfacet
facet normal 0.0 0.0 0.0
  outer loop
    vertex -7.788914680480957 -16.15057373046875 9.0
    vertex -7.788914680480957 -16.15057373046875 4.5
    vertex -7.960338592529297 -16.30243492126465 9.0
  endloop
endfacet
facet normal 0.0 0.0 0.0
  outer loop
    vertex -7.960338592529297 -16.30243492126465 9.0
    vertex -7.788914680480957 -16.15057373046875 4.5
    vertex -7.960338592529297 -16.30243492126465 4.5
  endloop
endfacet
facet normal 0.0 0.0 0.0
  outer loop
    vertex -7.960338592529297 -16.30243492126465 9.0
    vertex -7.960338592529297 -16.30243492126465 4.5
    vertex -8.163125038146973 -16.40887451171875 9.0
  endloop
endfacet
facet normal 0.0 0.0 0.0
  outer loop
    vertex -8.163125038146973 -16.40887451171875 9.0
    vertex -7.960338592529297 -16.30243492126465 4.5
    vertex -8.163125038146973 -16.40887451171875 4.5
  endloop
endfacet
facet normal 0.0 0.0 0.0
  outer loop
    vertex -8.163125038146973 -16.40887451171875 9.0
    vertex -8.163125038146973 -16.40887451171875 4.5
    vertex -8.385490417480469 -16.463674545288086 9.0
  endloop
endfacet
facet normal 0.0 0.0 0.0
  outer loop
    vertex -8.385490417480469 -16.463674545288086 9.0
    vertex -8.163125038146973 -16.40887451171875 4.5
    vertex -8.385490417480469 -16.463674545288086 4.5
  endloop
endfacet
facet normal 0.0 0.0 0.0
  outer loop
    vertex -8.385490417480469 -16.463674545288086 9.0
    vertex -8.385490417480469 -16.463674545288086 4.5
    vertex -8.614509582519531 -16.463674545288086 9.0
  endloop
endfacet
facet normal 0.0 0.0 0.0
  outer loop
    vertex -8.614509582519531 -16.463674545288086 9.0
    vertex -8.385490417480469 -16.463674545288086 4.5
    vertex -8.614509582519531 -16.463674545288086 4.5
  endloop
endfacet
facet normal 0.0 0.0 0.0
  outer loop
    vertex -8.614509582519531 -16.463674545288086 9.0
    vertex -8.614509582519531 -16.463674545288086 4.5
    vertex -8.836874961853027 -16.40887451171875 9.0
  endloop
endfacet
facet normal 0.0 0.0 0.0
  outer loop
    vertex -8.836874961853027 -16.40887451171875 9.0
    vertex -8.614509582519531 -16.463674545288086 4.5
    vertex -8.836874961853027 -16.40887451171875 4.5
  endloop
endfacet
facet normal 0.0 0.0 0.0
  outer loop
    vertex -8.836874961853027 -16.40887451171875 9.0
    vertex -8.836874961853027 -16.40887451171875 4.5
    vertex -9.039661407470703 -16.30243492126465 9.0
  endloop
endfacet
facet normal 0.0 0.0 0.0
  outer loop
    vertex -9.039661407470703 -16.30243492126465 9.0
    vertex -8.836874961853027 -16.40887451171875 4.5
    vertex -9.039661407470703 -16.30243492126465 4.5
  endloop
endfacet
facet normal 0.0 0.0 0.0
  outer loop
    vertex -9.039661407470703 -16.30243492126465 9.0
    vertex -9.039661407470703 -16.30243492126465 4.5
    vertex -9.211085319519043 -16.15057373046875 9.0
  endloop
endfacet
facet normal 0.0 0.0 0.0
  outer loop
    vertex -9.211085319519043 -16.15057373046875 9.0
    vertex -9.039661407470703 -16.30243492126465 4.5
    vertex -9.211085319519043 -16.15057373046875 4.5
  endloop
endfacet
facet normal 0.0 0.0 0.0
  outer loop
    vertex -9.211085319519043 -16.15057373046875 9.0
    vertex -9.211085319519043 -16.15057373046875 4.5
    vertex -9.341182708740234 -15.962095260620117 9.0
  endloop
endfacet
facet normal 0.0 0.0 0.0
  outer loop
    vertex -9.341182708740234 -15.962095260620117 9.0
    vertex -9.211085319519043 -16.15057373046875 4.5
    vertex -9.341182708740234 -15.962095260620117 4.5
  endloop
endfacet
facet normal 0.0 0.0 0.0
  outer loop
    vertex -9.341182708740234 -15.962095260620117 9.0
    vertex -9.341182708740234 -15.962095260620117 4.5
    vertex -9.422394752502441 -15.747955322265625 9.0
  endloop
endfacet
facet normal 0.0 0.0 0.0
  outer loop
    vertex -9.422394752502441 -15.747955322265625 9.0
    vertex -9.341182708740234 -15.962095260620117 4.5
    vertex -9.422394752502441 -15.747955322265625 4.5
  endloop
endfacet
facet normal 0.0 0.0 0.0
  outer loop
    vertex -9.422394752502441 -15.293254852294922 0.0
    vertex -9.422394752502441 -15.293254852294922 4.5
    vertex -9.449999809265137 -15.520605087280273 0.0
  endloop
endfacet
facet normal 0.0 0.0 0.0
  outer loop
    vertex -9.449999809265137 -15.520605087280273 0.0
    vertex -9.422394752502441 -15.293254852294922 4.5
    vertex -9.449999809265137 -15.520605087280273 4.5
  endloop
endfacet
facet normal 0.0 0.0 0.0
  outer loop
    vertex -9.449999809265137 -15.520605087280273 0.0
    vertex -9.449999809265137 -15.520605087280273 4.5
    vertex -9.422394752502441 -15.747955322265625 0.0
  endloop
endfacet
facet normal 0.0 0.0 0.0
  outer loop
    vertex -9.422394752502441 -15.747955322265625 0.0
    vertex -9.449999809265137 -15.520605087280273 4.5
    vertex -9.422394752502441 -15.747955322265625 4.5
  endloop
endfacet
facet normal 0.0 0.0 0.0
  outer loop
    vertex -9.422394752502441 -15.747955322265625 0.0
    vertex -9.422394752502441 -15.747955322265625 4.5
    vertex -9.341182708740234 -15.962095260620117 0.0
  endloop
endfacet
facet normal 0.0 0.0 0.0
  outer loop
    vertex -9.341182708740234 -15.962095260620117 0.0
    vertex -9.422394752502441 -15.747955322265625 4.5
    vertex -9.341182708740234 -15.962095260620117 4.5
  endloop
endfacet
facet normal 0.0 0.0 0.0
  outer loop
    vertex -9.341182708740234 -15.962095260620117 0.0
    vertex -9.341182708740234 -15.962095260620117 4.5
    vertex -9.211085319519043 -16.15057373046875 0.0
  endloop
endfacet
facet normal 0.0 0.0 0.0
  outer loop
    vertex -9.211085319519043 -16.15057373046875 0.0
    vertex -9.341182708740234 -15.962095260620117 4.5
    vertex -9.211085319519043 -16.15057373046875 4.5
  endloop
endfacet
facet normal 0.0 0.0 0.0
  outer loop
    vertex -9.211085319519043 -16.15057373046875 0.0
    vertex -9.211085319519043 -16.15057373046875 4.5
    vertex -9.039661407470703 -16.30243492126465 0.0
  endloop
endfacet
facet normal 0.0 0.0 0.0
  outer loop
    vertex -9.039661407470703 -16.30243492126465 0.0
    vertex -9.211085319519043 -16.15057373046875 4.5
    vertex -9.039661407470703 -16.30243492126465 4.5
  endloop
endfacet
facet normal 0.0 0.0 0.0
  outer loop
    vertex -9.039661407470703 -16.30243492126465 0.0
    vertex -9.039661407470703 -16.30243492126465 4.5
    vertex -8.836874961853027 -16.40887451171875 0.0
  endloop
endfacet
facet normal 0.0 0.0 0.0
  outer loop
    vertex -8.836874961853027 -16.40887451171875 0.0
    vertex -9.039661407470703 -16.30243492126465 4.5
    vertex -8.836874961853027 -16.40887451171875 4.5
  endloop
endfacet
facet normal 0.0 0.0 0.0
  outer loop
    vertex -8.836874961853027 -16.40887451171875 0.0
    vertex -8.836874961853027 -16.40887451171875 4.5
    vertex -8.614509582519531 -16.463674545288086 0.0
  endloop
endfacet
facet normal 0.0 0.0 0.0
  outer loop
    vertex -8.614509582519531 -16.463674545288086 0.0
    vertex -8.836874961853027 -16.40887451171875 4.5
    vertex -8.614509582519531 -16.463674545288086 4.5
  endloop
endfacet
facet normal 0.0 0.0 0.0
  outer loop
    vertex -8.614509582519531 -16.463674545288086 0.0
    vertex -8.614509582519531 -16.463674545288086 4.5
    vertex -8.385490417480469 -16.463674545288086 0.0
  endloop
endfacet
facet normal 0.0 0.0 0.0
  outer loop
    vertex -8.385490417480469 -16.463674545288086 0.0
    vertex -8.614509582519531 -16.463674545288086 4.5
    vertex -8.385490417480469 -16.463674545288086 4.5
  endloop
endfacet
facet normal 0.0 0.0 0.0
  outer loop
    vertex -8.385490417480469 -16.463674545288086 0.0
    vertex -8.385490417480469 -16.463674545288086 4.5
    vertex -8.163125038146973 -16.40887451171875 0.0
  endloop
endfacet
facet normal 0.0 0.0 0.0
  outer loop
    vertex -8.163125038146973 -16.40887451171875 0.0
    vertex -8.385490417480469 -16.463674545288086 4.5
    vertex -8.163125038146973 -16.40887451171875 4.5
  endloop
endfacet
facet normal 0.0 0.0 0.0
  outer loop
    vertex -8.163125038146973 -16.40887451171875 0.0
    vertex -8.163125038146973 -16.40887451171875 4.5
    vertex -7.960338592529297 -16.30243492126465 0.0
  endloop
endfacet
facet normal 0.0 0.0 0.0
  outer loop
    vertex -7.960338592529297 -16.30243492126465 0.0
    vertex -8.163125038146973 -16.40887451171875 4.5
    vertex -7.960338592529297 -16.30243492126465 4.5
  endloop
endfacet
facet normal 0.0 0.0 0.0
  outer loop
    vertex -7.960338592529297 -16.30243492126465 0.0
    vertex -7.960338592529297 -16.30243492126465 4.5
    vertex -7.788914680480957 -16.15057373046875 0.0
  endloop
endfacet
facet normal 0.0 0.0 0.0
  outer loop
    vertex -7.788914680480957 -16.15057373046875 0.0
    vertex -7.960338592529297 -16.30243492126465 4.5
    vertex -7.788914680480957 -16.15057373046875 4.5
  endloop
endfacet
facet normal 0.0 0.0 0.0
  outer loop
    vertex -7.788914680480957 -16.15057373046875 0.0
    vertex -7.788914680480957 -16.15057373046875 4.5
    vertex -7.658816814422607 -15.962095260620117 0.0
  endloop
endfacet
facet normal 0.0 0.0 0.0
  outer loop
    vertex -7.658816814422607 -15.962095260620117 0.0
    vertex -7.788914680480957 -16.15057373046875 4.5
    vertex -7.658816814422607 -15.962095260620117 4.5
  endloop
endfacet
facet normal 0.0 0.0 0.0
  outer loop
    vertex -7.658816814422607 -15.962095260620117 0.0
    vertex -7.658816814422607 -15.962095260620117 4.5
    vertex -7.577605247497559 -15.747955322265625 0.0
  endloop
endfacet
facet normal 0.0 0.0 0.0
  outer loop
    vertex -7.577605247497559 -15.747955322265625 0.0
    vertex -7.658816814422607 -15.962095260620117 4.5
    vertex -7.577605247497559 -15.747955322265625 4.5
  endloop
endfacet
facet normal 0.0 0.0 0.0
  outer loop
    vertex -7.577605247497559 -15.747955322265625 0.0
    vertex -7.577605247497559 -15.747955322265625 4.5
    vertex -7.550000190734863 -15.520605087280273 0.0
  endloop
endfacet
facet normal 0.0 0.0 0.0
  outer loop
    vertex -7.550000190734863 -15.520605087280273 0.0
    vertex -7.577605247497559 -15.747955322265625 4.5
    vertex -7.550000190734863 -15.520605087280273 4.5
  endloop
endfacet
facet normal 0.0 0.0 0.0
  outer loop
    vertex -7.550000190734863 -15.520605087280273 0.0
    vertex -7.550000190734863 -15.520605087280273 4.5
    vertex -7.577605247497559 -15.293254852294922 0.0
  endloop
endfacet
facet normal 0.0 0.0 0.0
  outer loop
    vertex -7.577605247497559 -15.293254852294922 0.0
    vertex -7.550000190734863 -15.520605087280273 4.5
    vertex -7.577605247497559 -15.293254852294922 4.5
  endloop
endfacet
facet normal 0.0 0.0 0.0
  outer loop
    vertex -7.577605247497559 -15.293254852294922 0.0
    vertex -7.577605247497559 -15.293254852294922 4.5
    vertex -7.658816814422607 -15.07911491394043 0.0
  endloop
endfacet
facet normal 0.0 0.0 0.0
  outer loop
    vertex -7.658816814422607 -15.07911491394043 0.0
    vertex -7.577605247497559 -15.293254852294922 4.5
    vertex -7.658816814422607 -15.07911491394043 4.5
  endloop
endfacet
facet normal 0.0 0.0 0.0
  outer loop
    vertex -7.658816814422607 -15.07911491394043 0.0
    vertex -7.658816814422607 -15.07911491394043 4.5
    vertex -7.788914680480957 -14.890634536743164 0.0
  endloop
endfacet
facet normal 0.0 0.0 0.0
  outer loop
    vertex -7.788914680480957 -14.890634536743164 0.0
    vertex -7.658816814422607 -15.07911491394043 4.5
    vertex -7.788914680480957 -14.890634536743164 4.5
  endloop
endfacet
facet normal 0.0 0.0 0.0
  outer loop
    vertex -7.788914680480957 -14.890634536743164 0.0
    vertex -7.788914680480957 -14.890634536743164 4.5
    vertex -7.960338592529297 -14.738775253295898 0.0
  endloop
endfacet
facet normal 0.0 0.0 0.0
  outer loop
    vertex -7.960338592529297 -14.738775253295898 0.0
    vertex -7.788914680480957 -14.890634536743164 4.5
    vertex -7.960338592529297 -14.738775253295898 4.5
  endloop
endfacet
facet normal 0.0 0.0 0.0
  outer loop
    vertex -7.960338592529297 -14.738775253295898 0.0
    vertex -7.960338592529297 -14.738775253295898 4.5
    vertex -8.163125038146973 -14.632333755493164 0.0
  endloop
endfacet
facet normal 0.0 0.0 0.0
  outer loop
    vertex -8.163125038146973 -14.632333755493164 0.0
    vertex -7.960338592529297 -14.738775253295898 4.5
    vertex -8.163125038146973 -14.632333755493164 4.5
  endloop
endfacet
facet normal 0.0 0.0 0.0
  outer loop
    vertex -8.163125038146973 -14.632333755493164 0.0
    vertex -8.163125038146973 -14.632333755493164 4.5
    vertex -8.385490417480469 -14.577533721923828 0.0
  endloop
endfacet
facet normal 0.0 0.0 0.0
  outer loop
    vertex -8.385490417480469 -14.577533721923828 0.0
    vertex -8.163125038146973 -14.632333755493164 4.5
    vertex -8.385490417480469 -14.577533721923828 4.5
  endloop
endfacet
facet normal 0.0 0.0 0.0
  outer loop
    vertex -8.385490417480469 -14.577533721923828 0.0
    vertex -8.385490417480469 -14.577533721923828 4.5
    vertex -8.614509582519531 -14.577533721923828 0.0
  endloop
endfacet
facet normal 0.0 0.0 0.0
  outer loop
    vertex -8.614509582519531 -14.577533721923828 0.0
    vertex -8.385490417480469 -14.577533721923828 4.5
    vertex -8.614509582519531 -14.577533721923828 4.5
  endloop
endfacet
facet normal 0.0 0.0 0.0
  outer loop
    vertex -8.614509582519531 -14.577533721923828 0.0
    vertex -8.614509582519531 -14.577533721923828 4.5
    vertex -8.836874961853027 -14.632333755493164 0.0
  endloop
endfacet
facet normal 0.0 0.0 0.0
  outer loop
    vertex -8.836874961853027 -14.632333755493164 0.0
    vertex -8.614509582519531 -14.577533721923828 4.5
    vertex -8.836874961853027 -14.632333755493164 4.5
  endloop
endfacet
facet normal 0.0 0.0 0.0
  outer loop
    vertex -8.836874961853027 -14.632333755493164 0.0
    vertex -8.836874961853027 -14.632333755493164 4.5
    vertex -9.039661407470703 -14.738775253295898 0.0
  endloop
endfacet
facet normal 0.0 0.0 0.0
  outer loop
    vertex -9.039661407470703 -14.738775253295898 0.0
    vertex -8.836874961853027 -14.632333755493164 4.5
    vertex -9.039661407470703 -14.738775253295898 4.5
  endloop
endfacet
facet normal 0.0 0.0 0.0
  outer loop
    vertex -9.039661407470703 -14.738775253295898 0.0
    vertex -9.039661407470703 -14.738775253295898 4.5
    vertex -9.211085319519043 -14.890634536743164 0.0
  endloop
endfacet
facet normal 0.0 0.0 0.0
  outer loop
    vertex -9.211085319519043 -14.890634536743164 0.0
    vertex -9.039661407470703 -14.738775253295898 4.5
    vertex -9.211085319519043 -14.890634536743164 4.5
  endloop
endfacet
facet normal 0.0 0.0 0.0
  outer loop
    vertex -9.211085319519043 -14.890634536743164 0.0
    vertex -9.211085319519043 -14.890634536743164 4.5
    vertex -9.341182708740234 -15.07911491394043 0.0
  endloop
endfacet
facet normal 0.0 0.0 0.0
  outer loop
    vertex -9.341182708740234 -15.07911491394043 0.0
    vertex -9.211085319519043 -14.890634536743164 4.5
    vertex -9.341182708740234 -15.07911491394043 4.5
  endloop
endfacet
facet normal 0.0 0.0 0.0
  outer loop
    vertex -9.341182708740234 -15.07911491394043 0.0
    vertex -9.341182708740234 -15.07911491394043 4.5
    vertex -9.422394752502441 -15.293254852294922 0.0
  endloop
endfacet
facet normal 0.0 0.0 0.0
  outer loop
    vertex -9.422394752502441 -15.293254852294922 0.0
    vertex -9.341182708740234 -15.07911491394043 4.5
    vertex -9.422394752502441 -15.293254852294922 4.5
  endloop
endfacet
facet normal 0.0 0.0 0.0
  outer loop
    vertex -9.422394752502441 -15.293254852294922 9.0
    vertex -12.471923828125 -15.047513961791992 9.0
    vertex -9.449999809265137 -15.520605087280273 9.0
  endloop
endfacet
facet normal 0.0 0.0 0.0
  outer loop
    vertex -9.449999809265137 -15.520605087280273 9.0
    vertex -12.471923828125 -15.047513961791992 9.0
    vertex -12.5 -15.520605087280273 9.0
  endloop
endfacet
facet normal 0.0 0.0 0.0
  outer loop
    vertex -9.449999809265137 -15.520605087280273 9.0
    vertex -12.5 -15.520605087280273 9.0
    vertex -12.471923828125 -15.993694305419922 9.0
  endloop
endfacet
facet normal 0.0 0.0 0.0
  outer loop
    vertex -9.341182708740234 -15.07911491394043 9.0
    vertex -12.249679565429688 -14.12779426574707 9.0
    vertex -9.422394752502441 -15.293254852294922 9.0
  endloop
endfacet
facet normal 0.0 0.0 0.0
  outer loop
    vertex -9.422394752502441 -15.293254852294922 9.0
    vertex -12.249679565429688 -14.12779426574707 9.0
    vertex -12.388092041015625 -14.581064224243164 9.0
  endloop
endfacet
facet normal 0.0 0.0 0.0
  outer loop
    vertex -9.422394752502441 -15.293254852294922 9.0
    vertex -12.388092041015625 -14.581064224243164 9.0
    vertex -12.471923828125 -15.047513961791992 9.0
  endloop
endfacet
facet normal 0.0 0.0 0.0
  outer loop
    vertex -9.211085319519043 -14.890634536743164 9.0
    vertex -11.817623138427734 -13.286014556884766 9.0
    vertex -9.341182708740234 -15.07911491394043 9.0
  endloop
endfacet
facet normal 0.0 0.0 0.0
  outer loop
    vertex -9.341182708740234 -15.07911491394043 9.0
    vertex -11.817623138427734 -13.286014556884766 9.0
    vertex -12.05862808227539 -13.694084167480469 9.0
  endloop
endfacet
facet normal 0.0 0.0 0.0
  outer loop
    vertex -9.341182708740234 -15.07911491394043 9.0
    vertex -12.05862808227539 -13.694084167480469 9.0
    vertex -12.249679565429688 -14.12779426574707 9.0
  endloop
endfacet
facet normal 0.0 0.0 0.0
  outer loop
    vertex -9.039661407470703 -14.738775253295898 9.0
    vertex -11.199932098388672 -12.56927490234375 9.0
    vertex -9.211085319519043 -14.890634536743164 9.0
  endloop
endfacet
facet normal 0.0 0.0 0.0
  outer loop
    vertex -9.211085319519043 -14.890634536743164 9.0
    vertex -11.199932098388672 -12.56927490234375 9.0
    vertex -11.530044555664062 -12.90931510925293 9.0
  endloop
endfacet
facet normal 0.0 0.0 0.0
  outer loop
    vertex -9.211085319519043 -14.890634536743164 9.0
    vertex -11.530044555664062 -12.90931510925293 9.0
    vertex -11.817623138427734 -13.286014556884766 9.0
  endloop
endfacet
facet normal 0.0 0.0 0.0
  outer loop
    vertex -8.836874961853027 -14.632333755493164 9.0
    vertex -10.431169509887695 -12.017663955688477 9.0
    vertex -9.039661407470703 -14.738775253295898 9.0
  endloop
endfacet
facet normal 0.0 0.0 0.0
  outer loop
    vertex -9.039661407470703 -14.738775253295898 9.0
    vertex -10.431169509887695 -12.017663955688477 9.0
    vertex -10.831917762756348 -12.270654678344727 9.0
  endloop
endfacet
facet normal 0.0 0.0 0.0
  outer loop
    vertex -9.039661407470703 -14.738775253295898 9.0
    vertex -10.831917762756348 -12.270654678344727 9.0
    vertex -11.199932098388672 -12.56927490234375 9.0
  endloop
endfacet
facet normal 0.0 0.0 0.0
  outer loop
    vertex -8.614509582519531 -14.577533721923828 9.0
    vertex -9.554348945617676 -11.662063598632812 9.0
    vertex -8.836874961853027 -14.632333755493164 9.0
  endloop
endfacet
facet normal 0.0 0.0 0.0
  outer loop
    vertex -8.836874961853027 -14.632333755493164 9.0
    vertex -9.554348945617676 -11.662063598632812 9.0
    vertex -10.003310203552246 -11.813844680786133 9.0
  endloop
endfacet
facet normal 0.0 0.0 0.0
  outer loop
    vertex -8.836874961853027 -14.632333755493164 9.0
    vertex -10.003310203552246 -11.813844680786133 9.0
    vertex -10.431169509887695 -12.017663955688477 9.0
  endloop
endfacet
facet normal 0.0 0.0 0.0
  outer loop
    vertex -8.385490417480469 -14.577533721923828 9.0
    vertex -8.61853313446045 -11.522363662719727 9.0
    vertex -8.614509582519531 -14.577533721923828 9.0
  endloop
endfacet
facet normal 0.0 0.0 0.0
  outer loop
    vertex -8.614509582519531 -14.577533721923828 9.0
    vertex -8.61853313446045 -11.522363662719727 9.0
    vertex -9.09058666229248 -11.564443588256836 9.0
  endloop
endfacet
facet normal 0.0 0.0 0.0
  outer loop
    vertex -8.614509582519531 -14.577533721923828 9.0
    vertex -9.09058666229248 -11.564443588256836 9.0
    vertex -9.554348945617676 -11.662063598632812 9.0
  endloop
endfacet
facet normal 0.0 0.0 0.0
  outer loop
    vertex -8.163125038146973 -14.632333755493164 9.0
    vertex -7.676085472106934 -11.606374740600586 9.0
    vertex -8.385490417480469 -14.577533721923828 9.0
  endloop
endfacet
facet normal 0.0 0.0 0.0
  outer loop
    vertex -8.385490417480469 -14.577533721923828 9.0
    vertex -7.676085472106934 -11.606374740600586 9.0
    vertex -8.144816398620605 -11.53640365600586 9.0
  endloop
endfacet
facet normal 0.0 0.0 0.0
  outer loop
    vertex -8.385490417480469 -14.577533721923828 9.0
    vertex -8.144816398620605 -11.53640365600586 9.0
    vertex -8.61853313446045 -11.522363662719727 9.0
  endloop
endfacet
facet normal 0.0 0.0 0.0
  outer loop
    vertex -7.960338592529297 -14.738775253295898 9.0
    vertex -6.779738903045654 -11.909414291381836 9.0
    vertex -8.163125038146973 -14.632333755493164 9.0
  endloop
endfacet
facet normal 0.0 0.0 0.0
  outer loop
    vertex -8.163125038146973 -14.632333755493164 9.0
    vertex -6.779738903045654 -11.909414291381836 9.0
    vertex -7.218920707702637 -11.731294631958008 9.0
  endloop
endfacet
facet normal 0.0 0.0 0.0
  outer loop
    vertex -8.163125038146973 -14.632333755493164 9.0
    vertex -7.218920707702637 -11.731294631958008 9.0
    vertex -7.676085472106934 -11.606374740600586 9.0
  endloop
endfacet
facet normal 0.0 0.0 0.0
  outer loop
    vertex -7.788914680480957 -14.890634536743164 9.0
    vertex -5.979649066925049 -12.414505004882812 9.0
    vertex -7.960338592529297 -14.738775253295898 9.0
  endloop
endfacet
facet normal 0.0 0.0 0.0
  outer loop
    vertex -7.960338592529297 -14.738775253295898 9.0
    vertex -5.979649066925049 -12.414505004882812 9.0
    vertex -6.364706039428711 -12.138223648071289 9.0
  endloop
endfacet
facet normal 0.0 0.0 0.0
  outer loop
    vertex -7.960338592529297 -14.738775253295898 9.0
    vertex -6.364706039428711 -12.138223648071289 9.0
    vertex -6.779738903045654 -11.909414291381836 9.0
  endloop
endfacet
facet normal 0.0 0.0 0.0
  outer loop
    vertex -7.658816814422607 -15.07911491394043 9.0
    vertex -5.320581912994385 -13.093404769897461 9.0
    vertex -7.788914680480957 -14.890634536743164 9.0
  endloop
endfacet
facet normal 0.0 0.0 0.0
  outer loop
    vertex -7.788914680480957 -14.890634536743164 9.0
    vertex -5.320581912994385 -13.093404769897461 9.0
    vertex -5.629971027374268 -12.734403610229492 9.0
  endloop
endfacet
facet normal 0.0 0.0 0.0
  outer loop
    vertex -7.788914680480957 -14.890634536743164 9.0
    vertex -5.629971027374268 -12.734403610229492 9.0
    vertex -5.979649066925049 -12.414505004882812 9.0
  endloop
endfacet
facet normal 0.0 0.0 0.0
  outer loop
    vertex -7.577605247497559 -15.293254852294922 9.0
    vertex -4.839417934417725 -13.908113479614258 9.0
    vertex -7.658816814422607 -15.07911491394043 9.0
  endloop
endfacet
facet normal 0.0 0.0 0.0
  outer loop
    vertex -7.658816814422607 -15.07911491394043 9.0
    vertex -4.839417934417725 -13.908113479614258 9.0
    vertex -5.055826187133789 -13.48648452758789 9.0
  endloop
endfacet
facet normal 0.0 0.0 0.0
  outer loop
    vertex -7.658816814422607 -15.07911491394043 9.0
    vertex -5.055826187133789 -13.48648452758789 9.0
    vertex -5.320581912994385 -13.093404769897461 9.0
  endloop
endfacet
facet normal 0.0 0.0 0.0
  outer loop
    vertex -7.550000190734863 -15.520605087280273 9.0
    vertex -4.563077926635742 -14.813043594360352 9.0
    vertex -7.577605247497559 -15.293254852294922 9.0
  endloop
endfacet
facet normal 0.0 0.0 0.0
  outer loop
    vertex -7.577605247497559 -15.293254852294922 9.0
    vertex -4.563077926635742 -14.813043594360352 9.0
    vertex -4.67439603805542 -14.352375030517578 9.0
  endloop
endfacet
facet normal 0.0 0.0 0.0
  outer loop
    vertex -7.577605247497559 -15.293254852294922 9.0
    vertex -4.67439603805542 -14.352375030517578 9.0
    vertex -4.839417934417725 -13.908113479614258 9.0
  endloop
endfacet
facet normal 0.0 0.0 0.0
  outer loop
    vertex -7.577605247497559 -15.747955322265625 9.0
    vertex -4.563077926635742 -16.228164672851562 9.0
    vertex -7.550000190734863 -15.520605087280273 9.0
  endloop
endfacet
facet normal 0.0 0.0 0.0
  outer loop
    vertex -7.550000190734863 -15.520605087280273 9.0
    vertex -4.563077926635742 -16.228164672851562 9.0
    vertex -4.507024765014648 -15.757564544677734 9.0
  endloop
endfacet
facet normal 0.0 0.0 0.0
  outer loop
    vertex -7.550000190734863 -15.520605087280273 9.0
    vertex -4.507024765014648 -15.757564544677734 9.0
    vertex -4.507024765014648 -15.28364372253418 9.0
  endloop
endfacet
facet normal 0.0 0.0 0.0
  outer loop
    vertex -7.658816814422607 -15.962095260620117 9.0
    vertex -4.839417934417725 -17.133094787597656 9.0
    vertex -7.577605247497559 -15.747955322265625 9.0
  endloop
endfacet
facet normal 0.0 0.0 0.0
  outer loop
    vertex -7.577605247497559 -15.747955322265625 9.0
    vertex -4.839417934417725 -17.133094787597656 9.0
    vertex -4.67439603805542 -16.68883514404297 9.0
  endloop
endfacet
facet normal 0.0 0.0 0.0
  outer loop
    vertex -7.577605247497559 -15.747955322265625 9.0
    vertex -4.67439603805542 -16.68883514404297 9.0
    vertex -4.563077926635742 -16.228164672851562 9.0
  endloop
endfacet
facet normal 0.0 0.0 0.0
  outer loop
    vertex -4.839417934417725 -17.133094787597656 9.0
    vertex -7.658816814422607 -15.962095260620117 9.0
    vertex -5.055826187133789 -17.554723739624023 9.0
  endloop
endfacet
facet normal 0.0 0.0 0.0
  outer loop
    vertex -5.055826187133789 -17.554723739624023 9.0
    vertex -7.658816814422607 -15.962095260620117 9.0
    vertex -7.788914680480957 -16.15057373046875 9.0
  endloop
endfacet
facet normal 0.0 0.0 0.0
  outer loop
    vertex -5.055826187133789 -17.554723739624023 9.0
    vertex -7.788914680480957 -16.15057373046875 9.0
    vertex -7.960338592529297 -16.30243492126465 9.0
  endloop
endfacet
facet normal 0.0 0.0 0.0
  outer loop
    vertex -8.163125038146973 -16.40887451171875 9.0
    vertex -5.979649066925049 -18.626705169677734 9.0
    vertex -7.960338592529297 -16.30243492126465 9.0
  endloop
endfacet
facet normal 0.0 0.0 0.0
  outer loop
    vertex -7.960338592529297 -16.30243492126465 9.0
    vertex -5.979649066925049 -18.626705169677734 9.0
    vertex -5.629971027374268 -18.306804656982422 9.0
  endloop
endfacet
facet normal 0.0 0.0 0.0
  outer loop
    vertex -7.960338592529297 -16.30243492126465 9.0
    vertex -5.629971027374268 -18.306804656982422 9.0
    vertex -5.320581912994385 -17.947803497314453 9.0
  endloop
endfacet
facet normal 0.0 0.0 0.0
  outer loop
    vertex -8.385490417480469 -16.463674545288086 9.0
    vertex -7.676085472106934 -19.434833526611328 9.0
    vertex -8.163125038146973 -16.40887451171875 9.0
  endloop
endfacet
facet normal 0.0 0.0 0.0
  outer loop
    vertex -8.163125038146973 -16.40887451171875 9.0
    vertex -7.676085472106934 -19.434833526611328 9.0
    vertex -7.218920707702637 -19.309913635253906 9.0
  endloop
endfacet
facet normal 0.0 0.0 0.0
  outer loop
    vertex -8.163125038146973 -16.40887451171875 9.0
    vertex -7.218920707702637 -19.309913635253906 9.0
    vertex -6.779738903045654 -19.131793975830078 9.0
  endloop
endfacet
facet normal 0.0 0.0 0.0
  outer loop
    vertex -8.614509582519531 -16.463674545288086 9.0
    vertex -8.61853313446045 -19.518844604492188 9.0
    vertex -8.385490417480469 -16.463674545288086 9.0
  endloop
endfacet
facet normal 0.0 0.0 0.0
  outer loop
    vertex -8.385490417480469 -16.463674545288086 9.0
    vertex -8.61853313446045 -19.518844604492188 9.0
    vertex -8.144816398620605 -19.504804611206055 9.0
  endloop
endfacet
facet normal 0.0 0.0 0.0
  outer loop
    vertex -8.385490417480469 -16.463674545288086 9.0
    vertex -8.144816398620605 -19.504804611206055 9.0
    vertex -7.676085472106934 -19.434833526611328 9.0
  endloop
endfacet
facet normal 0.0 0.0 0.0
  outer loop
    vertex -8.836874961853027 -16.40887451171875 9.0
    vertex -9.554348945617676 -19.3791446685791 9.0
    vertex -8.614509582519531 -16.463674545288086 9.0
  endloop
endfacet
facet normal 0.0 0.0 0.0
  outer loop
    vertex -8.614509582519531 -16.463674545288086 9.0
    vertex -9.554348945617676 -19.3791446685791 9.0
    vertex -9.09058666229248 -19.476764678955078 9.0
  endloop
endfacet
facet normal 0.0 0.0 0.0
  outer loop
    vertex -8.614509582519531 -16.463674545288086 9.0
    vertex -9.09058666229248 -19.476764678955078 9.0
    vertex -8.61853313446045 -19.518844604492188 9.0
  endloop
endfacet
facet normal 0.0 0.0 0.0
  outer loop
    vertex -9.039661407470703 -16.30243492126465 9.0
    vertex -10.431169509887695 -19.023544311523438 9.0
    vertex -8.836874961853027 -16.40887451171875 9.0
  endloop
endfacet
facet normal 0.0 0.0 0.0
  outer loop
    vertex -8.836874961853027 -16.40887451171875 9.0
    vertex -10.431169509887695 -19.023544311523438 9.0
    vertex -10.003310203552246 -19.22736358642578 9.0
  endloop
endfacet
facet normal 0.0 0.0 0.0
  outer loop
    vertex -8.836874961853027 -16.40887451171875 9.0
    vertex -10.003310203552246 -19.22736358642578 9.0
    vertex -9.554348945617676 -19.3791446685791 9.0
  endloop
endfacet
facet normal 0.0 0.0 0.0
  outer loop
    vertex -9.211085319519043 -16.15057373046875 9.0
    vertex -11.199932098388672 -18.471935272216797 9.0
    vertex -9.039661407470703 -16.30243492126465 9.0
  endloop
endfacet
facet normal 0.0 0.0 0.0
  outer loop
    vertex -9.039661407470703 -16.30243492126465 9.0
    vertex -11.199932098388672 -18.471935272216797 9.0
    vertex -10.831917762756348 -18.770553588867188 9.0
  endloop
endfacet
facet normal 0.0 0.0 0.0
  outer loop
    vertex -9.039661407470703 -16.30243492126465 9.0
    vertex -10.831917762756348 -18.770553588867188 9.0
    vertex -10.431169509887695 -19.023544311523438 9.0
  endloop
endfacet
facet normal 0.0 0.0 0.0
  outer loop
    vertex -9.341182708740234 -15.962095260620117 9.0
    vertex -11.817623138427734 -17.75519371032715 9.0
    vertex -9.211085319519043 -16.15057373046875 9.0
  endloop
endfacet
facet normal 0.0 0.0 0.0
  outer loop
    vertex -9.211085319519043 -16.15057373046875 9.0
    vertex -11.817623138427734 -17.75519371032715 9.0
    vertex -11.530044555664062 -18.131895065307617 9.0
  endloop
endfacet
facet normal 0.0 0.0 0.0
  outer loop
    vertex -9.211085319519043 -16.15057373046875 9.0
    vertex -11.530044555664062 -18.131895065307617 9.0
    vertex -11.199932098388672 -18.471935272216797 9.0
  endloop
endfacet
facet normal 0.0 0.0 0.0
  outer loop
    vertex -9.422394752502441 -15.747955322265625 9.0
    vertex -12.249679565429688 -16.913414001464844 9.0
    vertex -9.341182708740234 -15.962095260620117 9.0
  endloop
endfacet
facet normal 0.0 0.0 0.0
  outer loop
    vertex -9.341182708740234 -15.962095260620117 9.0
    vertex -12.249679565429688 -16.913414001464844 9.0
    vertex -12.05862808227539 -17.347124099731445 9.0
  endloop
endfacet
facet normal 0.0 0.0 0.0
  outer loop
    vertex -9.341182708740234 -15.962095260620117 9.0
    vertex -12.05862808227539 -17.347124099731445 9.0
    vertex -11.817623138427734 -17.75519371032715 9.0
  endloop
endfacet
facet normal 0.0 0.0 0.0
  outer loop
    vertex -9.449999809265137 -15.520605087280273 9.0
    vertex -12.471923828125 -15.993694305419922 9.0
    vertex -9.422394752502441 -15.747955322265625 9.0
  endloop
endfacet
facet normal 0.0 0.0 0.0
  outer loop
    vertex -9.422394752502441 -15.747955322265625 9.0
    vertex -12.471923828125 -15.993694305419922 9.0
    vertex -12.388092041015625 -16.46014404296875 9.0
  endloop
endfacet
facet normal 0.0 0.0 0.0
  outer loop
    vertex -9.422394752502441 -15.747955322265625 9.0
    vertex -12.388092041015625 -16.46014404296875 9.0
    vertex -12.249679565429688 -16.913414001464844 9.0
  endloop
endfacet
facet normal 0.0 0.0 0.0
  outer loop
    vertex -6.779738903045654 -19.131793975830078 9.0
    vertex -6.364706039428711 -18.902984619140625 9.0
    vertex -8.163125038146973 -16.40887451171875 9.0
  endloop
endfacet
facet normal 0.0 0.0 0.0
  outer loop
    vertex -8.163125038146973 -16.40887451171875 9.0
    vertex -6.364706039428711 -18.902984619140625 9.0
    vertex -5.979649066925049 -18.626705169677734 9.0
  endloop
endfacet
facet normal 0.0 0.0 0.0
  outer loop
    vertex -5.320581912994385 -17.947803497314453 9.0
    vertex -5.055826187133789 -17.554723739624023 9.0
    vertex -7.960338592529297 -16.30243492126465 9.0
  endloop
endfacet
facet normal 0.0 0.0 0.0
  outer loop
    vertex -4.507024765014648 -15.28364372253418 9.0
    vertex -4.563077926635742 -14.813043594360352 9.0
    vertex -7.550000190734863 -15.520605087280273 9.0
  endloop
endfacet
facet normal 0.0 0.0 0.0
  outer loop
    vertex -9.422394752502441 -15.747955322265625 0.0
    vertex -16.5 -19.520605087280273 0.0
    vertex -9.449999809265137 -15.520605087280273 0.0
  endloop
endfacet
facet normal 0.0 0.0 0.0
  outer loop
    vertex -9.449999809265137 -15.520605087280273 0.0
    vertex -16.5 -19.520605087280273 0.0
    vertex -16.5 -11.520605087280273 0.0
  endloop
endfacet
facet normal 0.0 0.0 0.0
  outer loop
    vertex -9.449999809265137 -15.520605087280273 0.0
    vertex -16.5 -11.520605087280273 0.0
    vertex -9.422394752502441 -15.293254852294922 0.0
  endloop
endfacet
facet normal 0.0 0.0 0.0
  outer loop
    vertex -9.422394752502441 -15.293254852294922 0.0
    vertex -16.5 -11.520605087280273 0.0
    vertex -9.341182708740234 -15.07911491394043 0.0
  endloop
endfacet
facet normal 0.0 0.0 0.0
  outer loop
    vertex -9.341182708740234 -15.07911491394043 0.0
    vertex -16.5 -11.520605087280273 0.0
    vertex -9.211085319519043 -14.890634536743164 0.0
  endloop
endfacet
facet normal 0.0 0.0 0.0
  outer loop
    vertex -9.211085319519043 -14.890634536743164 0.0
    vertex -16.5 -11.520605087280273 0.0
    vertex -9.039661407470703 -14.738775253295898 0.0
  endloop
endfacet
facet normal 0.0 0.0 0.0
  outer loop
    vertex -9.039661407470703 -14.738775253295898 0.0
    vertex -16.5 -11.520605087280273 0.0
    vertex -8.836874961853027 -14.632333755493164 0.0
  endloop
endfacet
facet normal 0.0 0.0 0.0
  outer loop
    vertex -8.836874961853027 -14.632333755493164 0.0
    vertex -16.5 -11.520605087280273 0.0
    vertex -8.614509582519531 -14.577533721923828 0.0
  endloop
endfacet
facet normal 0.0 0.0 0.0
  outer loop
    vertex -8.614509582519531 -14.577533721923828 0.0
    vertex -16.5 -11.520605087280273 0.0
    vertex -0.5 -11.520605087280273 0.0
  endloop
endfacet
facet normal 0.0 0.0 0.0
  outer loop
    vertex -8.614509582519531 -14.577533721923828 0.0
    vertex -0.5 -11.520605087280273 0.0
    vertex -8.385490417480469 -14.577533721923828 0.0
  endloop
endfacet
facet normal 0.0 0.0 0.0
  outer loop
    vertex -8.385490417480469 -14.577533721923828 0.0
    vertex -0.5 -11.520605087280273 0.0
    vertex -8.163125038146973 -14.632333755493164 0.0
  endloop
endfacet
facet normal 0.0 0.0 0.0
  outer loop
    vertex -8.163125038146973 -14.632333755493164 0.0
    vertex -0.5 -11.520605087280273 0.0
    vertex -7.960338592529297 -14.738775253295898 0.0
  endloop
endfacet
facet normal 0.0 0.0 0.0
  outer loop
    vertex -7.960338592529297 -14.738775253295898 0.0
    vertex -0.5 -11.520605087280273 0.0
    vertex -7.788914680480957 -14.890634536743164 0.0
  endloop
endfacet
facet normal 0.0 0.0 0.0
  outer loop
    vertex -7.788914680480957 -14.890634536743164 0.0
    vertex -0.5 -11.520605087280273 0.0
    vertex -7.658816814422607 -15.07911491394043 0.0
  endloop
endfacet
facet normal 0.0 0.0 0.0
  outer loop
    vertex -7.658816814422607 -15.07911491394043 0.0
    vertex -0.5 -11.520605087280273 0.0
    vertex -7.577605247497559 -15.293254852294922 0.0
  endloop
endfacet
facet normal 0.0 0.0 0.0
  outer loop
    vertex -7.577605247497559 -15.293254852294922 0.0
    vertex -0.5 -11.520605087280273 0.0
    vertex -7.550000190734863 -15.520605087280273 0.0
  endloop
endfacet
facet normal 0.0 0.0 0.0
  outer loop
    vertex -7.550000190734863 -15.520605087280273 0.0
    vertex -0.5 -11.520605087280273 0.0
    vertex -0.5 -19.520605087280273 0.0
  endloop
endfacet
facet normal 0.0 0.0 0.0
  outer loop
    vertex -7.550000190734863 -15.520605087280273 0.0
    vertex -0.5 -19.520605087280273 0.0
    vertex -7.577605247497559 -15.747955322265625 0.0
  endloop
endfacet
facet normal 0.0 0.0 0.0
  outer loop
    vertex -7.577605247497559 -15.747955322265625 0.0
    vertex -0.5 -19.520605087280273 0.0
    vertex -7.658816814422607 -15.962095260620117 0.0
  endloop
endfacet
facet normal 0.0 0.0 0.0
  outer loop
    vertex -7.658816814422607 -15.962095260620117 0.0
    vertex -0.5 -19.520605087280273 0.0
    vertex -7.788914680480957 -16.15057373046875 0.0
  endloop
endfacet
facet normal 0.0 0.0 0.0
  outer loop
    vertex -7.788914680480957 -16.15057373046875 0.0
    vertex -0.5 -19.520605087280273 0.0
    vertex -7.960338592529297 -16.30243492126465 0.0
  endloop
endfacet
facet normal 0.0 0.0 0.0
  outer loop
    vertex -7.960338592529297 -16.30243492126465 0.0
    vertex -0.5 -19.520605087280273 0.0
    vertex -8.163125038146973 -16.40887451171875 0.0
  endloop
endfacet
facet normal 0.0 0.0 0.0
  outer loop
    vertex -8.163125038146973 -16.40887451171875 0.0
    vertex -0.5 -19.520605087280273 0.0
    vertex -8.385490417480469 -16.463674545288086 0.0
  endloop
endfacet
facet normal 0.0 0.0 0.0
  outer loop
    vertex -8.385490417480469 -16.463674545288086 0.0
    vertex -0.5 -19.520605087280273 0.0
    vertex -16.5 -19.520605087280273 0.0
  endloop
endfacet
facet normal 0.0 0.0 0.0
  outer loop
    vertex -8.385490417480469 -16.463674545288086 0.0
    vertex -16.5 -19.520605087280273 0.0
    vertex -8.614509582519531 -16.463674545288086 0.0
  endloop
endfacet
facet normal 0.0 0.0 0.0
  outer loop
    vertex -8.614509582519531 -16.463674545288086 0.0
    vertex -16.5 -19.520605087280273 0.0
    vertex -8.836874961853027 -16.40887451171875 0.0
  endloop
endfacet
facet normal 0.0 0.0 0.0
  outer loop
    vertex -8.836874961853027 -16.40887451171875 0.0
    vertex -16.5 -19.520605087280273 0.0
    vertex -9.039661407470703 -16.30243492126465 0.0
  endloop
endfacet
facet normal 0.0 0.0 0.0
  outer loop
    vertex -9.039661407470703 -16.30243492126465 0.0
    vertex -16.5 -19.520605087280273 0.0
    vertex -9.211085319519043 -16.15057373046875 0.0
  endloop
endfacet
facet normal 0.0 0.0 0.0
  outer loop
    vertex -9.211085319519043 -16.15057373046875 0.0
    vertex -16.5 -19.520605087280273 0.0
    vertex -9.341182708740234 -15.962095260620117 0.0
  endloop
endfacet
facet normal 0.0 0.0 0.0
  outer loop
    vertex -9.341182708740234 -15.962095260620117 0.0
    vertex -16.5 -19.520605087280273 0.0
    vertex -9.422394752502441 -15.747955322265625 0.0
  endloop
endfacet
facet normal 0.0 0.0 0.0
  outer loop
    vertex 0.5 -11.520605087280273 0.0
    vertex 0.5 -19.520605087280273 0.0
    vertex 0.5 -11.520605087280273 2.0
  endloop
endfacet
facet normal 0.0 0.0 0.0
  outer loop
    vertex 0.5 -11.520605087280273 2.0
    vertex 0.5 -19.520605087280273 0.0
    vertex 0.5 -19.520605087280273 2.0
  endloop
endfacet
facet normal 0.0 0.0 0.0
  outer loop
    vertex 0.5 -19.520605087280273 2.0
    vertex 4.506770133972168 -15.28802490234375 2.0
    vertex 0.5 -11.520605087280273 2.0
  endloop
endfacet
facet normal 0.0 0.0 0.0
  outer loop
    vertex 0.5 -11.520605087280273 2.0
    vertex 4.506770133972168 -15.28802490234375 2.0
    vertex 4.560770034790039 -14.826013565063477 2.0
  endloop
endfacet
facet normal 0.0 0.0 0.0
  outer loop
    vertex 0.5 -11.520605087280273 2.0
    vertex 4.560770034790039 -14.826013565063477 2.0
    vertex 4.6680402755737305 -14.373394012451172 2.0
  endloop
endfacet
facet normal 0.0 0.0 0.0
  outer loop
    vertex 8.5 -19.520605087280273 2.0
    vertex 8.035629272460938 -19.493555068969727 2.0
    vertex 0.5 -19.520605087280273 2.0
  endloop
endfacet
facet normal 0.0 0.0 0.0
  outer loop
    vertex 0.5 -19.520605087280273 2.0
    vertex 8.035629272460938 -19.493555068969727 2.0
    vertex 7.577539443969727 -19.412784576416016 2.0
  endloop
endfacet
facet normal 0.0 0.0 0.0
  outer loop
    vertex 0.5 -19.520605087280273 2.0
    vertex 7.577539443969727 -19.412784576416016 2.0
    vertex 7.131919860839844 -19.279375076293945 2.0
  endloop
endfacet
facet normal 0.0 0.0 0.0
  outer loop
    vertex 7.131919860839844 -19.279375076293945 2.0
    vertex 6.704799652099609 -19.095134735107422 2.0
    vertex 0.5 -19.520605087280273 2.0
  endloop
endfacet
facet normal 0.0 0.0 0.0
  outer loop
    vertex 0.5 -19.520605087280273 2.0
    vertex 6.704799652099609 -19.095134735107422 2.0
    vertex 6.301959991455078 -18.8625545501709 2.0
  endloop
endfacet
facet normal 0.0 0.0 0.0
  outer loop
    vertex 0.5 -19.520605087280273 2.0
    vertex 6.301959991455078 -18.8625545501709 2.0
    vertex 5.928850173950195 -18.58478355407715 2.0
  endloop
endfacet
facet normal 0.0 0.0 0.0
  outer loop
    vertex 5.928850173950195 -18.58478355407715 2.0
    vertex 5.590510368347168 -18.265573501586914 2.0
    vertex 0.5 -19.520605087280273 2.0
  endloop
endfacet
facet normal 0.0 0.0 0.0
  outer loop
    vertex 0.5 -19.520605087280273 2.0
    vertex 5.590510368347168 -18.265573501586914 2.0
    vertex 5.291509628295898 -17.90923500061035 2.0
  endloop
endfacet
facet normal 0.0 0.0 0.0
  outer loop
    vertex 0.5 -19.520605087280273 2.0
    vertex 5.291509628295898 -17.90923500061035 2.0
    vertex 5.035900115966797 -17.520605087280273 2.0
  endloop
endfacet
facet normal 0.0 0.0 0.0
  outer loop
    vertex 5.035900115966797 -17.520605087280273 2.0
    vertex 4.827139854431152 -17.10492515563965 2.0
    vertex 0.5 -19.520605087280273 2.0
  endloop
endfacet
facet normal 0.0 0.0 0.0
  outer loop
    vertex 0.5 -19.520605087280273 2.0
    vertex 4.827139854431152 -17.10492515563965 2.0
    vertex 4.6680402755737305 -16.667814254760742 2.0
  endloop
endfacet
facet normal 0.0 0.0 0.0
  outer loop
    vertex 0.5 -19.520605087280273 2.0
    vertex 4.6680402755737305 -16.667814254760742 2.0
    vertex 4.560770034790039 -16.215194702148438 2.0
  endloop
endfacet
facet normal 0.0 0.0 0.0
  outer loop
    vertex 4.560770034790039 -16.215194702148438 2.0
    vertex 4.506770133972168 -15.753185272216797 2.0
    vertex 0.5 -19.520605087280273 2.0
  endloop
endfacet
facet normal 0.0 0.0 0.0
  outer loop
    vertex 0.5 -19.520605087280273 2.0
    vertex 4.506770133972168 -15.753185272216797 2.0
    vertex 4.506770133972168 -15.28802490234375 2.0
  endloop
endfacet
facet normal 0.0 0.0 0.0
  outer loop
    vertex 4.6680402755737305 -14.373394012451172 2.0
    vertex 4.827139854431152 -13.936285018920898 2.0
    vertex 0.5 -11.520605087280273 2.0
  endloop
endfacet
facet normal 0.0 0.0 0.0
  outer loop
    vertex 0.5 -11.520605087280273 2.0
    vertex 4.827139854431152 -13.936285018920898 2.0
    vertex 5.035900115966797 -13.520605087280273 2.0
  endloop
endfacet
facet normal 0.0 0.0 0.0
  outer loop
    vertex 0.5 -11.520605087280273 2.0
    vertex 5.035900115966797 -13.520605087280273 2.0
    vertex 5.291509628295898 -13.131975173950195 2.0
  endloop
endfacet
facet normal 0.0 0.0 0.0
  outer loop
    vertex 5.291509628295898 -13.131975173950195 2.0
    vertex 5.590510368347168 -12.775634765625 2.0
    vertex 0.5 -11.520605087280273 2.0
  endloop
endfacet
facet normal 0.0 0.0 0.0
  outer loop
    vertex 0.5 -11.520605087280273 2.0
    vertex 5.590510368347168 -12.775634765625 2.0
    vertex 5.928850173950195 -12.456424713134766 2.0
  endloop
endfacet
facet normal 0.0 0.0 0.0
  outer loop
    vertex 0.5 -11.520605087280273 2.0
    vertex 5.928850173950195 -12.456424713134766 2.0
    vertex 6.301959991455078 -12.178653717041016 2.0
  endloop
endfacet
facet normal 0.0 0.0 0.0
  outer loop
    vertex 6.301959991455078 -12.178653717041016 2.0
    vertex 6.704799652099609 -11.946073532104492 2.0
    vertex 0.5 -11.520605087280273 2.0
  endloop
endfacet
facet normal 0.0 0.0 0.0
  outer loop
    vertex 0.5 -11.520605087280273 2.0
    vertex 6.704799652099609 -11.946073532104492 2.0
    vertex 7.131919860839844 -11.761835098266602 2.0
  endloop
endfacet
facet normal 0.0 0.0 0.0
  outer loop
    vertex 0.5 -11.520605087280273 2.0
    vertex 7.131919860839844 -11.761835098266602 2.0
    vertex 7.577539443969727 -11.628423690795898 2.0
  endloop
endfacet
facet normal 0.0 0.0 0.0
  outer loop
    vertex 7.577539443969727 -11.628423690795898 2.0
    vertex 8.035629272460938 -11.54765510559082 2.0
    vertex 0.5 -11.520605087280273 2.0
  endloop
endfacet
facet normal 0.0 0.0 0.0
  outer loop
    vertex 0.5 -11.520605087280273 2.0
    vertex 8.035629272460938 -11.54765510559082 2.0
    vertex 8.5 -11.520605087280273 2.0
  endloop
endfacet
facet normal 0.0 0.0 0.0
  outer loop
    vertex 4.528079986572266 -15.047513961791992 9.0
    vertex 4.506770133972168 -15.28802490234375 2.0
    vertex 4.5 -15.520605087280273 9.0
  endloop
endfacet
facet normal 0.0 0.0 0.0
  outer loop
    vertex 4.5 -15.520605087280273 9.0
    vertex 4.506770133972168 -15.28802490234375 2.0
    vertex 4.506770133972168 -15.753185272216797 2.0
  endloop
endfacet
facet normal 0.0 0.0 0.0
  outer loop
    vertex 4.5 -15.520605087280273 9.0
    vertex 4.506770133972168 -15.753185272216797 2.0
    vertex 4.528079986572266 -15.993694305419922 9.0
  endloop
endfacet
facet normal 0.0 0.0 0.0
  outer loop
    vertex 4.528079986572266 -15.993694305419922 9.0
    vertex 4.506770133972168 -15.753185272216797 2.0
    vertex 4.560770034790039 -16.215194702148438 2.0
  endloop
endfacet
facet normal 0.0 0.0 0.0
  outer loop
    vertex 4.528079986572266 -15.993694305419922 9.0
    vertex 4.560770034790039 -16.215194702148438 2.0
    vertex 4.611909866333008 -16.46014404296875 9.0
  endloop
endfacet
facet normal 0.0 0.0 0.0
  outer loop
    vertex 4.611909866333008 -16.46014404296875 9.0
    vertex 4.560770034790039 -16.215194702148438 2.0
    vertex 4.6680402755737305 -16.667814254760742 2.0
  endloop
endfacet
facet normal 0.0 0.0 0.0
  outer loop
    vertex 4.611909866333008 -16.46014404296875 9.0
    vertex 4.6680402755737305 -16.667814254760742 2.0
    vertex 4.7503204345703125 -16.913414001464844 9.0
  endloop
endfacet
facet normal 0.0 0.0 0.0
  outer loop
    vertex 4.7503204345703125 -16.913414001464844 9.0
    vertex 4.6680402755737305 -16.667814254760742 2.0
    vertex 4.827139854431152 -17.10492515563965 2.0
  endloop
endfacet
facet normal 0.0 0.0 0.0
  outer loop
    vertex 4.7503204345703125 -16.913414001464844 9.0
    vertex 4.827139854431152 -17.10492515563965 2.0
    vertex 4.941370010375977 -17.347124099731445 9.0
  endloop
endfacet
facet normal 0.0 0.0 0.0
  outer loop
    vertex 4.941370010375977 -17.347124099731445 9.0
    vertex 4.827139854431152 -17.10492515563965 2.0
    vertex 5.035900115966797 -17.520605087280273 2.0
  endloop
endfacet
facet normal 0.0 0.0 0.0
  outer loop
    vertex 4.941370010375977 -17.347124099731445 9.0
    vertex 5.035900115966797 -17.520605087280273 2.0
    vertex 5.182379722595215 -17.75519371032715 9.0
  endloop
endfacet
facet normal 0.0 0.0 0.0
  outer loop
    vertex 5.182379722595215 -17.75519371032715 9.0
    vertex 5.035900115966797 -17.520605087280273 2.0
    vertex 5.291509628295898 -17.90923500061035 2.0
  endloop
endfacet
facet normal 0.0 0.0 0.0
  outer loop
    vertex 5.182379722595215 -17.75519371032715 9.0
    vertex 5.291509628295898 -17.90923500061035 2.0
    vertex 5.4699602127075195 -18.131895065307617 9.0
  endloop
endfacet
facet normal 0.0 0.0 0.0
  outer loop
    vertex 5.4699602127075195 -18.131895065307617 9.0
    vertex 5.291509628295898 -17.90923500061035 2.0
    vertex 5.590510368347168 -18.265573501586914 2.0
  endloop
endfacet
facet normal 0.0 0.0 0.0
  outer loop
    vertex 5.4699602127075195 -18.131895065307617 9.0
    vertex 5.590510368347168 -18.265573501586914 2.0
    vertex 5.800069808959961 -18.471935272216797 9.0
  endloop
endfacet
facet normal 0.0 0.0 0.0
  outer loop
    vertex 5.800069808959961 -18.471935272216797 9.0
    vertex 5.590510368347168 -18.265573501586914 2.0
    vertex 5.928850173950195 -18.58478355407715 2.0
  endloop
endfacet
facet normal 0.0 0.0 0.0
  outer loop
    vertex 5.800069808959961 -18.471935272216797 9.0
    vertex 5.928850173950195 -18.58478355407715 2.0
    vertex 6.1680803298950195 -18.770553588867188 9.0
  endloop
endfacet
facet normal 0.0 0.0 0.0
  outer loop
    vertex 6.1680803298950195 -18.770553588867188 9.0
    vertex 5.928850173950195 -18.58478355407715 2.0
    vertex 6.301959991455078 -18.8625545501709 2.0
  endloop
endfacet
facet normal 0.0 0.0 0.0
  outer loop
    vertex 6.1680803298950195 -18.770553588867188 9.0
    vertex 6.301959991455078 -18.8625545501709 2.0
    vertex 6.568829536437988 -19.023544311523438 9.0
  endloop
endfacet
facet normal 0.0 0.0 0.0
  outer loop
    vertex 6.568829536437988 -19.023544311523438 9.0
    vertex 6.301959991455078 -18.8625545501709 2.0
    vertex 6.704799652099609 -19.095134735107422 2.0
  endloop
endfacet
facet normal 0.0 0.0 0.0
  outer loop
    vertex 6.568829536437988 -19.023544311523438 9.0
    vertex 6.704799652099609 -19.095134735107422 2.0
    vertex 6.996689796447754 -19.22736358642578 9.0
  endloop
endfacet
facet normal 0.0 0.0 0.0
  outer loop
    vertex 6.996689796447754 -19.22736358642578 9.0
    vertex 6.704799652099609 -19.095134735107422 2.0
    vertex 7.131919860839844 -19.279375076293945 2.0
  endloop
endfacet
facet normal 0.0 0.0 0.0
  outer loop
    vertex 6.996689796447754 -19.22736358642578 9.0
    vertex 7.131919860839844 -19.279375076293945 2.0
    vertex 7.445650100708008 -19.3791446685791 9.0
  endloop
endfacet
facet normal 0.0 0.0 0.0
  outer loop
    vertex 7.445650100708008 -19.3791446685791 9.0
    vertex 7.131919860839844 -19.279375076293945 2.0
    vertex 7.577539443969727 -19.412784576416016 2.0
  endloop
endfacet
facet normal 0.0 0.0 0.0
  outer loop
    vertex 7.445650100708008 -19.3791446685791 9.0
    vertex 7.577539443969727 -19.412784576416016 2.0
    vertex 7.90941047668457 -19.476764678955078 9.0
  endloop
endfacet
facet normal 0.0 0.0 0.0
  outer loop
    vertex 7.90941047668457 -19.476764678955078 9.0
    vertex 7.577539443969727 -19.412784576416016 2.0
    vertex 8.035629272460938 -19.493555068969727 2.0
  endloop
endfacet
facet normal 0.0 0.0 0.0
  outer loop
    vertex 7.90941047668457 -19.476764678955078 9.0
    vertex 8.035629272460938 -19.493555068969727 2.0
    vertex 8.3814697265625 -19.518844604492188 9.0
  endloop
endfacet
facet normal 0.0 0.0 0.0
  outer loop
    vertex 8.3814697265625 -19.518844604492188 9.0
    vertex 8.035629272460938 -19.493555068969727 2.0
    vertex 8.5 -19.520605087280273 2.0
  endloop
endfacet
facet normal 0.0 0.0 0.0
  outer loop
    vertex 8.3814697265625 -19.518844604492188 9.0
    vertex 8.5 -19.520605087280273 2.0
    vertex 8.855180740356445 -19.504804611206055 9.0
  endloop
endfacet
facet normal 0.0 0.0 0.0
  outer loop
    vertex 8.855180740356445 -19.504804611206055 9.0
    vertex 8.5 -19.520605087280273 2.0
    vertex 8.964370727539062 -19.493555068969727 2.0
  endloop
endfacet
facet normal 0.0 0.0 0.0
  outer loop
    vertex 8.855180740356445 -19.504804611206055 9.0
    vertex 8.964370727539062 -19.493555068969727 2.0
    vertex 9.323909759521484 -19.434833526611328 9.0
  endloop
endfacet
facet normal 0.0 0.0 0.0
  outer loop
    vertex 9.323909759521484 -19.434833526611328 9.0
    vertex 8.964370727539062 -19.493555068969727 2.0
    vertex 9.422460556030273 -19.412784576416016 2.0
  endloop
endfacet
facet normal 0.0 0.0 0.0
  outer loop
    vertex 9.323909759521484 -19.434833526611328 9.0
    vertex 9.422460556030273 -19.412784576416016 2.0
    vertex 9.78108024597168 -19.309913635253906 9.0
  endloop
endfacet
facet normal 0.0 0.0 0.0
  outer loop
    vertex 9.78108024597168 -19.309913635253906 9.0
    vertex 9.422460556030273 -19.412784576416016 2.0
    vertex 9.868080139160156 -19.279375076293945 2.0
  endloop
endfacet
facet normal 0.0 0.0 0.0
  outer loop
    vertex 9.78108024597168 -19.309913635253906 9.0
    vertex 9.868080139160156 -19.279375076293945 2.0
    vertex 10.220260620117188 -19.131793975830078 9.0
  endloop
endfacet
facet normal 0.0 0.0 0.0
  outer loop
    vertex 10.220260620117188 -19.131793975830078 9.0
    vertex 9.868080139160156 -19.279375076293945 2.0
    vertex 10.29520034790039 -19.095134735107422 2.0
  endloop
endfacet
facet normal 0.0 0.0 0.0
  outer loop
    vertex 10.220260620117188 -19.131793975830078 9.0
    vertex 10.29520034790039 -19.095134735107422 2.0
    vertex 10.635290145874023 -18.902984619140625 9.0
  endloop
endfacet
facet normal 0.0 0.0 0.0
  outer loop
    vertex 10.635290145874023 -18.902984619140625 9.0
    vertex 10.29520034790039 -19.095134735107422 2.0
    vertex 10.698040008544922 -18.8625545501709 2.0
  endloop
endfacet
facet normal 0.0 0.0 0.0
  outer loop
    vertex 10.635290145874023 -18.902984619140625 9.0
    vertex 10.698040008544922 -18.8625545501709 2.0
    vertex 11.020349502563477 -18.626705169677734 9.0
  endloop
endfacet
facet normal 0.0 0.0 0.0
  outer loop
    vertex 11.020349502563477 -18.626705169677734 9.0
    vertex 10.698040008544922 -18.8625545501709 2.0
    vertex 11.071149826049805 -18.58478355407715 2.0
  endloop
endfacet
facet normal 0.0 0.0 0.0
  outer loop
    vertex 11.020349502563477 -18.626705169677734 9.0
    vertex 11.071149826049805 -18.58478355407715 2.0
    vertex 11.37002944946289 -18.306804656982422 9.0
  endloop
endfacet
facet normal 0.0 0.0 0.0
  outer loop
    vertex 11.37002944946289 -18.306804656982422 9.0
    vertex 11.071149826049805 -18.58478355407715 2.0
    vertex 11.409490585327148 -18.265573501586914 2.0
  endloop
endfacet
facet normal 0.0 0.0 0.0
  outer loop
    vertex 11.37002944946289 -18.306804656982422 9.0
    vertex 11.409490585327148 -18.265573501586914 2.0
    vertex 11.679420471191406 -17.947803497314453 9.0
  endloop
endfacet
facet normal 0.0 0.0 0.0
  outer loop
    vertex 11.679420471191406 -17.947803497314453 9.0
    vertex 11.409490585327148 -18.265573501586914 2.0
    vertex 11.708490371704102 -17.90923500061035 2.0
  endloop
endfacet
facet normal 0.0 0.0 0.0
  outer loop
    vertex 11.679420471191406 -17.947803497314453 9.0
    vertex 11.708490371704102 -17.90923500061035 2.0
    vertex 11.944169998168945 -17.554723739624023 9.0
  endloop
endfacet
facet normal 0.0 0.0 0.0
  outer loop
    vertex 11.944169998168945 -17.554723739624023 9.0
    vertex 11.708490371704102 -17.90923500061035 2.0
    vertex 11.964099884033203 -17.520605087280273 2.0
  endloop
endfacet
facet normal 0.0 0.0 0.0
  outer loop
    vertex 11.944169998168945 -17.554723739624023 9.0
    vertex 11.964099884033203 -17.520605087280273 2.0
    vertex 12.160579681396484 -17.133094787597656 9.0
  endloop
endfacet
facet normal 0.0 0.0 0.0
  outer loop
    vertex 12.160579681396484 -17.133094787597656 9.0
    vertex 11.964099884033203 -17.520605087280273 2.0
    vertex 12.172859191894531 -17.10492515563965 2.0
  endloop
endfacet
facet normal 0.0 0.0 0.0
  outer loop
    vertex 12.160579681396484 -17.133094787597656 9.0
    vertex 12.172859191894531 -17.10492515563965 2.0
    vertex 12.325599670410156 -16.68883514404297 9.0
  endloop
endfacet
facet normal 0.0 0.0 0.0
  outer loop
    vertex 12.325599670410156 -16.68883514404297 9.0
    vertex 12.172859191894531 -17.10492515563965 2.0
    vertex 12.331960678100586 -16.667814254760742 2.0
  endloop
endfacet
facet normal 0.0 0.0 0.0
  outer loop
    vertex 12.325599670410156 -16.68883514404297 9.0
    vertex 12.331960678100586 -16.667814254760742 2.0
    vertex 12.436920166015625 -16.228164672851562 9.0
  endloop
endfacet
facet normal 0.0 0.0 0.0
  outer loop
    vertex 12.436920166015625 -16.228164672851562 9.0
    vertex 12.331960678100586 -16.667814254760742 2.0
    vertex 12.439229965209961 -16.215194702148438 2.0
  endloop
endfacet
facet normal 0.0 0.0 0.0
  outer loop
    vertex 12.436920166015625 -16.228164672851562 9.0
    vertex 12.439229965209961 -16.215194702148438 2.0
    vertex 12.492969512939453 -15.757564544677734 9.0
  endloop
endfacet
facet normal 0.0 0.0 0.0
  outer loop
    vertex 12.492969512939453 -15.757564544677734 9.0
    vertex 12.439229965209961 -16.215194702148438 2.0
    vertex 12.493230819702148 -15.753185272216797 2.0
  endloop
endfacet
facet normal 0.0 0.0 0.0
  outer loop
    vertex 12.492969512939453 -15.757564544677734 9.0
    vertex 12.493230819702148 -15.753185272216797 2.0
    vertex 12.493230819702148 -15.28802490234375 2.0
  endloop
endfacet
facet normal 0.0 0.0 0.0
  outer loop
    vertex 4.506770133972168 -15.28802490234375 2.0
    vertex 4.528079986572266 -15.047513961791992 9.0
    vertex 4.560770034790039 -14.826013565063477 2.0
  endloop
endfacet
facet normal 0.0 0.0 0.0
  outer loop
    vertex 4.560770034790039 -14.826013565063477 2.0
    vertex 4.528079986572266 -15.047513961791992 9.0
    vertex 4.611909866333008 -14.581064224243164 9.0
  endloop
endfacet
facet normal 0.0 0.0 0.0
  outer loop
    vertex 4.560770034790039 -14.826013565063477 2.0
    vertex 4.611909866333008 -14.581064224243164 9.0
    vertex 4.6680402755737305 -14.373394012451172 2.0
  endloop
endfacet
facet normal 0.0 0.0 0.0
  outer loop
    vertex 4.6680402755737305 -14.373394012451172 2.0
    vertex 4.611909866333008 -14.581064224243164 9.0
    vertex 4.7503204345703125 -14.12779426574707 9.0
  endloop
endfacet
facet normal 0.0 0.0 0.0
  outer loop
    vertex 4.6680402755737305 -14.373394012451172 2.0
    vertex 4.7503204345703125 -14.12779426574707 9.0
    vertex 4.827139854431152 -13.936285018920898 2.0
  endloop
endfacet
facet normal 0.0 0.0 0.0
  outer loop
    vertex 4.827139854431152 -13.936285018920898 2.0
    vertex 4.7503204345703125 -14.12779426574707 9.0
    vertex 4.941370010375977 -13.694084167480469 9.0
  endloop
endfacet
facet normal 0.0 0.0 0.0
  outer loop
    vertex 4.827139854431152 -13.936285018920898 2.0
    vertex 4.941370010375977 -13.694084167480469 9.0
    vertex 5.035900115966797 -13.520605087280273 2.0
  endloop
endfacet
facet normal 0.0 0.0 0.0
  outer loop
    vertex 5.035900115966797 -13.520605087280273 2.0
    vertex 4.941370010375977 -13.694084167480469 9.0
    vertex 5.182379722595215 -13.286014556884766 9.0
  endloop
endfacet
facet normal 0.0 0.0 0.0
  outer loop
    vertex 5.035900115966797 -13.520605087280273 2.0
    vertex 5.182379722595215 -13.286014556884766 9.0
    vertex 5.291509628295898 -13.131975173950195 2.0
  endloop
endfacet
facet normal 0.0 0.0 0.0
  outer loop
    vertex 5.291509628295898 -13.131975173950195 2.0
    vertex 5.182379722595215 -13.286014556884766 9.0
    vertex 5.4699602127075195 -12.90931510925293 9.0
  endloop
endfacet
facet normal 0.0 0.0 0.0
  outer loop
    vertex 5.291509628295898 -13.131975173950195 2.0
    vertex 5.4699602127075195 -12.90931510925293 9.0
    vertex 5.590510368347168 -12.775634765625 2.0
  endloop
endfacet
facet normal 0.0 0.0 0.0
  outer loop
    vertex 5.590510368347168 -12.775634765625 2.0
    vertex 5.4699602127075195 -12.90931510925293 9.0
    vertex 5.800069808959961 -12.56927490234375 9.0
  endloop
endfacet
facet normal 0.0 0.0 0.0
  outer loop
    vertex 5.590510368347168 -12.775634765625 2.0
    vertex 5.800069808959961 -12.56927490234375 9.0
    vertex 5.928850173950195 -12.456424713134766 2.0
  endloop
endfacet
facet normal 0.0 0.0 0.0
  outer loop
    vertex 5.928850173950195 -12.456424713134766 2.0
    vertex 5.800069808959961 -12.56927490234375 9.0
    vertex 6.1680803298950195 -12.270654678344727 9.0
  endloop
endfacet
facet normal 0.0 0.0 0.0
  outer loop
    vertex 5.928850173950195 -12.456424713134766 2.0
    vertex 6.1680803298950195 -12.270654678344727 9.0
    vertex 6.301959991455078 -12.178653717041016 2.0
  endloop
endfacet
facet normal 0.0 0.0 0.0
  outer loop
    vertex 6.301959991455078 -12.178653717041016 2.0
    vertex 6.1680803298950195 -12.270654678344727 9.0
    vertex 6.568829536437988 -12.017663955688477 9.0
  endloop
endfacet
facet normal 0.0 0.0 0.0
  outer loop
    vertex 6.301959991455078 -12.178653717041016 2.0
    vertex 6.568829536437988 -12.017663955688477 9.0
    vertex 6.704799652099609 -11.946073532104492 2.0
  endloop
endfacet
facet normal 0.0 0.0 0.0
  outer loop
    vertex 6.704799652099609 -11.946073532104492 2.0
    vertex 6.568829536437988 -12.017663955688477 9.0
    vertex 6.996689796447754 -11.813844680786133 9.0
  endloop
endfacet
facet normal 0.0 0.0 0.0
  outer loop
    vertex 6.704799652099609 -11.946073532104492 2.0
    vertex 6.996689796447754 -11.813844680786133 9.0
    vertex 7.131919860839844 -11.761835098266602 2.0
  endloop
endfacet
facet normal 0.0 0.0 0.0
  outer loop
    vertex 7.131919860839844 -11.761835098266602 2.0
    vertex 6.996689796447754 -11.813844680786133 9.0
    vertex 7.445650100708008 -11.662063598632812 9.0
  endloop
endfacet
facet normal 0.0 0.0 0.0
  outer loop
    vertex 7.131919860839844 -11.761835098266602 2.0
    vertex 7.445650100708008 -11.662063598632812 9.0
    vertex 7.577539443969727 -11.628423690795898 2.0
  endloop
endfacet
facet normal 0.0 0.0 0.0
  outer loop
    vertex 7.577539443969727 -11.628423690795898 2.0
    vertex 7.445650100708008 -11.662063598632812 9.0
    vertex 7.90941047668457 -11.564443588256836 9.0
  endloop
endfacet
facet normal 0.0 0.0 0.0
  outer loop
    vertex 7.577539443969727 -11.628423690795898 2.0
    vertex 7.90941047668457 -11.564443588256836 9.0
    vertex 8.035629272460938 -11.54765510559082 2.0
  endloop
endfacet
facet normal 0.0 0.0 0.0
  outer loop
    vertex 8.035629272460938 -11.54765510559082 2.0
    vertex 7.90941047668457 -11.564443588256836 9.0
    vertex 8.3814697265625 -11.522363662719727 9.0
  endloop
endfacet
facet normal 0.0 0.0 0.0
  outer loop
    vertex 8.035629272460938 -11.54765510559082 2.0
    vertex 8.3814697265625 -11.522363662719727 9.0
    vertex 8.5 -11.520605087280273 2.0
  endloop
endfacet
facet normal 0.0 0.0 0.0
  outer loop
    vertex 8.5 -11.520605087280273 2.0
    vertex 8.3814697265625 -11.522363662719727 9.0
    vertex 8.855180740356445 -11.53640365600586 9.0
  endloop
endfacet
facet normal 0.0 0.0 0.0
  outer loop
    vertex 8.5 -11.520605087280273 2.0
    vertex 8.855180740356445 -11.53640365600586 9.0
    vertex 8.964370727539062 -11.54765510559082 2.0
  endloop
endfacet
facet normal 0.0 0.0 0.0
  outer loop
    vertex 8.964370727539062 -11.54765510559082 2.0
    vertex 8.855180740356445 -11.53640365600586 9.0
    vertex 9.323909759521484 -11.606374740600586 9.0
  endloop
endfacet
facet normal 0.0 0.0 0.0
  outer loop
    vertex 8.964370727539062 -11.54765510559082 2.0
    vertex 9.323909759521484 -11.606374740600586 9.0
    vertex 9.422460556030273 -11.628423690795898 2.0
  endloop
endfacet
facet normal 0.0 0.0 0.0
  outer loop
    vertex 9.422460556030273 -11.628423690795898 2.0
    vertex 9.323909759521484 -11.606374740600586 9.0
    vertex 9.78108024597168 -11.731294631958008 9.0
  endloop
endfacet
facet normal 0.0 0.0 0.0
  outer loop
    vertex 9.422460556030273 -11.628423690795898 2.0
    vertex 9.78108024597168 -11.731294631958008 9.0
    vertex 9.868080139160156 -11.761835098266602 2.0
  endloop
endfacet
facet normal 0.0 0.0 0.0
  outer loop
    vertex 9.868080139160156 -11.761835098266602 2.0
    vertex 9.78108024597168 -11.731294631958008 9.0
    vertex 10.220260620117188 -11.909414291381836 9.0
  endloop
endfacet
facet normal 0.0 0.0 0.0
  outer loop
    vertex 9.868080139160156 -11.761835098266602 2.0
    vertex 10.220260620117188 -11.909414291381836 9.0
    vertex 10.29520034790039 -11.946073532104492 2.0
  endloop
endfacet
facet normal 0.0 0.0 0.0
  outer loop
    vertex 10.29520034790039 -11.946073532104492 2.0
    vertex 10.220260620117188 -11.909414291381836 9.0
    vertex 10.635290145874023 -12.138223648071289 9.0
  endloop
endfacet
facet normal 0.0 0.0 0.0
  outer loop
    vertex 10.29520034790039 -11.946073532104492 2.0
    vertex 10.635290145874023 -12.138223648071289 9.0
    vertex 10.698040008544922 -12.178653717041016 2.0
  endloop
endfacet
facet normal 0.0 0.0 0.0
  outer loop
    vertex 10.698040008544922 -12.178653717041016 2.0
    vertex 10.635290145874023 -12.138223648071289 9.0
    vertex 11.020349502563477 -12.414505004882812 9.0
  endloop
endfacet
facet normal 0.0 0.0 0.0
  outer loop
    vertex 10.698040008544922 -12.178653717041016 2.0
    vertex 11.020349502563477 -12.414505004882812 9.0
    vertex 11.071149826049805 -12.456424713134766 2.0
  endloop
endfacet
facet normal 0.0 0.0 0.0
  outer loop
    vertex 11.071149826049805 -12.456424713134766 2.0
    vertex 11.020349502563477 -12.414505004882812 9.0
    vertex 11.37002944946289 -12.734403610229492 9.0
  endloop
endfacet
facet normal 0.0 0.0 0.0
  outer loop
    vertex 11.071149826049805 -12.456424713134766 2.0
    vertex 11.37002944946289 -12.734403610229492 9.0
    vertex 11.409490585327148 -12.775634765625 2.0
  endloop
endfacet
facet normal 0.0 0.0 0.0
  outer loop
    vertex 11.409490585327148 -12.775634765625 2.0
    vertex 11.37002944946289 -12.734403610229492 9.0
    vertex 11.679420471191406 -13.093404769897461 9.0
  endloop
endfacet
facet normal 0.0 0.0 0.0
  outer loop
    vertex 11.409490585327148 -12.775634765625 2.0
    vertex 11.679420471191406 -13.093404769897461 9.0
    vertex 11.708490371704102 -13.131975173950195 2.0
  endloop
endfacet
facet normal 0.0 0.0 0.0
  outer loop
    vertex 11.708490371704102 -13.131975173950195 2.0
    vertex 11.679420471191406 -13.093404769897461 9.0
    vertex 11.944169998168945 -13.48648452758789 9.0
  endloop
endfacet
facet normal 0.0 0.0 0.0
  outer loop
    vertex 11.708490371704102 -13.131975173950195 2.0
    vertex 11.944169998168945 -13.48648452758789 9.0
    vertex 11.964099884033203 -13.520605087280273 2.0
  endloop
endfacet
facet normal 0.0 0.0 0.0
  outer loop
    vertex 11.964099884033203 -13.520605087280273 2.0
    vertex 11.944169998168945 -13.48648452758789 9.0
    vertex 12.160579681396484 -13.908113479614258 9.0
  endloop
endfacet
facet normal 0.0 0.0 0.0
  outer loop
    vertex 11.964099884033203 -13.520605087280273 2.0
    vertex 12.160579681396484 -13.908113479614258 9.0
    vertex 12.172859191894531 -13.936285018920898 2.0
  endloop
endfacet
facet normal 0.0 0.0 0.0
  outer loop
    vertex 12.172859191894531 -13.936285018920898 2.0
    vertex 12.160579681396484 -13.908113479614258 9.0
    vertex 12.325599670410156 -14.352375030517578 9.0
  endloop
endfacet
facet normal 0.0 0.0 0.0
  outer loop
    vertex 12.172859191894531 -13.936285018920898 2.0
    vertex 12.325599670410156 -14.352375030517578 9.0
    vertex 12.331960678100586 -14.373394012451172 2.0
  endloop
endfacet
facet normal 0.0 0.0 0.0
  outer loop
    vertex 12.331960678100586 -14.373394012451172 2.0
    vertex 12.325599670410156 -14.352375030517578 9.0
    vertex 12.436920166015625 -14.813043594360352 9.0
  endloop
endfacet
facet normal 0.0 0.0 0.0
  outer loop
    vertex 12.331960678100586 -14.373394012451172 2.0
    vertex 12.436920166015625 -14.813043594360352 9.0
    vertex 12.439229965209961 -14.826013565063477 2.0
  endloop
endfacet
facet normal 0.0 0.0 0.0
  outer loop
    vertex 12.439229965209961 -14.826013565063477 2.0
    vertex 12.436920166015625 -14.813043594360352 9.0
    vertex 12.492969512939453 -15.28364372253418 9.0
  endloop
endfacet
facet normal 0.0 0.0 0.0
  outer loop
    vertex 12.439229965209961 -14.826013565063477 2.0
    vertex 12.492969512939453 -15.28364372253418 9.0
    vertex 12.493230819702148 -15.28802490234375 2.0
  endloop
endfacet
facet normal 0.0 0.0 0.0
  outer loop
    vertex 12.493230819702148 -15.28802490234375 2.0
    vertex 12.492969512939453 -15.28364372253418 9.0
    vertex 12.492969512939453 -15.757564544677734 9.0
  endloop
endfacet
facet normal 0.0 0.0 0.0
  outer loop
    vertex 16.5 -11.520605087280273 2.0
    vertex 16.5 -11.520605087280273 0.0
    vertex 8.5 -11.520605087280273 2.0
  endloop
endfacet
facet normal 0.0 0.0 0.0
  outer loop
    vertex 8.5 -11.520605087280273 2.0
    vertex 16.5 -11.520605087280273 0.0
    vertex 0.5 -11.520605087280273 0.0
  endloop
endfacet
facet normal 0.0 0.0 0.0
  outer loop
    vertex 8.5 -11.520605087280273 2.0
    vertex 0.5 -11.520605087280273 0.0
    vertex 0.5 -11.520605087280273 2.0
  endloop
endfacet
facet normal 0.0 0.0 0.0
  outer loop
    vertex 16.5 -19.520605087280273 0.0
    vertex 16.5 -11.520605087280273 0.0
    vertex 16.5 -19.520605087280273 2.0
  endloop
endfacet
facet normal 0.0 0.0 0.0
  outer loop
    vertex 16.5 -19.520605087280273 2.0
    vertex 16.5 -11.520605087280273 0.0
    vertex 16.5 -11.520605087280273 2.0
  endloop
endfacet
facet normal 0.0 0.0 0.0
  outer loop
    vertex 0.5 -19.520605087280273 2.0
    vertex 0.5 -19.520605087280273 0.0
    vertex 8.5 -19.520605087280273 2.0
  endloop
endfacet
facet normal 0.0 0.0 0.0
  outer loop
    vertex 8.5 -19.520605087280273 2.0
    vertex 0.5 -19.520605087280273 0.0
    vertex 16.5 -19.520605087280273 0.0
  endloop
endfacet
facet normal 0.0 0.0 0.0
  outer loop
    vertex 8.5 -19.520605087280273 2.0
    vertex 16.5 -19.520605087280273 0.0
    vertex 16.5 -19.520605087280273 2.0
  endloop
endfacet
facet normal 0.0 0.0 0.0
  outer loop
    vertex 8.5 -19.520605087280273 2.0
    vertex 16.5 -19.520605087280273 2.0
    vertex 8.964370727539062 -19.493555068969727 2.0
  endloop
endfacet
facet normal 0.0 0.0 0.0
  outer loop
    vertex 8.964370727539062 -19.493555068969727 2.0
    vertex 16.5 -19.520605087280273 2.0
    vertex 9.422460556030273 -19.412784576416016 2.0
  endloop
endfacet
facet normal 0.0 0.0 0.0
  outer loop
    vertex 9.422460556030273 -19.412784576416016 2.0
    vertex 16.5 -19.520605087280273 2.0
    vertex 9.868080139160156 -19.279375076293945 2.0
  endloop
endfacet
facet normal 0.0 0.0 0.0
  outer loop
    vertex 9.868080139160156 -19.279375076293945 2.0
    vertex 16.5 -19.520605087280273 2.0
    vertex 10.29520034790039 -19.095134735107422 2.0
  endloop
endfacet
facet normal 0.0 0.0 0.0
  outer loop
    vertex 10.29520034790039 -19.095134735107422 2.0
    vertex 16.5 -19.520605087280273 2.0
    vertex 10.698040008544922 -18.8625545501709 2.0
  endloop
endfacet
facet normal 0.0 0.0 0.0
  outer loop
    vertex 10.698040008544922 -18.8625545501709 2.0
    vertex 16.5 -19.520605087280273 2.0
    vertex 11.071149826049805 -18.58478355407715 2.0
  endloop
endfacet
facet normal 0.0 0.0 0.0
  outer loop
    vertex 11.071149826049805 -18.58478355407715 2.0
    vertex 16.5 -19.520605087280273 2.0
    vertex 11.409490585327148 -18.265573501586914 2.0
  endloop
endfacet
facet normal 0.0 0.0 0.0
  outer loop
    vertex 11.409490585327148 -18.265573501586914 2.0
    vertex 16.5 -19.520605087280273 2.0
    vertex 11.708490371704102 -17.90923500061035 2.0
  endloop
endfacet
facet normal 0.0 0.0 0.0
  outer loop
    vertex 11.708490371704102 -17.90923500061035 2.0
    vertex 16.5 -19.520605087280273 2.0
    vertex 11.964099884033203 -17.520605087280273 2.0
  endloop
endfacet
facet normal 0.0 0.0 0.0
  outer loop
    vertex 11.964099884033203 -17.520605087280273 2.0
    vertex 16.5 -19.520605087280273 2.0
    vertex 12.172859191894531 -17.10492515563965 2.0
  endloop
endfacet
facet normal 0.0 0.0 0.0
  outer loop
    vertex 12.172859191894531 -17.10492515563965 2.0
    vertex 16.5 -19.520605087280273 2.0
    vertex 12.331960678100586 -16.667814254760742 2.0
  endloop
endfacet
facet normal 0.0 0.0 0.0
  outer loop
    vertex 12.331960678100586 -16.667814254760742 2.0
    vertex 16.5 -19.520605087280273 2.0
    vertex 12.439229965209961 -16.215194702148438 2.0
  endloop
endfacet
facet normal 0.0 0.0 0.0
  outer loop
    vertex 12.439229965209961 -16.215194702148438 2.0
    vertex 16.5 -19.520605087280273 2.0
    vertex 12.493230819702148 -15.753185272216797 2.0
  endloop
endfacet
facet normal 0.0 0.0 0.0
  outer loop
    vertex 12.493230819702148 -15.753185272216797 2.0
    vertex 16.5 -19.520605087280273 2.0
    vertex 12.493230819702148 -15.28802490234375 2.0
  endloop
endfacet
facet normal 0.0 0.0 0.0
  outer loop
    vertex 12.493230819702148 -15.28802490234375 2.0
    vertex 16.5 -19.520605087280273 2.0
    vertex 16.5 -11.520605087280273 2.0
  endloop
endfacet
facet normal 0.0 0.0 0.0
  outer loop
    vertex 12.493230819702148 -15.28802490234375 2.0
    vertex 16.5 -11.520605087280273 2.0
    vertex 12.439229965209961 -14.826013565063477 2.0
  endloop
endfacet
facet normal 0.0 0.0 0.0
  outer loop
    vertex 12.439229965209961 -14.826013565063477 2.0
    vertex 16.5 -11.520605087280273 2.0
    vertex 12.331960678100586 -14.373394012451172 2.0
  endloop
endfacet
facet normal 0.0 0.0 0.0
  outer loop
    vertex 12.331960678100586 -14.373394012451172 2.0
    vertex 16.5 -11.520605087280273 2.0
    vertex 12.172859191894531 -13.936285018920898 2.0
  endloop
endfacet
facet normal 0.0 0.0 0.0
  outer loop
    vertex 12.172859191894531 -13.936285018920898 2.0
    vertex 16.5 -11.520605087280273 2.0
    vertex 11.964099884033203 -13.520605087280273 2.0
  endloop
endfacet
facet normal 0.0 0.0 0.0
  outer loop
    vertex 11.964099884033203 -13.520605087280273 2.0
    vertex 16.5 -11.520605087280273 2.0
    vertex 11.708490371704102 -13.131975173950195 2.0
  endloop
endfacet
facet normal 0.0 0.0 0.0
  outer loop
    vertex 11.708490371704102 -13.131975173950195 2.0
    vertex 16.5 -11.520605087280273 2.0
    vertex 11.409490585327148 -12.775634765625 2.0
  endloop
endfacet
facet normal 0.0 0.0 0.0
  outer loop
    vertex 11.409490585327148 -12.775634765625 2.0
    vertex 16.5 -11.520605087280273 2.0
    vertex 11.071149826049805 -12.456424713134766 2.0
  endloop
endfacet
facet normal 0.0 0.0 0.0
  outer loop
    vertex 11.071149826049805 -12.456424713134766 2.0
    vertex 16.5 -11.520605087280273 2.0
    vertex 10.698040008544922 -12.178653717041016 2.0
  endloop
endfacet
facet normal 0.0 0.0 0.0
  outer loop
    vertex 10.698040008544922 -12.178653717041016 2.0
    vertex 16.5 -11.520605087280273 2.0
    vertex 10.29520034790039 -11.946073532104492 2.0
  endloop
endfacet
facet normal 0.0 0.0 0.0
  outer loop
    vertex 10.29520034790039 -11.946073532104492 2.0
    vertex 16.5 -11.520605087280273 2.0
    vertex 9.868080139160156 -11.761835098266602 2.0
  endloop
endfacet
facet normal 0.0 0.0 0.0
  outer loop
    vertex 9.868080139160156 -11.761835098266602 2.0
    vertex 16.5 -11.520605087280273 2.0
    vertex 9.422460556030273 -11.628423690795898 2.0
  endloop
endfacet
facet normal 0.0 0.0 0.0
  outer loop
    vertex 9.422460556030273 -11.628423690795898 2.0
    vertex 16.5 -11.520605087280273 2.0
    vertex 8.964370727539062 -11.54765510559082 2.0
  endloop
endfacet
facet normal 0.0 0.0 0.0
  outer loop
    vertex 8.964370727539062 -11.54765510559082 2.0
    vertex 16.5 -11.520605087280273 2.0
    vertex 8.5 -11.520605087280273 2.0
  endloop
endfacet
facet normal 0.0 0.0 0.0
  outer loop
    vertex 7.577610015869141 -15.747955322265625 9.0
    vertex 7.577610015869141 -15.747955322265625 4.5
    vertex 7.549999237060547 -15.520605087280273 9.0
  endloop
endfacet
facet normal 0.0 0.0 0.0
  outer loop
    vertex 7.549999237060547 -15.520605087280273 9.0
    vertex 7.577610015869141 -15.747955322265625 4.5
    vertex 7.549999237060547 -15.520605087280273 4.5
  endloop
endfacet
facet normal 0.0 0.0 0.0
  outer loop
    vertex 7.549999237060547 -15.520605087280273 9.0
    vertex 7.549999237060547 -15.520605087280273 4.5
    vertex 7.577610015869141 -15.293254852294922 9.0
  endloop
endfacet
facet normal 0.0 0.0 0.0
  outer loop
    vertex 7.577610015869141 -15.293254852294922 9.0
    vertex 7.549999237060547 -15.520605087280273 4.5
    vertex 7.577610015869141 -15.293254852294922 4.5
  endloop
endfacet
facet normal 0.0 0.0 0.0
  outer loop
    vertex 7.577610015869141 -15.293254852294922 9.0
    vertex 7.577610015869141 -15.293254852294922 4.5
    vertex 7.658819198608398 -15.07911491394043 9.0
  endloop
endfacet
facet normal 0.0 0.0 0.0
  outer loop
    vertex 7.658819198608398 -15.07911491394043 9.0
    vertex 7.577610015869141 -15.293254852294922 4.5
    vertex 7.658819198608398 -15.07911491394043 4.5
  endloop
endfacet
facet normal 0.0 0.0 0.0
  outer loop
    vertex 7.658819198608398 -15.07911491394043 9.0
    vertex 7.658819198608398 -15.07911491394043 4.5
    vertex 7.788909912109375 -14.890634536743164 9.0
  endloop
endfacet
facet normal 0.0 0.0 0.0
  outer loop
    vertex 7.788909912109375 -14.890634536743164 9.0
    vertex 7.658819198608398 -15.07911491394043 4.5
    vertex 7.788909912109375 -14.890634536743164 4.5
  endloop
endfacet
facet normal 0.0 0.0 0.0
  outer loop
    vertex 7.788909912109375 -14.890634536743164 9.0
    vertex 7.788909912109375 -14.890634536743164 4.5
    vertex 7.96034049987793 -14.738775253295898 9.0
  endloop
endfacet
facet normal 0.0 0.0 0.0
  outer loop
    vertex 7.96034049987793 -14.738775253295898 9.0
    vertex 7.788909912109375 -14.890634536743164 4.5
    vertex 7.96034049987793 -14.738775253295898 4.5
  endloop
endfacet
facet normal 0.0 0.0 0.0
  outer loop
    vertex 7.96034049987793 -14.738775253295898 9.0
    vertex 7.96034049987793 -14.738775253295898 4.5
    vertex 8.163129806518555 -14.632333755493164 9.0
  endloop
endfacet
facet normal 0.0 0.0 0.0
  outer loop
    vertex 8.163129806518555 -14.632333755493164 9.0
    vertex 7.96034049987793 -14.738775253295898 4.5
    vertex 8.163129806518555 -14.632333755493164 4.5
  endloop
endfacet
facet normal 0.0 0.0 0.0
  outer loop
    vertex 8.163129806518555 -14.632333755493164 9.0
    vertex 8.163129806518555 -14.632333755493164 4.5
    vertex 8.385490417480469 -14.577533721923828 9.0
  endloop
endfacet
facet normal 0.0 0.0 0.0
  outer loop
    vertex 8.385490417480469 -14.577533721923828 9.0
    vertex 8.163129806518555 -14.632333755493164 4.5
    vertex 8.385490417480469 -14.577533721923828 4.5
  endloop
endfacet
facet normal 0.0 0.0 0.0
  outer loop
    vertex 8.385490417480469 -14.577533721923828 9.0
    vertex 8.385490417480469 -14.577533721923828 4.5
    vertex 8.614509582519531 -14.577533721923828 9.0
  endloop
endfacet
facet normal 0.0 0.0 0.0
  outer loop
    vertex 8.614509582519531 -14.577533721923828 9.0
    vertex 8.385490417480469 -14.577533721923828 4.5
    vertex 8.614509582519531 -14.577533721923828 4.5
  endloop
endfacet
facet normal 0.0 0.0 0.0
  outer loop
    vertex 8.614509582519531 -14.577533721923828 9.0
    vertex 8.614509582519531 -14.577533721923828 4.5
    vertex 8.836870193481445 -14.632333755493164 9.0
  endloop
endfacet
facet normal 0.0 0.0 0.0
  outer loop
    vertex 8.836870193481445 -14.632333755493164 9.0
    vertex 8.614509582519531 -14.577533721923828 4.5
    vertex 8.836870193481445 -14.632333755493164 4.5
  endloop
endfacet
facet normal 0.0 0.0 0.0
  outer loop
    vertex 8.836870193481445 -14.632333755493164 9.0
    vertex 8.836870193481445 -14.632333755493164 4.5
    vertex 9.03965950012207 -14.738775253295898 9.0
  endloop
endfacet
facet normal 0.0 0.0 0.0
  outer loop
    vertex 9.03965950012207 -14.738775253295898 9.0
    vertex 8.836870193481445 -14.632333755493164 4.5
    vertex 9.03965950012207 -14.738775253295898 4.5
  endloop
endfacet
facet normal 0.0 0.0 0.0
  outer loop
    vertex 9.03965950012207 -14.738775253295898 9.0
    vertex 9.03965950012207 -14.738775253295898 4.5
    vertex 9.211090087890625 -14.890634536743164 9.0
  endloop
endfacet
facet normal 0.0 0.0 0.0
  outer loop
    vertex 9.211090087890625 -14.890634536743164 9.0
    vertex 9.03965950012207 -14.738775253295898 4.5
    vertex 9.211090087890625 -14.890634536743164 4.5
  endloop
endfacet
facet normal 0.0 0.0 0.0
  outer loop
    vertex 9.211090087890625 -14.890634536743164 9.0
    vertex 9.211090087890625 -14.890634536743164 4.5
    vertex 9.341180801391602 -15.07911491394043 9.0
  endloop
endfacet
facet normal 0.0 0.0 0.0
  outer loop
    vertex 9.341180801391602 -15.07911491394043 9.0
    vertex 9.211090087890625 -14.890634536743164 4.5
    vertex 9.341180801391602 -15.07911491394043 4.5
  endloop
endfacet
facet normal 0.0 0.0 0.0
  outer loop
    vertex 9.341180801391602 -15.07911491394043 9.0
    vertex 9.341180801391602 -15.07911491394043 4.5
    vertex 9.42238998413086 -15.293254852294922 9.0
  endloop
endfacet
facet normal 0.0 0.0 0.0
  outer loop
    vertex 9.42238998413086 -15.293254852294922 9.0
    vertex 9.341180801391602 -15.07911491394043 4.5
    vertex 9.42238998413086 -15.293254852294922 4.5
  endloop
endfacet
facet normal 0.0 0.0 0.0
  outer loop
    vertex 9.42238998413086 -15.293254852294922 9.0
    vertex 9.42238998413086 -15.293254852294922 4.5
    vertex 9.450000762939453 -15.520605087280273 9.0
  endloop
endfacet
facet normal 0.0 0.0 0.0
  outer loop
    vertex 9.450000762939453 -15.520605087280273 9.0
    vertex 9.42238998413086 -15.293254852294922 4.5
    vertex 9.450000762939453 -15.520605087280273 4.5
  endloop
endfacet
facet normal 0.0 0.0 0.0
  outer loop
    vertex 9.450000762939453 -15.520605087280273 9.0
    vertex 9.450000762939453 -15.520605087280273 4.5
    vertex 9.42238998413086 -15.747955322265625 9.0
  endloop
endfacet
facet normal 0.0 0.0 0.0
  outer loop
    vertex 9.42238998413086 -15.747955322265625 9.0
    vertex 9.450000762939453 -15.520605087280273 4.5
    vertex 9.42238998413086 -15.747955322265625 4.5
  endloop
endfacet
facet normal 0.0 0.0 0.0
  outer loop
    vertex 9.42238998413086 -15.747955322265625 9.0
    vertex 9.42238998413086 -15.747955322265625 4.5
    vertex 9.341180801391602 -15.962095260620117 9.0
  endloop
endfacet
facet normal 0.0 0.0 0.0
  outer loop
    vertex 9.341180801391602 -15.962095260620117 9.0
    vertex 9.42238998413086 -15.747955322265625 4.5
    vertex 9.341180801391602 -15.962095260620117 4.5
  endloop
endfacet
facet normal 0.0 0.0 0.0
  outer loop
    vertex 9.341180801391602 -15.962095260620117 9.0
    vertex 9.341180801391602 -15.962095260620117 4.5
    vertex 9.211090087890625 -16.15057373046875 9.0
  endloop
endfacet
facet normal 0.0 0.0 0.0
  outer loop
    vertex 9.211090087890625 -16.15057373046875 9.0
    vertex 9.341180801391602 -15.962095260620117 4.5
    vertex 9.211090087890625 -16.15057373046875 4.5
  endloop
endfacet
facet normal 0.0 0.0 0.0
  outer loop
    vertex 9.211090087890625 -16.15057373046875 9.0
    vertex 9.211090087890625 -16.15057373046875 4.5
    vertex 9.03965950012207 -16.30243492126465 9.0
  endloop
endfacet
facet normal 0.0 0.0 0.0
  outer loop
    vertex 9.03965950012207 -16.30243492126465 9.0
    vertex 9.211090087890625 -16.15057373046875 4.5
    vertex 9.03965950012207 -16.30243492126465 4.5
  endloop
endfacet
facet normal 0.0 0.0 0.0
  outer loop
    vertex 9.03965950012207 -16.30243492126465 9.0
    vertex 9.03965950012207 -16.30243492126465 4.5
    vertex 8.836870193481445 -16.40887451171875 9.0
  endloop
endfacet
facet normal 0.0 0.0 0.0
  outer loop
    vertex 8.836870193481445 -16.40887451171875 9.0
    vertex 9.03965950012207 -16.30243492126465 4.5
    vertex 8.836870193481445 -16.40887451171875 4.5
  endloop
endfacet
facet normal 0.0 0.0 0.0
  outer loop
    vertex 8.836870193481445 -16.40887451171875 9.0
    vertex 8.836870193481445 -16.40887451171875 4.5
    vertex 8.614509582519531 -16.463674545288086 9.0
  endloop
endfacet
facet normal 0.0 0.0 0.0
  outer loop
    vertex 8.614509582519531 -16.463674545288086 9.0
    vertex 8.836870193481445 -16.40887451171875 4.5
    vertex 8.614509582519531 -16.463674545288086 4.5
  endloop
endfacet
facet normal 0.0 0.0 0.0
  outer loop
    vertex 8.614509582519531 -16.463674545288086 9.0
    vertex 8.614509582519531 -16.463674545288086 4.5
    vertex 8.385490417480469 -16.463674545288086 9.0
  endloop
endfacet
facet normal 0.0 0.0 0.0
  outer loop
    vertex 8.385490417480469 -16.463674545288086 9.0
    vertex 8.614509582519531 -16.463674545288086 4.5
    vertex 8.385490417480469 -16.463674545288086 4.5
  endloop
endfacet
facet normal 0.0 0.0 0.0
  outer loop
    vertex 8.385490417480469 -16.463674545288086 9.0
    vertex 8.385490417480469 -16.463674545288086 4.5
    vertex 8.163129806518555 -16.40887451171875 9.0
  endloop
endfacet
facet normal 0.0 0.0 0.0
  outer loop
    vertex 8.163129806518555 -16.40887451171875 9.0
    vertex 8.385490417480469 -16.463674545288086 4.5
    vertex 8.163129806518555 -16.40887451171875 4.5
  endloop
endfacet
facet normal 0.0 0.0 0.0
  outer loop
    vertex 8.163129806518555 -16.40887451171875 9.0
    vertex 8.163129806518555 -16.40887451171875 4.5
    vertex 7.96034049987793 -16.30243492126465 9.0
  endloop
endfacet
facet normal 0.0 0.0 0.0
  outer loop
    vertex 7.96034049987793 -16.30243492126465 9.0
    vertex 8.163129806518555 -16.40887451171875 4.5
    vertex 7.96034049987793 -16.30243492126465 4.5
  endloop
endfacet
facet normal 0.0 0.0 0.0
  outer loop
    vertex 7.96034049987793 -16.30243492126465 9.0
    vertex 7.96034049987793 -16.30243492126465 4.5
    vertex 7.788909912109375 -16.15057373046875 9.0
  endloop
endfacet
facet normal 0.0 0.0 0.0
  outer loop
    vertex 7.788909912109375 -16.15057373046875 9.0
    vertex 7.96034049987793 -16.30243492126465 4.5
    vertex 7.788909912109375 -16.15057373046875 4.5
  endloop
endfacet
facet normal 0.0 0.0 0.0
  outer loop
    vertex 7.788909912109375 -16.15057373046875 9.0
    vertex 7.788909912109375 -16.15057373046875 4.5
    vertex 7.658819198608398 -15.962095260620117 9.0
  endloop
endfacet
facet normal 0.0 0.0 0.0
  outer loop
    vertex 7.658819198608398 -15.962095260620117 9.0
    vertex 7.788909912109375 -16.15057373046875 4.5
    vertex 7.658819198608398 -15.962095260620117 4.5
  endloop
endfacet
facet normal 0.0 0.0 0.0
  outer loop
    vertex 7.658819198608398 -15.962095260620117 9.0
    vertex 7.658819198608398 -15.962095260620117 4.5
    vertex 7.577610015869141 -15.747955322265625 9.0
  endloop
endfacet
facet normal 0.0 0.0 0.0
  outer loop
    vertex 7.577610015869141 -15.747955322265625 9.0
    vertex 7.658819198608398 -15.962095260620117 4.5
    vertex 7.577610015869141 -15.747955322265625 4.5
  endloop
endfacet
facet normal 0.0 0.0 0.0
  outer loop
    vertex 7.577610015869141 -15.293254852294922 0.0
    vertex 7.577610015869141 -15.293254852294922 4.5
    vertex 7.549999237060547 -15.520605087280273 0.0
  endloop
endfacet
facet normal 0.0 0.0 0.0
  outer loop
    vertex 7.549999237060547 -15.520605087280273 0.0
    vertex 7.577610015869141 -15.293254852294922 4.5
    vertex 7.549999237060547 -15.520605087280273 4.5
  endloop
endfacet
facet normal 0.0 0.0 0.0
  outer loop
    vertex 7.549999237060547 -15.520605087280273 0.0
    vertex 7.549999237060547 -15.520605087280273 4.5
    vertex 7.577610015869141 -15.747955322265625 0.0
  endloop
endfacet
facet normal 0.0 0.0 0.0
  outer loop
    vertex 7.577610015869141 -15.747955322265625 0.0
    vertex 7.549999237060547 -15.520605087280273 4.5
    vertex 7.577610015869141 -15.747955322265625 4.5
  endloop
endfacet
facet normal 0.0 0.0 0.0
  outer loop
    vertex 7.577610015869141 -15.747955322265625 0.0
    vertex 7.577610015869141 -15.747955322265625 4.5
    vertex 7.658819198608398 -15.962095260620117 0.0
  endloop
endfacet
facet normal 0.0 0.0 0.0
  outer loop
    vertex 7.658819198608398 -15.962095260620117 0.0
    vertex 7.577610015869141 -15.747955322265625 4.5
    vertex 7.658819198608398 -15.962095260620117 4.5
  endloop
endfacet
facet normal 0.0 0.0 0.0
  outer loop
    vertex 7.658819198608398 -15.962095260620117 0.0
    vertex 7.658819198608398 -15.962095260620117 4.5
    vertex 7.788909912109375 -16.15057373046875 0.0
  endloop
endfacet
facet normal 0.0 0.0 0.0
  outer loop
    vertex 7.788909912109375 -16.15057373046875 0.0
    vertex 7.658819198608398 -15.962095260620117 4.5
    vertex 7.788909912109375 -16.15057373046875 4.5
  endloop
endfacet
facet normal 0.0 0.0 0.0
  outer loop
    vertex 7.788909912109375 -16.15057373046875 0.0
    vertex 7.788909912109375 -16.15057373046875 4.5
    vertex 7.96034049987793 -16.30243492126465 0.0
  endloop
endfacet
facet normal 0.0 0.0 0.0
  outer loop
    vertex 7.96034049987793 -16.30243492126465 0.0
    vertex 7.788909912109375 -16.15057373046875 4.5
    vertex 7.96034049987793 -16.30243492126465 4.5
  endloop
endfacet
facet normal 0.0 0.0 0.0
  outer loop
    vertex 7.96034049987793 -16.30243492126465 0.0
    vertex 7.96034049987793 -16.30243492126465 4.5
    vertex 8.163129806518555 -16.40887451171875 0.0
  endloop
endfacet
facet normal 0.0 0.0 0.0
  outer loop
    vertex 8.163129806518555 -16.40887451171875 0.0
    vertex 7.96034049987793 -16.30243492126465 4.5
    vertex 8.163129806518555 -16.40887451171875 4.5
  endloop
endfacet
facet normal 0.0 0.0 0.0
  outer loop
    vertex 8.163129806518555 -16.40887451171875 0.0
    vertex 8.163129806518555 -16.40887451171875 4.5
    vertex 8.385490417480469 -16.463674545288086 0.0
  endloop
endfacet
facet normal 0.0 0.0 0.0
  outer loop
    vertex 8.385490417480469 -16.463674545288086 0.0
    vertex 8.163129806518555 -16.40887451171875 4.5
    vertex 8.385490417480469 -16.463674545288086 4.5
  endloop
endfacet
facet normal 0.0 0.0 0.0
  outer loop
    vertex 8.385490417480469 -16.463674545288086 0.0
    vertex 8.385490417480469 -16.463674545288086 4.5
    vertex 8.614509582519531 -16.463674545288086 0.0
  endloop
endfacet
facet normal 0.0 0.0 0.0
  outer loop
    vertex 8.614509582519531 -16.463674545288086 0.0
    vertex 8.385490417480469 -16.463674545288086 4.5
    vertex 8.614509582519531 -16.463674545288086 4.5
  endloop
endfacet
facet normal 0.0 0.0 0.0
  outer loop
    vertex 8.614509582519531 -16.463674545288086 0.0
    vertex 8.614509582519531 -16.463674545288086 4.5
    vertex 8.836870193481445 -16.40887451171875 0.0
  endloop
endfacet
facet normal 0.0 0.0 0.0
  outer loop
    vertex 8.836870193481445 -16.40887451171875 0.0
    vertex 8.614509582519531 -16.463674545288086 4.5
    vertex 8.836870193481445 -16.40887451171875 4.5
  endloop
endfacet
facet normal 0.0 0.0 0.0
  outer loop
    vertex 8.836870193481445 -16.40887451171875 0.0
    vertex 8.836870193481445 -16.40887451171875 4.5
    vertex 9.03965950012207 -16.30243492126465 0.0
  endloop
endfacet
facet normal 0.0 0.0 0.0
  outer loop
    vertex 9.03965950012207 -16.30243492126465 0.0
    vertex 8.836870193481445 -16.40887451171875 4.5
    vertex 9.03965950012207 -16.30243492126465 4.5
  endloop
endfacet
facet normal 0.0 0.0 0.0
  outer loop
    vertex 9.03965950012207 -16.30243492126465 0.0
    vertex 9.03965950012207 -16.30243492126465 4.5
    vertex 9.211090087890625 -16.15057373046875 0.0
  endloop
endfacet
facet normal 0.0 0.0 0.0
  outer loop
    vertex 9.211090087890625 -16.15057373046875 0.0
    vertex 9.03965950012207 -16.30243492126465 4.5
    vertex 9.211090087890625 -16.15057373046875 4.5
  endloop
endfacet
facet normal 0.0 0.0 0.0
  outer loop
    vertex 9.211090087890625 -16.15057373046875 0.0
    vertex 9.211090087890625 -16.15057373046875 4.5
    vertex 9.341180801391602 -15.962095260620117 0.0
  endloop
endfacet
facet normal 0.0 0.0 0.0
  outer loop
    vertex 9.341180801391602 -15.962095260620117 0.0
    vertex 9.211090087890625 -16.15057373046875 4.5
    vertex 9.341180801391602 -15.962095260620117 4.5
  endloop
endfacet
facet normal 0.0 0.0 0.0
  outer loop
    vertex 9.341180801391602 -15.962095260620117 0.0
    vertex 9.341180801391602 -15.962095260620117 4.5
    vertex 9.42238998413086 -15.747955322265625 0.0
  endloop
endfacet
facet normal 0.0 0.0 0.0
  outer loop
    vertex 9.42238998413086 -15.747955322265625 0.0
    vertex 9.341180801391602 -15.962095260620117 4.5
    vertex 9.42238998413086 -15.747955322265625 4.5
  endloop
endfacet
facet normal 0.0 0.0 0.0
  outer loop
    vertex 9.42238998413086 -15.747955322265625 0.0
    vertex 9.42238998413086 -15.747955322265625 4.5
    vertex 9.450000762939453 -15.520605087280273 0.0
  endloop
endfacet
facet normal 0.0 0.0 0.0
  outer loop
    vertex 9.450000762939453 -15.520605087280273 0.0
    vertex 9.42238998413086 -15.747955322265625 4.5
    vertex 9.450000762939453 -15.520605087280273 4.5
  endloop
endfacet
facet normal 0.0 0.0 0.0
  outer loop
    vertex 9.450000762939453 -15.520605087280273 0.0
    vertex 9.450000762939453 -15.520605087280273 4.5
    vertex 9.42238998413086 -15.293254852294922 0.0
  endloop
endfacet
facet normal 0.0 0.0 0.0
  outer loop
    vertex 9.42238998413086 -15.293254852294922 0.0
    vertex 9.450000762939453 -15.520605087280273 4.5
    vertex 9.42238998413086 -15.293254852294922 4.5
  endloop
endfacet
facet normal 0.0 0.0 0.0
  outer loop
    vertex 9.42238998413086 -15.293254852294922 0.0
    vertex 9.42238998413086 -15.293254852294922 4.5
    vertex 9.341180801391602 -15.07911491394043 0.0
  endloop
endfacet
facet normal 0.0 0.0 0.0
  outer loop
    vertex 9.341180801391602 -15.07911491394043 0.0
    vertex 9.42238998413086 -15.293254852294922 4.5
    vertex 9.341180801391602 -15.07911491394043 4.5
  endloop
endfacet
facet normal 0.0 0.0 0.0
  outer loop
    vertex 9.341180801391602 -15.07911491394043 0.0
    vertex 9.341180801391602 -15.07911491394043 4.5
    vertex 9.211090087890625 -14.890634536743164 0.0
  endloop
endfacet
facet normal 0.0 0.0 0.0
  outer loop
    vertex 9.211090087890625 -14.890634536743164 0.0
    vertex 9.341180801391602 -15.07911491394043 4.5
    vertex 9.211090087890625 -14.890634536743164 4.5
  endloop
endfacet
facet normal 0.0 0.0 0.0
  outer loop
    vertex 9.211090087890625 -14.890634536743164 0.0
    vertex 9.211090087890625 -14.890634536743164 4.5
    vertex 9.03965950012207 -14.738775253295898 0.0
  endloop
endfacet
facet normal 0.0 0.0 0.0
  outer loop
    vertex 9.03965950012207 -14.738775253295898 0.0
    vertex 9.211090087890625 -14.890634536743164 4.5
    vertex 9.03965950012207 -14.738775253295898 4.5
  endloop
endfacet
facet normal 0.0 0.0 0.0
  outer loop
    vertex 9.03965950012207 -14.738775253295898 0.0
    vertex 9.03965950012207 -14.738775253295898 4.5
    vertex 8.836870193481445 -14.632333755493164 0.0
  endloop
endfacet
facet normal 0.0 0.0 0.0
  outer loop
    vertex 8.836870193481445 -14.632333755493164 0.0
    vertex 9.03965950012207 -14.738775253295898 4.5
    vertex 8.836870193481445 -14.632333755493164 4.5
  endloop
endfacet
facet normal 0.0 0.0 0.0
  outer loop
    vertex 8.836870193481445 -14.632333755493164 0.0
    vertex 8.836870193481445 -14.632333755493164 4.5
    vertex 8.614509582519531 -14.577533721923828 0.0
  endloop
endfacet
facet normal 0.0 0.0 0.0
  outer loop
    vertex 8.614509582519531 -14.577533721923828 0.0
    vertex 8.836870193481445 -14.632333755493164 4.5
    vertex 8.614509582519531 -14.577533721923828 4.5
  endloop
endfacet
facet normal 0.0 0.0 0.0
  outer loop
    vertex 8.614509582519531 -14.577533721923828 0.0
    vertex 8.614509582519531 -14.577533721923828 4.5
    vertex 8.385490417480469 -14.577533721923828 0.0
  endloop
endfacet
facet normal 0.0 0.0 0.0
  outer loop
    vertex 8.385490417480469 -14.577533721923828 0.0
    vertex 8.614509582519531 -14.577533721923828 4.5
    vertex 8.385490417480469 -14.577533721923828 4.5
  endloop
endfacet
facet normal 0.0 0.0 0.0
  outer loop
    vertex 8.385490417480469 -14.577533721923828 0.0
    vertex 8.385490417480469 -14.577533721923828 4.5
    vertex 8.163129806518555 -14.632333755493164 0.0
  endloop
endfacet
facet normal 0.0 0.0 0.0
  outer loop
    vertex 8.163129806518555 -14.632333755493164 0.0
    vertex 8.385490417480469 -14.577533721923828 4.5
    vertex 8.163129806518555 -14.632333755493164 4.5
  endloop
endfacet
facet normal 0.0 0.0 0.0
  outer loop
    vertex 8.163129806518555 -14.632333755493164 0.0
    vertex 8.163129806518555 -14.632333755493164 4.5
    vertex 7.96034049987793 -14.738775253295898 0.0
  endloop
endfacet
facet normal 0.0 0.0 0.0
  outer loop
    vertex 7.96034049987793 -14.738775253295898 0.0
    vertex 8.163129806518555 -14.632333755493164 4.5
    vertex 7.96034049987793 -14.738775253295898 4.5
  endloop
endfacet
facet normal 0.0 0.0 0.0
  outer loop
    vertex 7.96034049987793 -14.738775253295898 0.0
    vertex 7.96034049987793 -14.738775253295898 4.5
    vertex 7.788909912109375 -14.890634536743164 0.0
  endloop
endfacet
facet normal 0.0 0.0 0.0
  outer loop
    vertex 7.788909912109375 -14.890634536743164 0.0
    vertex 7.96034049987793 -14.738775253295898 4.5
    vertex 7.788909912109375 -14.890634536743164 4.5
  endloop
endfacet
facet normal 0.0 0.0 0.0
  outer loop
    vertex 7.788909912109375 -14.890634536743164 0.0
    vertex 7.788909912109375 -14.890634536743164 4.5
    vertex 7.658819198608398 -15.07911491394043 0.0
  endloop
endfacet
facet normal 0.0 0.0 0.0
  outer loop
    vertex 7.658819198608398 -15.07911491394043 0.0
    vertex 7.788909912109375 -14.890634536743164 4.5
    vertex 7.658819198608398 -15.07911491394043 4.5
  endloop
endfacet
facet normal 0.0 0.0 0.0
  outer loop
    vertex 7.658819198608398 -15.07911491394043 0.0
    vertex 7.658819198608398 -15.07911491394043 4.5
    vertex 7.577610015869141 -15.293254852294922 0.0
  endloop
endfacet
facet normal 0.0 0.0 0.0
  outer loop
    vertex 7.577610015869141 -15.293254852294922 0.0
    vertex 7.658819198608398 -15.07911491394043 4.5
    vertex 7.577610015869141 -15.293254852294922 4.5
  endloop
endfacet
facet normal 0.0 0.0 0.0
  outer loop
    vertex 7.577610015869141 -15.293254852294922 9.0
    vertex 4.528079986572266 -15.047513961791992 9.0
    vertex 7.549999237060547 -15.520605087280273 9.0
  endloop
endfacet
facet normal 0.0 0.0 0.0
  outer loop
    vertex 7.549999237060547 -15.520605087280273 9.0
    vertex 4.528079986572266 -15.047513961791992 9.0
    vertex 4.5 -15.520605087280273 9.0
  endloop
endfacet
facet normal 0.0 0.0 0.0
  outer loop
    vertex 7.549999237060547 -15.520605087280273 9.0
    vertex 4.5 -15.520605087280273 9.0
    vertex 4.528079986572266 -15.993694305419922 9.0
  endloop
endfacet
facet normal 0.0 0.0 0.0
  outer loop
    vertex 7.658819198608398 -15.07911491394043 9.0
    vertex 4.7503204345703125 -14.12779426574707 9.0
    vertex 7.577610015869141 -15.293254852294922 9.0
  endloop
endfacet
facet normal 0.0 0.0 0.0
  outer loop
    vertex 7.577610015869141 -15.293254852294922 9.0
    vertex 4.7503204345703125 -14.12779426574707 9.0
    vertex 4.611909866333008 -14.581064224243164 9.0
  endloop
endfacet
facet normal 0.0 0.0 0.0
  outer loop
    vertex 7.577610015869141 -15.293254852294922 9.0
    vertex 4.611909866333008 -14.581064224243164 9.0
    vertex 4.528079986572266 -15.047513961791992 9.0
  endloop
endfacet
facet normal 0.0 0.0 0.0
  outer loop
    vertex 7.788909912109375 -14.890634536743164 9.0
    vertex 5.182379722595215 -13.286014556884766 9.0
    vertex 7.658819198608398 -15.07911491394043 9.0
  endloop
endfacet
facet normal 0.0 0.0 0.0
  outer loop
    vertex 7.658819198608398 -15.07911491394043 9.0
    vertex 5.182379722595215 -13.286014556884766 9.0
    vertex 4.941370010375977 -13.694084167480469 9.0
  endloop
endfacet
facet normal 0.0 0.0 0.0
  outer loop
    vertex 7.658819198608398 -15.07911491394043 9.0
    vertex 4.941370010375977 -13.694084167480469 9.0
    vertex 4.7503204345703125 -14.12779426574707 9.0
  endloop
endfacet
facet normal 0.0 0.0 0.0
  outer loop
    vertex 7.96034049987793 -14.738775253295898 9.0
    vertex 5.800069808959961 -12.56927490234375 9.0
    vertex 7.788909912109375 -14.890634536743164 9.0
  endloop
endfacet
facet normal 0.0 0.0 0.0
  outer loop
    vertex 7.788909912109375 -14.890634536743164 9.0
    vertex 5.800069808959961 -12.56927490234375 9.0
    vertex 5.4699602127075195 -12.90931510925293 9.0
  endloop
endfacet
facet normal 0.0 0.0 0.0
  outer loop
    vertex 7.788909912109375 -14.890634536743164 9.0
    vertex 5.4699602127075195 -12.90931510925293 9.0
    vertex 5.182379722595215 -13.286014556884766 9.0
  endloop
endfacet
facet normal 0.0 0.0 0.0
  outer loop
    vertex 8.163129806518555 -14.632333755493164 9.0
    vertex 6.568829536437988 -12.017663955688477 9.0
    vertex 7.96034049987793 -14.738775253295898 9.0
  endloop
endfacet
facet normal 0.0 0.0 0.0
  outer loop
    vertex 7.96034049987793 -14.738775253295898 9.0
    vertex 6.568829536437988 -12.017663955688477 9.0
    vertex 6.1680803298950195 -12.270654678344727 9.0
  endloop
endfacet
facet normal 0.0 0.0 0.0
  outer loop
    vertex 7.96034049987793 -14.738775253295898 9.0
    vertex 6.1680803298950195 -12.270654678344727 9.0
    vertex 5.800069808959961 -12.56927490234375 9.0
  endloop
endfacet
facet normal 0.0 0.0 0.0
  outer loop
    vertex 8.385490417480469 -14.577533721923828 9.0
    vertex 7.445650100708008 -11.662063598632812 9.0
    vertex 8.163129806518555 -14.632333755493164 9.0
  endloop
endfacet
facet normal 0.0 0.0 0.0
  outer loop
    vertex 8.163129806518555 -14.632333755493164 9.0
    vertex 7.445650100708008 -11.662063598632812 9.0
    vertex 6.996689796447754 -11.813844680786133 9.0
  endloop
endfacet
facet normal 0.0 0.0 0.0
  outer loop
    vertex 8.163129806518555 -14.632333755493164 9.0
    vertex 6.996689796447754 -11.813844680786133 9.0
    vertex 6.568829536437988 -12.017663955688477 9.0
  endloop
endfacet
facet normal 0.0 0.0 0.0
  outer loop
    vertex 8.614509582519531 -14.577533721923828 9.0
    vertex 8.3814697265625 -11.522363662719727 9.0
    vertex 8.385490417480469 -14.577533721923828 9.0
  endloop
endfacet
facet normal 0.0 0.0 0.0
  outer loop
    vertex 8.385490417480469 -14.577533721923828 9.0
    vertex 8.3814697265625 -11.522363662719727 9.0
    vertex 7.90941047668457 -11.564443588256836 9.0
  endloop
endfacet
facet normal 0.0 0.0 0.0
  outer loop
    vertex 8.385490417480469 -14.577533721923828 9.0
    vertex 7.90941047668457 -11.564443588256836 9.0
    vertex 7.445650100708008 -11.662063598632812 9.0
  endloop
endfacet
facet normal 0.0 0.0 0.0
  outer loop
    vertex 8.836870193481445 -14.632333755493164 9.0
    vertex 9.323909759521484 -11.606374740600586 9.0
    vertex 8.614509582519531 -14.577533721923828 9.0
  endloop
endfacet
facet normal 0.0 0.0 0.0
  outer loop
    vertex 8.614509582519531 -14.577533721923828 9.0
    vertex 9.323909759521484 -11.606374740600586 9.0
    vertex 8.855180740356445 -11.53640365600586 9.0
  endloop
endfacet
facet normal 0.0 0.0 0.0
  outer loop
    vertex 8.614509582519531 -14.577533721923828 9.0
    vertex 8.855180740356445 -11.53640365600586 9.0
    vertex 8.3814697265625 -11.522363662719727 9.0
  endloop
endfacet
facet normal 0.0 0.0 0.0
  outer loop
    vertex 9.03965950012207 -14.738775253295898 9.0
    vertex 10.220260620117188 -11.909414291381836 9.0
    vertex 8.836870193481445 -14.632333755493164 9.0
  endloop
endfacet
facet normal 0.0 0.0 0.0
  outer loop
    vertex 8.836870193481445 -14.632333755493164 9.0
    vertex 10.220260620117188 -11.909414291381836 9.0
    vertex 9.78108024597168 -11.731294631958008 9.0
  endloop
endfacet
facet normal 0.0 0.0 0.0
  outer loop
    vertex 8.836870193481445 -14.632333755493164 9.0
    vertex 9.78108024597168 -11.731294631958008 9.0
    vertex 9.323909759521484 -11.606374740600586 9.0
  endloop
endfacet
facet normal 0.0 0.0 0.0
  outer loop
    vertex 9.211090087890625 -14.890634536743164 9.0
    vertex 11.020349502563477 -12.414505004882812 9.0
    vertex 9.03965950012207 -14.738775253295898 9.0
  endloop
endfacet
facet normal 0.0 0.0 0.0
  outer loop
    vertex 9.03965950012207 -14.738775253295898 9.0
    vertex 11.020349502563477 -12.414505004882812 9.0
    vertex 10.635290145874023 -12.138223648071289 9.0
  endloop
endfacet
facet normal 0.0 0.0 0.0
  outer loop
    vertex 9.03965950012207 -14.738775253295898 9.0
    vertex 10.635290145874023 -12.138223648071289 9.0
    vertex 10.220260620117188 -11.909414291381836 9.0
  endloop
endfacet
facet normal 0.0 0.0 0.0
  outer loop
    vertex 9.341180801391602 -15.07911491394043 9.0
    vertex 11.679420471191406 -13.093404769897461 9.0
    vertex 9.211090087890625 -14.890634536743164 9.0
  endloop
endfacet
facet normal 0.0 0.0 0.0
  outer loop
    vertex 9.211090087890625 -14.890634536743164 9.0
    vertex 11.679420471191406 -13.093404769897461 9.0
    vertex 11.37002944946289 -12.734403610229492 9.0
  endloop
endfacet
facet normal 0.0 0.0 0.0
  outer loop
    vertex 9.211090087890625 -14.890634536743164 9.0
    vertex 11.37002944946289 -12.734403610229492 9.0
    vertex 11.020349502563477 -12.414505004882812 9.0
  endloop
endfacet
facet normal 0.0 0.0 0.0
  outer loop
    vertex 9.42238998413086 -15.293254852294922 9.0
    vertex 12.160579681396484 -13.908113479614258 9.0
    vertex 9.341180801391602 -15.07911491394043 9.0
  endloop
endfacet
facet normal 0.0 0.0 0.0
  outer loop
    vertex 9.341180801391602 -15.07911491394043 9.0
    vertex 12.160579681396484 -13.908113479614258 9.0
    vertex 11.944169998168945 -13.48648452758789 9.0
  endloop
endfacet
facet normal 0.0 0.0 0.0
  outer loop
    vertex 9.341180801391602 -15.07911491394043 9.0
    vertex 11.944169998168945 -13.48648452758789 9.0
    vertex 11.679420471191406 -13.093404769897461 9.0
  endloop
endfacet
facet normal 0.0 0.0 0.0
  outer loop
    vertex 9.450000762939453 -15.520605087280273 9.0
    vertex 12.436920166015625 -14.813043594360352 9.0
    vertex 9.42238998413086 -15.293254852294922 9.0
  endloop
endfacet
facet normal 0.0 0.0 0.0
  outer loop
    vertex 9.42238998413086 -15.293254852294922 9.0
    vertex 12.436920166015625 -14.813043594360352 9.0
    vertex 12.325599670410156 -14.352375030517578 9.0
  endloop
endfacet
facet normal 0.0 0.0 0.0
  outer loop
    vertex 9.42238998413086 -15.293254852294922 9.0
    vertex 12.325599670410156 -14.352375030517578 9.0
    vertex 12.160579681396484 -13.908113479614258 9.0
  endloop
endfacet
facet normal 0.0 0.0 0.0
  outer loop
    vertex 9.42238998413086 -15.747955322265625 9.0
    vertex 12.436920166015625 -16.228164672851562 9.0
    vertex 9.450000762939453 -15.520605087280273 9.0
  endloop
endfacet
facet normal 0.0 0.0 0.0
  outer loop
    vertex 9.450000762939453 -15.520605087280273 9.0
    vertex 12.436920166015625 -16.228164672851562 9.0
    vertex 12.492969512939453 -15.757564544677734 9.0
  endloop
endfacet
facet normal 0.0 0.0 0.0
  outer loop
    vertex 9.450000762939453 -15.520605087280273 9.0
    vertex 12.492969512939453 -15.757564544677734 9.0
    vertex 12.492969512939453 -15.28364372253418 9.0
  endloop
endfacet
facet normal 0.0 0.0 0.0
  outer loop
    vertex 9.341180801391602 -15.962095260620117 9.0
    vertex 12.160579681396484 -17.133094787597656 9.0
    vertex 9.42238998413086 -15.747955322265625 9.0
  endloop
endfacet
facet normal 0.0 0.0 0.0
  outer loop
    vertex 9.42238998413086 -15.747955322265625 9.0
    vertex 12.160579681396484 -17.133094787597656 9.0
    vertex 12.325599670410156 -16.68883514404297 9.0
  endloop
endfacet
facet normal 0.0 0.0 0.0
  outer loop
    vertex 9.42238998413086 -15.747955322265625 9.0
    vertex 12.325599670410156 -16.68883514404297 9.0
    vertex 12.436920166015625 -16.228164672851562 9.0
  endloop
endfacet
facet normal 0.0 0.0 0.0
  outer loop
    vertex 12.160579681396484 -17.133094787597656 9.0
    vertex 9.341180801391602 -15.962095260620117 9.0
    vertex 11.944169998168945 -17.554723739624023 9.0
  endloop
endfacet
facet normal 0.0 0.0 0.0
  outer loop
    vertex 11.944169998168945 -17.554723739624023 9.0
    vertex 9.341180801391602 -15.962095260620117 9.0
    vertex 9.211090087890625 -16.15057373046875 9.0
  endloop
endfacet
facet normal 0.0 0.0 0.0
  outer loop
    vertex 11.944169998168945 -17.554723739624023 9.0
    vertex 9.211090087890625 -16.15057373046875 9.0
    vertex 9.03965950012207 -16.30243492126465 9.0
  endloop
endfacet
facet normal 0.0 0.0 0.0
  outer loop
    vertex 8.836870193481445 -16.40887451171875 9.0
    vertex 11.020349502563477 -18.626705169677734 9.0
    vertex 9.03965950012207 -16.30243492126465 9.0
  endloop
endfacet
facet normal 0.0 0.0 0.0
  outer loop
    vertex 9.03965950012207 -16.30243492126465 9.0
    vertex 11.020349502563477 -18.626705169677734 9.0
    vertex 11.37002944946289 -18.306804656982422 9.0
  endloop
endfacet
facet normal 0.0 0.0 0.0
  outer loop
    vertex 9.03965950012207 -16.30243492126465 9.0
    vertex 11.37002944946289 -18.306804656982422 9.0
    vertex 11.679420471191406 -17.947803497314453 9.0
  endloop
endfacet
facet normal 0.0 0.0 0.0
  outer loop
    vertex 8.614509582519531 -16.463674545288086 9.0
    vertex 9.323909759521484 -19.434833526611328 9.0
    vertex 8.836870193481445 -16.40887451171875 9.0
  endloop
endfacet
facet normal 0.0 0.0 0.0
  outer loop
    vertex 8.836870193481445 -16.40887451171875 9.0
    vertex 9.323909759521484 -19.434833526611328 9.0
    vertex 9.78108024597168 -19.309913635253906 9.0
  endloop
endfacet
facet normal 0.0 0.0 0.0
  outer loop
    vertex 8.836870193481445 -16.40887451171875 9.0
    vertex 9.78108024597168 -19.309913635253906 9.0
    vertex 10.220260620117188 -19.131793975830078 9.0
  endloop
endfacet
facet normal 0.0 0.0 0.0
  outer loop
    vertex 8.385490417480469 -16.463674545288086 9.0
    vertex 8.3814697265625 -19.518844604492188 9.0
    vertex 8.614509582519531 -16.463674545288086 9.0
  endloop
endfacet
facet normal 0.0 0.0 0.0
  outer loop
    vertex 8.614509582519531 -16.463674545288086 9.0
    vertex 8.3814697265625 -19.518844604492188 9.0
    vertex 8.855180740356445 -19.504804611206055 9.0
  endloop
endfacet
facet normal 0.0 0.0 0.0
  outer loop
    vertex 8.614509582519531 -16.463674545288086 9.0
    vertex 8.855180740356445 -19.504804611206055 9.0
    vertex 9.323909759521484 -19.434833526611328 9.0
  endloop
endfacet
facet normal 0.0 0.0 0.0
  outer loop
    vertex 8.163129806518555 -16.40887451171875 9.0
    vertex 7.445650100708008 -19.3791446685791 9.0
    vertex 8.385490417480469 -16.463674545288086 9.0
  endloop
endfacet
facet normal 0.0 0.0 0.0
  outer loop
    vertex 8.385490417480469 -16.463674545288086 9.0
    vertex 7.445650100708008 -19.3791446685791 9.0
    vertex 7.90941047668457 -19.476764678955078 9.0
  endloop
endfacet
facet normal 0.0 0.0 0.0
  outer loop
    vertex 8.385490417480469 -16.463674545288086 9.0
    vertex 7.90941047668457 -19.476764678955078 9.0
    vertex 8.3814697265625 -19.518844604492188 9.0
  endloop
endfacet
facet normal 0.0 0.0 0.0
  outer loop
    vertex 7.96034049987793 -16.30243492126465 9.0
    vertex 6.568829536437988 -19.023544311523438 9.0
    vertex 8.163129806518555 -16.40887451171875 9.0
  endloop
endfacet
facet normal 0.0 0.0 0.0
  outer loop
    vertex 8.163129806518555 -16.40887451171875 9.0
    vertex 6.568829536437988 -19.023544311523438 9.0
    vertex 6.996689796447754 -19.22736358642578 9.0
  endloop
endfacet
facet normal 0.0 0.0 0.0
  outer loop
    vertex 8.163129806518555 -16.40887451171875 9.0
    vertex 6.996689796447754 -19.22736358642578 9.0
    vertex 7.445650100708008 -19.3791446685791 9.0
  endloop
endfacet
facet normal 0.0 0.0 0.0
  outer loop
    vertex 7.788909912109375 -16.15057373046875 9.0
    vertex 5.800069808959961 -18.471935272216797 9.0
    vertex 7.96034049987793 -16.30243492126465 9.0
  endloop
endfacet
facet normal 0.0 0.0 0.0
  outer loop
    vertex 7.96034049987793 -16.30243492126465 9.0
    vertex 5.800069808959961 -18.471935272216797 9.0
    vertex 6.1680803298950195 -18.770553588867188 9.0
  endloop
endfacet
facet normal 0.0 0.0 0.0
  outer loop
    vertex 7.96034049987793 -16.30243492126465 9.0
    vertex 6.1680803298950195 -18.770553588867188 9.0
    vertex 6.568829536437988 -19.023544311523438 9.0
  endloop
endfacet
facet normal 0.0 0.0 0.0
  outer loop
    vertex 7.658819198608398 -15.962095260620117 9.0
    vertex 5.182379722595215 -17.75519371032715 9.0
    vertex 7.788909912109375 -16.15057373046875 9.0
  endloop
endfacet
facet normal 0.0 0.0 0.0
  outer loop
    vertex 7.788909912109375 -16.15057373046875 9.0
    vertex 5.182379722595215 -17.75519371032715 9.0
    vertex 5.4699602127075195 -18.131895065307617 9.0
  endloop
endfacet
facet normal 0.0 0.0 0.0
  outer loop
    vertex 7.788909912109375 -16.15057373046875 9.0
    vertex 5.4699602127075195 -18.131895065307617 9.0
    vertex 5.800069808959961 -18.471935272216797 9.0
  endloop
endfacet
facet normal 0.0 0.0 0.0
  outer loop
    vertex 7.577610015869141 -15.747955322265625 9.0
    vertex 4.7503204345703125 -16.913414001464844 9.0
    vertex 7.658819198608398 -15.962095260620117 9.0
  endloop
endfacet
facet normal 0.0 0.0 0.0
  outer loop
    vertex 7.658819198608398 -15.962095260620117 9.0
    vertex 4.7503204345703125 -16.913414001464844 9.0
    vertex 4.941370010375977 -17.347124099731445 9.0
  endloop
endfacet
facet normal 0.0 0.0 0.0
  outer loop
    vertex 7.658819198608398 -15.962095260620117 9.0
    vertex 4.941370010375977 -17.347124099731445 9.0
    vertex 5.182379722595215 -17.75519371032715 9.0
  endloop
endfacet
facet normal 0.0 0.0 0.0
  outer loop
    vertex 7.549999237060547 -15.520605087280273 9.0
    vertex 4.528079986572266 -15.993694305419922 9.0
    vertex 7.577610015869141 -15.747955322265625 9.0
  endloop
endfacet
facet normal 0.0 0.0 0.0
  outer loop
    vertex 7.577610015869141 -15.747955322265625 9.0
    vertex 4.528079986572266 -15.993694305419922 9.0
    vertex 4.611909866333008 -16.46014404296875 9.0
  endloop
endfacet
facet normal 0.0 0.0 0.0
  outer loop
    vertex 7.577610015869141 -15.747955322265625 9.0
    vertex 4.611909866333008 -16.46014404296875 9.0
    vertex 4.7503204345703125 -16.913414001464844 9.0
  endloop
endfacet
facet normal 0.0 0.0 0.0
  outer loop
    vertex 10.220260620117188 -19.131793975830078 9.0
    vertex 10.635290145874023 -18.902984619140625 9.0
    vertex 8.836870193481445 -16.40887451171875 9.0
  endloop
endfacet
facet normal 0.0 0.0 0.0
  outer loop
    vertex 8.836870193481445 -16.40887451171875 9.0
    vertex 10.635290145874023 -18.902984619140625 9.0
    vertex 11.020349502563477 -18.626705169677734 9.0
  endloop
endfacet
facet normal 0.0 0.0 0.0
  outer loop
    vertex 11.679420471191406 -17.947803497314453 9.0
    vertex 11.944169998168945 -17.554723739624023 9.0
    vertex 9.03965950012207 -16.30243492126465 9.0
  endloop
endfacet
facet normal 0.0 0.0 0.0
  outer loop
    vertex 12.492969512939453 -15.28364372253418 9.0
    vertex 12.436920166015625 -14.813043594360352 9.0
    vertex 9.450000762939453 -15.520605087280273 9.0
  endloop
endfacet
facet normal 0.0 0.0 0.0
  outer loop
    vertex 7.577610015869141 -15.747955322265625 0.0
    vertex 0.5 -19.520605087280273 0.0
    vertex 7.549999237060547 -15.520605087280273 0.0
  endloop
endfacet
facet normal 0.0 0.0 0.0
  outer loop
    vertex 7.549999237060547 -15.520605087280273 0.0
    vertex 0.5 -19.520605087280273 0.0
    vertex 0.5 -11.520605087280273 0.0
  endloop
endfacet
facet normal 0.0 0.0 0.0
  outer loop
    vertex 7.549999237060547 -15.520605087280273 0.0
    vertex 0.5 -11.520605087280273 0.0
    vertex 7.577610015869141 -15.293254852294922 0.0
  endloop
endfacet
facet normal 0.0 0.0 0.0
  outer loop
    vertex 7.577610015869141 -15.293254852294922 0.0
    vertex 0.5 -11.520605087280273 0.0
    vertex 7.658819198608398 -15.07911491394043 0.0
  endloop
endfacet
facet normal 0.0 0.0 0.0
  outer loop
    vertex 7.658819198608398 -15.07911491394043 0.0
    vertex 0.5 -11.520605087280273 0.0
    vertex 7.788909912109375 -14.890634536743164 0.0
  endloop
endfacet
facet normal 0.0 0.0 0.0
  outer loop
    vertex 7.788909912109375 -14.890634536743164 0.0
    vertex 0.5 -11.520605087280273 0.0
    vertex 7.96034049987793 -14.738775253295898 0.0
  endloop
endfacet
facet normal 0.0 0.0 0.0
  outer loop
    vertex 7.96034049987793 -14.738775253295898 0.0
    vertex 0.5 -11.520605087280273 0.0
    vertex 8.163129806518555 -14.632333755493164 0.0
  endloop
endfacet
facet normal 0.0 0.0 0.0
  outer loop
    vertex 8.163129806518555 -14.632333755493164 0.0
    vertex 0.5 -11.520605087280273 0.0
    vertex 8.385490417480469 -14.577533721923828 0.0
  endloop
endfacet
facet normal 0.0 0.0 0.0
  outer loop
    vertex 8.385490417480469 -14.577533721923828 0.0
    vertex 0.5 -11.520605087280273 0.0
    vertex 16.5 -11.520605087280273 0.0
  endloop
endfacet
facet normal 0.0 0.0 0.0
  outer loop
    vertex 8.385490417480469 -14.577533721923828 0.0
    vertex 16.5 -11.520605087280273 0.0
    vertex 8.614509582519531 -14.577533721923828 0.0
  endloop
endfacet
facet normal 0.0 0.0 0.0
  outer loop
    vertex 8.614509582519531 -14.577533721923828 0.0
    vertex 16.5 -11.520605087280273 0.0
    vertex 8.836870193481445 -14.632333755493164 0.0
  endloop
endfacet
facet normal 0.0 0.0 0.0
  outer loop
    vertex 8.836870193481445 -14.632333755493164 0.0
    vertex 16.5 -11.520605087280273 0.0
    vertex 9.03965950012207 -14.738775253295898 0.0
  endloop
endfacet
facet normal 0.0 0.0 0.0
  outer loop
    vertex 9.03965950012207 -14.738775253295898 0.0
    vertex 16.5 -11.520605087280273 0.0
    vertex 9.211090087890625 -14.890634536743164 0.0
  endloop
endfacet
facet normal 0.0 0.0 0.0
  outer loop
    vertex 9.211090087890625 -14.890634536743164 0.0
    vertex 16.5 -11.520605087280273 0.0
    vertex 9.341180801391602 -15.07911491394043 0.0
  endloop
endfacet
facet normal 0.0 0.0 0.0
  outer loop
    vertex 9.341180801391602 -15.07911491394043 0.0
    vertex 16.5 -11.520605087280273 0.0
    vertex 9.42238998413086 -15.293254852294922 0.0
  endloop
endfacet
facet normal 0.0 0.0 0.0
  outer loop
    vertex 9.42238998413086 -15.293254852294922 0.0
    vertex 16.5 -11.520605087280273 0.0
    vertex 9.450000762939453 -15.520605087280273 0.0
  endloop
endfacet
facet normal 0.0 0.0 0.0
  outer loop
    vertex 9.450000762939453 -15.520605087280273 0.0
    vertex 16.5 -11.520605087280273 0.0
    vertex 16.5 -19.520605087280273 0.0
  endloop
endfacet
facet normal 0.0 0.0 0.0
  outer loop
    vertex 9.450000762939453 -15.520605087280273 0.0
    vertex 16.5 -19.520605087280273 0.0
    vertex 9.42238998413086 -15.747955322265625 0.0
  endloop
endfacet
facet normal 0.0 0.0 0.0
  outer loop
    vertex 9.42238998413086 -15.747955322265625 0.0
    vertex 16.5 -19.520605087280273 0.0
    vertex 9.341180801391602 -15.962095260620117 0.0
  endloop
endfacet
facet normal 0.0 0.0 0.0
  outer loop
    vertex 9.341180801391602 -15.962095260620117 0.0
    vertex 16.5 -19.520605087280273 0.0
    vertex 9.211090087890625 -16.15057373046875 0.0
  endloop
endfacet
facet normal 0.0 0.0 0.0
  outer loop
    vertex 9.211090087890625 -16.15057373046875 0.0
    vertex 16.5 -19.520605087280273 0.0
    vertex 9.03965950012207 -16.30243492126465 0.0
  endloop
endfacet
facet normal 0.0 0.0 0.0
  outer loop
    vertex 9.03965950012207 -16.30243492126465 0.0
    vertex 16.5 -19.520605087280273 0.0
    vertex 8.836870193481445 -16.40887451171875 0.0
  endloop
endfacet
facet normal 0.0 0.0 0.0
  outer loop
    vertex 8.836870193481445 -16.40887451171875 0.0
    vertex 16.5 -19.520605087280273 0.0
    vertex 8.614509582519531 -16.463674545288086 0.0
  endloop
endfacet
facet normal 0.0 0.0 0.0
  outer loop
    vertex 8.614509582519531 -16.463674545288086 0.0
    vertex 16.5 -19.520605087280273 0.0
    vertex 0.5 -19.520605087280273 0.0
  endloop
endfacet
facet normal 0.0 0.0 0.0
  outer loop
    vertex 8.614509582519531 -16.463674545288086 0.0
    vertex 0.5 -19.520605087280273 0.0
    vertex 8.385490417480469 -16.463674545288086 0.0
  endloop
endfacet
facet normal 0.0 0.0 0.0
  outer loop
    vertex 8.385490417480469 -16.463674545288086 0.0
    vertex 0.5 -19.520605087280273 0.0
    vertex 8.163129806518555 -16.40887451171875 0.0
  endloop
endfacet
facet normal 0.0 0.0 0.0
  outer loop
    vertex 8.163129806518555 -16.40887451171875 0.0
    vertex 0.5 -19.520605087280273 0.0
    vertex 7.96034049987793 -16.30243492126465 0.0
  endloop
endfacet
facet normal 0.0 0.0 0.0
  outer loop
    vertex 7.96034049987793 -16.30243492126465 0.0
    vertex 0.5 -19.520605087280273 0.0
    vertex 7.788909912109375 -16.15057373046875 0.0
  endloop
endfacet
facet normal 0.0 0.0 0.0
  outer loop
    vertex 7.788909912109375 -16.15057373046875 0.0
    vertex 0.5 -19.520605087280273 0.0
    vertex 7.658819198608398 -15.962095260620117 0.0
  endloop
endfacet
facet normal 0.0 0.0 0.0
  outer loop
    vertex 7.658819198608398 -15.962095260620117 0.0
    vertex 0.5 -19.520605087280273 0.0
    vertex 7.577610015869141 -15.747955322265625 0.0
  endloop
endfacet
endsolid Uranium STLWriter Wed 09 Oct 2024 23:13:33
